siteid,sitename,datacreationdate,aqi,status,pm2.5,no,no2,o3,co,pm10,so2
313,Pingtung（fangshan）,2024-05-31 11:00,29,Good,8,0,0.5,33.5,0.08,57,0.2
312,Taichung（Rilana Elementary）,2024-05-31 11:00,17,Good,1,1.9,5.2,40.7,0.01,11,0.2
311,New Taipei(Shulin),2024-05-31 11:00,46,Good,9,2.2,13.6,28.4,0.26,23,1.1
204,Pingtung（Liuqiu）,2024-05-31 11:00,21,Good,9,1.3,1,26,0.08,16,0.5
203,Tainan（Madou）,2024-05-31 11:00,23,Good,13,2.4,6.6,28.7,0.17,24,0
202,Kaohsiung（Hunei）,2024-05-31 11:00,18,Good,5,2.5,2.2,24.3,0.11,11,0.8
201,Changhua（Yuanlin）,2024-05-31 11:00,22,Good,6,3.1,4.8,31.8,0.23,16,1.8
85,Dacheng,2024-05-31 11:00,22,Good,3,1.1,2.1,35.5,0.08,23,1.3
84,FugueiCape,2024-05-31 11:00,50,Good,20,1.6,8.7,58.4,0.29,48,0.7
83,Mailiao,2024-05-31 11:00,21,Good,3,1.3,4.1,31.1,0.15,15,1.2
80,Guanshan,2024-05-31 11:00,20,Good,3,1.4,1.1,22,0.09,10,0.5
78,Magong,2024-05-31 11:00,22,Good,1,1.9,5.5,31.4,0.16,9,0.6
77,Kinmen,2024-05-31 11:00,85,Moderate,32,2,8.7,39,0.38,30,0.6
75,Matsu,2024-05-31 11:00,54,Moderate,20,1,3,53.4,0.4,21,0.7
72,Puli,2024-05-31 11:00,22,Good,4,1.6,0.6,29,0.13,10,0.9
71,Fuxing,2024-05-31 11:00,15,Good,6,3.6,9.1,25.1,0.2,14,0.8
70,Yonghe,2024-05-31 11:00,47,Good,19,5.6,28.8,50.1,1,24,1.2
69,Zhushan,2024-05-31 11:00,27,Good,7,1.2,2.9,39.4,0.09,13,1.2
68,Zhongli,2024-05-31 11:00,39,Good,8,23.3,17.6,28.1,0.5,22,2
67,Sanchong,2024-05-31 11:00,60,Moderate,20,19.2,43.2,37.5,0.67,41,1.1
66,Dongshan,2024-05-31 11:00,24,Good,7,4.1,10.3,38.3,0.41,28,1.2
65,Yilan,2024-05-31 11:00,19,Good,11,1,4.6,50.3,0.3,16,3.3
64,Yangming,2024-05-31 11:00,30,Good,12,0.9,5.5,48.3,0.24,22,1.1
63,Hualien,2024-05-31 11:00,16,Good,1,2.8,5.3,30.3,0.28,6,0.3
62,Taitung,2024-05-31 11:00,22,Good,5,2.5,3,23.4,0.17,22,0.3
61,Hengchun,2024-05-31 11:00,24,Good,7,0.3,0.1,25.7,0.06,16,0.5
60,Chaozhou,2024-05-31 11:00,19,Good,3,2,0.7,29.3,0.07,14,0.8
59,Pingtung,2024-05-31 11:00,19,Good,2,1.4,3.7,29.5,0.18,16,0.7
58,Xiaogang,2024-05-31 11:00,37,Good,8,3.8,8.6,23.5,0.2,12,2.2
57,Qianzhen,2024-05-31 11:00,15,Good,3,3.2,8.1,26.3,0.14,11,1.7
56,Qianjin,2024-05-31 11:00,17,Good,3,3.1,6.4,27.4,0.13,12,1.3
54,Zuoying,2024-05-31 11:00,28,Good,9,2.3,5.6,30.5,0.12,11,1.1
53,Nanzi,2024-05-31 11:00,24,Good,8,3,10.2,31.6,0.16,21,0.6
52,Linyuan,2024-05-31 11:00,26,Good,5,0.1,1.5,28.7,0.09,18,1.3
51,Daliao,2024-05-31 11:00,16,Good,4,1,3,31.7,0.14,10,0.4
50,Fengshan,2024-05-31 11:00,15,Good,4,3.2,8.2,27.1,0.31,15,2.7
49,Renwu,2024-05-31 11:00,20,Good,6,1.8,6.6,35.3,0.14,10,1.2
48,Qiaotou,2024-05-31 11:00,16,Good,5,3,5.9,31.8,0.11,16,0.4
47,Meinong,2024-05-31 11:00,18,Good,1,1.1,1.7,35.5,0.12,18,0
46,Tainan,2024-05-31 11:00,21,Good,5,1.8,5.6,29.6,0.14,18,1
45,Annan,2024-05-31 11:00,19,Good,6,2.8,6.9,29.4,0.18,9,0.6
44,Shanhua,2024-05-31 11:00,19,Good,9,1.9,7.8,30.8,0.15,16,0.9
43,Xinying,2024-05-31 11:00,21,Good,0,1.5,5.5,32.9,0.21,11,1.3
42,Chiayi,2024-05-31 11:00,22,Good,,1.2,2,31.3,0.13,16,1.1
41,Taixi,2024-05-31 11:00,22,Good,2,0.7,2.9,30.2,0.13,18,1.4
40,Puzi,2024-05-31 11:00,19,Good,,2.5,6.5,28.1,0.22,13,1.1
39,Xingang,2024-05-31 11:00,22,Good,7,1.2,3.8,37.6,0.14,19,0.7
38,Lunbei,2024-05-31 11:00,19,Good,5,0.6,4,29.6,0.11,12,0.4
37,Douliu,2024-05-31 11:00,18,Good,3,1.6,3.5,30,0.18,16,0.9
36,Nantou,2024-05-31 11:00,26,Good,1,1,3.4,38.2,0.19,21,0.5
35,Erlin,2024-05-31 11:00,28,Good,9,0.7,1.2,32.2,0.08,28,1
34,Xianxi,2024-05-31 11:00,18,Good,3,2.6,2.2,33.7,0.1,14,0.5
33,Changhua,2024-05-31 11:00,19,Good,2,1.3,3.5,33.4,0.09,12,0.5
32,Xitun,2024-05-31 11:00,23,Good,8,1.4,4.4,38.2,0.12,16,0.9
31,Zhongming,2024-05-31 11:00,20,Good,4,2,5.6,37.9,0.17,17,1.9
30,Dali,2024-05-31 11:00,19,Good,5,0.6,5.4,40.8,0.17,14,1.3
29,Shalu,2024-05-31 11:00,21,Good,8,1.6,4,37.1,0.15,18,0.9
28,Fengyuan,2024-05-31 11:00,22,Good,4,2,4.3,42.5,0.18,13,
27,Sanyi,2024-05-31 11:00,23,Good,5,1.8,2.8,43.9,0.15,16,1.1
26,Miaoli,2024-05-31 11:00,20,Good,3,1.1,3.5,48.5,0.15,14,0.8
25,Toufen,2024-05-31 11:00,21,Good,4,2.6,4.9,41.8,0.19,22,2.5
24,Hsinchu,2024-05-31 11:00,23,Good,3,2.3,7.8,41.8,0.23,19,1
23,Zhudong,2024-05-31 11:00,31,Good,4,0.9,2.8,41,0.16,8,0.4
22,Hukou,2024-05-31 11:00,46,Good,13,2.3,3.2,44.2,0.17,19,0.9
21,Longtan,2024-05-31 11:00,30,Good,6,,,,,9,
20,Pingzhen,2024-05-31 11:00,33,Good,6,1.7,6.8,39.5,0.16,19,0.7
19,Guanyin,2024-05-31 11:00,45,Good,12,3.5,7,40.8,0.13,27,0
18,Dayuan,2024-05-31 11:00,36,Good,14,2.3,11.4,,0.25,32,2.3
17,Taoyuan,2024-05-31 11:00,41,Good,6,1.5,7.3,41.9,0.19,21,1.3
16,Datong,2024-05-31 11:00,55,Moderate,21,13.4,31.2,47.3,1.13,39,1.8
15,Songshan,2024-05-31 11:00,44,Good,16,5.4,22.3,47.2,0.44,24,
14,Guting,2024-05-31 11:00,34,Good,16,2,16.6,64.6,0.46,30,
13,Wanhua,2024-05-31 11:00,42,Good,22,2,24.9,58.4,0.59,36,0.9
12,Zhongshan,2024-05-31 11:00,37,Good,17,2.7,22,57.3,0.56,39,0.7
11,Shilin,2024-05-31 11:00,42,Good,13,1.5,14.8,59.7,0.32,33,1.2
10,Tamsui,2024-05-31 11:00,52,Moderate,,1.1,11.2,66.7,0.58,,2
9,Linkou,2024-05-31 11:00,36,Good,15,1.7,8.5,52.4,0.23,28,0.8
8,Cailiao,2024-05-31 11:00,40,Good,19,1.2,19.2,65.5,0.46,35,1.5
7,Xinzhuang,2024-05-31 11:00,59,Moderate,13,1.5,10.7,44.7,0.25,21,0.7
6,Banqiao,2024-05-31 11:00,49,Good,13,1.4,13.1,56.7,0.42,31,1
5,Tucheng,2024-05-31 11:00,62,Moderate,21,1.6,15.4,61.2,0.39,37,0.5
4,Xindian,2024-05-31 11:00,46,Good,20,1.8,11.5,62.4,0.41,22,1.7
3,Wanli,2024-05-31 11:00,36,Good,16,1.9,14,64.7,0.35,34,1.9
2,Xizhi,2024-05-31 11:00,46,Good,16,1.4,13.7,55.8,0.34,29,3.1
1,Keelung,2024-05-31 11:00,27,Good,7,0.9,4.1,57.3,0.27,20,1.1
313,Pingtung（fangshan）,2024-05-31 10:00,22,Good,6,0,0.3,,0.08,34,0.1
312,Taichung（Rilana Elementary）,2024-05-31 10:00,13,Good,0,1.8,4.8,35.2,0.01,8,0
311,New Taipei(Shulin),2024-05-31 10:00,50,Good,15,1.4,10.1,27.4,0.28,22,0.8
204,Pingtung（Liuqiu）,2024-05-31 10:00,19,Good,6,1.4,1.2,24,0.08,14,0.3
203,Tainan（Madou）,2024-05-31 10:00,19,Good,5,2.3,5.7,26.7,0.14,21,0.2
202,Kaohsiung（Hunei）,2024-05-31 10:00,16,Good,10,3.4,6.3,22.9,0.17,20,1.3
201,Changhua（Yuanlin）,2024-05-31 10:00,22,Good,7,2.6,4.4,30.7,0.19,16,1.7
85,Dacheng,2024-05-31 10:00,20,Good,4,1.3,1.7,30.3,0.06,16,1.2
84,FugueiCape,2024-05-31 10:00,46,Good,19,2.3,9.5,48.8,0.31,39,0.7
83,Mailiao,2024-05-31 10:00,20,Good,0,1.7,3.3,29.7,0.14,13,1.2
80,Guanshan,2024-05-31 10:00,22,Good,5,1.8,1.5,17.2,0.11,13,0.7
78,Magong,2024-05-31 10:00,22,Good,4,2.6,6.9,30.1,0.19,10,0.8
77,Kinmen,2024-05-31 10:00,84,Moderate,25,3.8,12.7,26.2,0.39,27,0.8
75,Matsu,2024-05-31 10:00,51,Moderate,18,,,44.7,0.37,18,0.8
72,Puli,2024-05-31 10:00,24,Good,5,2.6,2.3,26.7,0.17,16,1
71,Fuxing,2024-05-31 10:00,14,Good,2,3.4,8,22.2,0.24,10,1
70,Yonghe,2024-05-31 10:00,43,Good,18,16.9,26.5,32.3,1.23,23,1.4
69,Zhushan,2024-05-31 10:00,29,Good,11,1.8,2.9,29.8,0.09,11,0.9
68,Zhongli,2024-05-31 10:00,43,Good,9,30.3,24.7,16.6,0.65,21,1.8
67,Sanchong,2024-05-31 10:00,59,Moderate,19,35.4,42,28.5,1.12,29,0.9
66,Dongshan,2024-05-31 10:00,24,Good,6,4,8.3,37.5,0.28,20,1.2
65,Yilan,2024-05-31 10:00,17,Good,9,1.2,3.8,39.8,0.25,14,1.8
64,Yangming,2024-05-31 10:00,27,Good,4,1.1,3.7,38.6,0.24,11,0.9
63,Hualien,2024-05-31 10:00,18,Good,,4.9,6.5,24,0.42,,0.8
62,Taitung,2024-05-31 10:00,22,Good,6,2.9,3.4,23.6,0.21,19,0.4
61,Hengchun,2024-05-31 10:00,24,Good,9,0.4,0.1,27.5,0.07,18,
60,Chaozhou,2024-05-31 10:00,18,Good,4,2,0.8,27.9,0.07,12,0.8
59,Pingtung,2024-05-31 10:00,21,Good,2,1.6,3.2,27.4,0.15,11,0.7
58,Xiaogang,2024-05-31 10:00,52,Moderate,10,3.3,6.3,24.7,0.17,16,2.5
57,Qianzhen,2024-05-31 10:00,15,Good,5,5,9.1,22,0.19,16,2.1
56,Qianjin,2024-05-31 10:00,16,Good,4,3.6,7.7,24,0.12,20,1.3
54,Zuoying,2024-05-31 10:00,29,Good,11,3.5,7.1,24.5,0.15,15,1.2
53,Nanzi,2024-05-31 10:00,22,Good,11,4.2,12.3,23.8,0.3,28,2.2
52,Linyuan,2024-05-31 10:00,28,Good,6,0,2.1,27,0.1,21,1
51,Daliao,2024-05-31 10:00,17,Good,6,1.4,2.6,25.5,0.29,21,0.4
50,Fengshan,2024-05-31 10:00,16,Good,3,2.8,7.6,24.1,0.43,22,2.9
49,Renwu,2024-05-31 10:00,19,Good,7,2.5,7.5,28.1,0.2,12,2.3
48,Qiaotou,2024-05-31 10:00,15,Good,4,3.9,8.7,26.9,0.18,19,1.3
47,Meinong,2024-05-31 10:00,17,Good,0,1.2,2,27.7,0.12,16,0
46,Tainan,2024-05-31 10:00,20,Good,9,2.4,7.7,28.4,0.21,18,1.2
45,Annan,2024-05-31 10:00,19,Good,6,3.8,9.1,27.6,0.22,21,0.9
44,Shanhua,2024-05-31 10:00,19,Good,5,1.3,2.6,29.7,0.1,7,0.7
43,Xinying,2024-05-31 10:00,19,Good,0,1.8,4.2,26.8,0.16,8,0.9
42,Chiayi,2024-05-31 10:00,21,Good,1,1.8,2.8,26.3,0.12,11,1.1
41,Taixi,2024-05-31 10:00,21,Good,1,1,2.7,29.9,0.12,12,1.5
40,Puzi,2024-05-31 10:00,18,Good,,4.8,7,25.8,0.15,13,1.2
39,Xingang,2024-05-31 10:00,20,Good,6,1.7,4,28.6,0.12,14,
38,Lunbei,2024-05-31 10:00,19,Good,1,0.5,2.4,26.7,0.12,8,0.6
37,Douliu,2024-05-31 10:00,19,Good,2,1.3,3,36.8,0.17,12,1
36,Nantou,2024-05-31 10:00,28,Good,5,1,3.1,29.1,0.14,21,0.3
35,Erlin,2024-05-31 10:00,29,Good,5,0.7,1.8,30.9,0.09,17,1.1
34,Xianxi,2024-05-31 10:00,19,Good,2,2.7,2.7,33,0.15,18,0.5
33,Changhua,2024-05-31 10:00,17,Good,3,1.6,3.9,34.3,0.11,23,0.6
32,Xitun,2024-05-31 10:00,23,Good,5,2.5,5.8,32.5,0.14,16,0.9
31,Zhongming,2024-05-31 10:00,20,Good,1,2.8,6.5,30.6,0.2,18,1.6
30,Dali,2024-05-31 10:00,21,Good,5,1.9,5.4,29.8,0.18,17,1.2
29,Shalu,2024-05-31 10:00,19,Good,5,2.1,4.7,35.2,0.16,16,0.8
28,Fengyuan,2024-05-31 10:00,19,Good,2,2.4,4.4,35.3,0.18,12,1.2
27,Sanyi,2024-05-31 10:00,20,Good,4,1.7,2.7,36.8,0.16,12,1.3
26,Miaoli,2024-05-31 10:00,24,Good,2,1.7,2.7,36.9,0.14,23,0.8
25,Toufen,2024-05-31 10:00,24,Good,2,2.1,2.7,33,0.14,8,0.7
24,Hsinchu,2024-05-31 10:00,28,Good,3,3.4,8.3,29.1,0.21,10,1.3
23,Zhudong,2024-05-31 10:00,35,Good,3,1,2.1,27.8,0.13,9,0.2
22,Hukou,2024-05-31 10:00,47,Good,11,2.9,5,33.2,0.17,19,1
21,Longtan,2024-05-31 10:00,34,Good,5,2.2,5.7,30.4,0.19,16,0.4
20,Pingzhen,2024-05-31 10:00,36,Good,5,2.4,8.1,30.6,0.22,16,0.5
19,Guanyin,2024-05-31 10:00,48,Good,14,4,10,32.9,0.19,30,0
18,Dayuan,2024-05-31 10:00,36,Good,6,2.3,10.6,,0.25,30,1.7
17,Taoyuan,2024-05-31 10:00,47,Good,7,1.8,7.5,32.4,0.24,10,1.1
16,Datong,2024-05-31 10:00,55,Moderate,27,32.9,36.4,24.1,1.71,43,1.5
15,Songshan,2024-05-31 10:00,44,Good,14,4.8,18.7,40.5,0.44,26,
14,Guting,2024-05-31 10:00,31,Good,11,2.3,12.2,45,0.42,22,2.6
13,Wanhua,2024-05-31 10:00,37,Good,13,3.7,18.5,47,0.54,24,0.7
12,Zhongshan,2024-05-31 10:00,38,Good,13,6.5,23.9,35.3,0.67,26,0.6
11,Shilin,2024-05-31 10:00,43,Good,15,2.4,15.5,46.7,0.41,23,1
10,Tamsui,2024-05-31 10:00,49,Good,26,2.1,14.7,63.2,0.46,,1.9
9,Linkou,2024-05-31 10:00,37,Good,14,0.2,11.3,45.9,0.28,33,0.6
8,Cailiao,2024-05-31 10:00,34,Good,16,2.1,17.6,56.8,0.57,32,1.1
7,Xinzhuang,2024-05-31 10:00,62,Moderate,17,2.3,14.6,51.2,0.43,37,0.8
6,Banqiao,2024-05-31 10:00,50,Good,14,2.1,14.9,55.7,0.5,31,0.7
5,Tucheng,2024-05-31 10:00,62,Moderate,15,2.2,14.5,53.6,0.45,26,0.6
4,Xindian,2024-05-31 10:00,42,Good,17,2,9.3,50,0.37,24,1.5
3,Wanli,2024-05-31 10:00,30,Good,15,4.1,14.3,39.7,0.38,34,2
2,Xizhi,2024-05-31 10:00,44,Good,13,3.4,17.8,46.2,0.4,22,1.7
1,Keelung,2024-05-31 10:00,29,Good,6,1.9,7.8,50.4,0.27,17,1.4
313,Pingtung（fangshan）,2024-05-31 09:00,19,Good,4,0,0.7,29.9,0.07,45,0
312,Taichung（Rilana Elementary）,2024-05-31 09:00,15,Good,0,2.3,5,25.6,0.01,11,0
311,New Taipei(Shulin),2024-05-31 09:00,53,Moderate,18,2.2,12.4,20.5,0.36,29,0.8
204,Pingtung（Liuqiu）,2024-05-31 09:00,19,Good,7,1.5,1.2,21.2,0.1,10,0.4
203,Tainan（Madou）,2024-05-31 09:00,17,Good,8,2.5,5.2,19.7,0.15,17,0.3
202,Kaohsiung（Hunei）,2024-05-31 09:00,13,Good,7,4.8,8.1,16.8,0.21,16,
201,Changhua（Yuanlin）,2024-05-31 09:00,23,Good,6,3.1,4.5,24.3,0.23,15,1.5
85,Dacheng,2024-05-31 09:00,19,Good,0,0.9,2,28.4,0.05,7,1.3
84,FugueiCape,2024-05-31 09:00,40,Good,18,4.1,9.2,32.4,0.31,34,0.6
83,Mailiao,2024-05-31 09:00,19,Good,1,1.9,2.9,27.2,0.15,8,1.1
80,Guanshan,2024-05-31 09:00,24,Good,4,1.8,1.3,14.6,0.11,19,0.5
78,Magong,2024-05-31 09:00,22,Good,8,2.7,7.6,22.3,0.19,8,0.7
77,Kinmen,2024-05-31 09:00,85,Moderate,32,5.4,17,17.5,0.47,42,1.8
75,Matsu,2024-05-31 09:00,52,Moderate,17,1.5,4.2,39.9,0.33,23,1
72,Puli,2024-05-31 09:00,26,Good,8,5.3,4.5,15.9,0.28,26,0.9
71,Fuxing,2024-05-31 09:00,17,Good,4,4.9,10.9,18.1,0.36,13,1.9
70,Yonghe,2024-05-31 09:00,42,Good,13,30.5,25.3,13.3,2.17,21,1.4
69,Zhushan,2024-05-31 09:00,32,Good,12,3.6,4.2,14.5,0.58,36,1
68,Zhongli,2024-05-31 09:00,47,Good,9,30.8,20.9,10.8,1.31,21,1.7
67,Sanchong,2024-05-31 09:00,51,Moderate,10,44.4,31.4,18.1,1.12,24,0.8
66,Dongshan,2024-05-31 09:00,25,Good,8,5.9,10.1,21.8,0.42,36,1.3
65,Yilan,2024-05-31 09:00,17,Good,2,1.9,3.6,23.6,0.22,16,1.5
64,Yangming,2024-05-31 09:00,26,Good,3,0.9,1.2,30.8,0.15,7,0.6
63,Hualien,2024-05-31 09:00,19,Good,6,5.6,6.7,16.3,0.32,17,0.4
62,Taitung,2024-05-31 09:00,23,Good,2,3.3,4.7,17.9,0.28,20,0.6
61,Hengchun,2024-05-31 09:00,24,Good,4,0.5,0.4,26.7,0.07,11,0.1
60,Chaozhou,2024-05-31 09:00,19,Good,2,1.7,0.7,26.2,0.07,13,0.6
59,Pingtung,2024-05-31 09:00,22,Good,4,4.6,8.9,19.4,0.35,26,0.9
58,Xiaogang,2024-05-31 09:00,52,Moderate,11,4.8,10.6,19.3,0.63,20,6.6
57,Qianzhen,2024-05-31 09:00,23,Good,6,10,14.8,16.6,0.44,19,2.5
56,Qianjin,2024-05-31 09:00,18,Good,5,4.8,11.3,20.9,0.21,14,1.5
54,Zuoying,2024-05-31 09:00,26,Good,8,7.4,13.1,18.1,0.44,22,3
53,Nanzi,2024-05-31 09:00,23,Good,10,8.6,14.9,15.1,0.31,25,3.7
52,Linyuan,2024-05-31 09:00,29,Good,4,0.5,3.6,25.3,0.11,30,1.1
51,Daliao,2024-05-31 09:00,16,Good,4,1.7,3.5,22.3,0.13,18,0.5
50,Fengshan,2024-05-31 09:00,15,Good,4,3.6,8.3,20.1,0.44,17,2.1
49,Renwu,2024-05-31 09:00,19,Good,4,4,9.1,21.3,0.3,15,2.1
48,Qiaotou,2024-05-31 09:00,17,Good,5,5.4,10.1,18.8,0.24,19,1.2
47,Meinong,2024-05-31 09:00,17,Good,1,1.3,2,16.5,0.14,13,0
46,Tainan,2024-05-31 09:00,18,Good,9,3.9,7.4,19.8,0.23,21,0.5
45,Annan,2024-05-31 09:00,18,Good,5,4.4,9.1,21.4,0.26,21,0.4
44,Shanhua,2024-05-31 09:00,18,Good,5,1.7,2.9,19.8,0.1,10,0.3
43,Xinying,2024-05-31 09:00,19,Good,0,1.9,4.7,22.6,0.18,7,0.8
42,Chiayi,2024-05-31 09:00,20,Good,2,2.2,3.8,27.7,0.18,11,1.1
41,Taixi,2024-05-31 09:00,19,Good,1,1.3,2.9,27,0.13,17,1.3
40,Puzi,2024-05-31 09:00,17,Good,,3.7,5.9,22,0.16,18,1.3
39,Xingang,2024-05-31 09:00,19,Good,4,1.9,4.2,,0.12,12,1.8
38,Lunbei,2024-05-31 09:00,17,Good,2,0.7,2.4,25.2,0.11,14,0.4
37,Douliu,2024-05-31 09:00,21,Good,5,2.2,2.9,28.4,0.17,9,1.1
36,Nantou,2024-05-31 09:00,30,Good,8,2.1,4.2,19.6,0.22,23,0.2
35,Erlin,2024-05-31 09:00,32,Good,6,,,27.8,0.11,18,1.5
34,Xianxi,2024-05-31 09:00,23,Good,4,3,3.3,27.6,0.15,10,0.4
33,Changhua,2024-05-31 09:00,15,Good,2,1.6,3.3,29.4,0.12,13,0.3
32,Xitun,2024-05-31 09:00,25,Good,6,6.1,8.8,22.6,0.23,19,0.8
31,Zhongming,2024-05-31 09:00,20,Good,3,4,9.2,23.9,0.32,20,1.6
30,Dali,2024-05-31 09:00,21,Good,6,6.5,9.7,15.7,0.28,24,1.6
29,Shalu,2024-05-31 09:00,17,Good,5,2.4,4.3,28.8,0.17,12,0.7
28,Fengyuan,2024-05-31 09:00,18,Good,2,2.1,2.2,30.3,0.16,8,1.2
27,Sanyi,2024-05-31 09:00,19,Good,2,1.4,0.6,27,0.12,6,0.8
26,Miaoli,2024-05-31 09:00,29,Good,2,1.8,3,27.8,0.11,7,0.7
25,Toufen,2024-05-31 09:00,28,Good,4,3.2,4,26.5,0.17,7,1.1
24,Hsinchu,2024-05-31 09:00,31,Good,5,4.3,9.4,20.9,0.31,14,1.1
23,Zhudong,2024-05-31 09:00,36,Good,8,1.7,3.1,20.9,0.17,13,0.9
22,Hukou,2024-05-31 09:00,50,Good,16,5.8,8.9,22.2,0.21,17,1.2
21,Longtan,2024-05-31 09:00,38,Good,6,3.1,8.1,24.2,0.22,19,0.5
20,Pingzhen,2024-05-31 09:00,41,Good,8,2.1,6.4,24.7,0.18,12,0.3
19,Guanyin,2024-05-31 09:00,47,Good,15,4.4,9,26,0.2,29,0.6
18,Dayuan,2024-05-31 09:00,40,Good,7,2.2,8,27.1,0.22,22,1.2
17,Taoyuan,2024-05-31 09:00,53,Moderate,12,4.9,8.8,25.9,0.35,17,1.1
16,Datong,2024-05-31 09:00,48,Good,17,49.5,29.3,12.6,2.03,26,1.4
15,Songshan,2024-05-31 09:00,44,Good,12,4.5,13.3,34,0.42,26,
14,Guting,2024-05-31 09:00,31,Good,10,3.6,9,30.8,0.35,19,
13,Wanhua,2024-05-31 09:00,36,Good,12,5.1,15.6,26.9,0.53,24,0.4
12,Zhongshan,2024-05-31 09:00,30,Good,11,6.6,15.7,26,0.62,22,0.6
11,Shilin,2024-05-31 09:00,41,Good,12,3.5,12.9,35.9,0.36,23,1.1
10,Tamsui,2024-05-31 09:00,42,Good,13,3.5,13.8,,0.43,29,1.6
9,Linkou,2024-05-31 09:00,38,Good,6,,,29.4,0.32,18,0.7
8,Cailiao,2024-05-31 09:00,32,Good,11,3.4,13.1,34,0.55,26,0.8
7,Xinzhuang,2024-05-31 09:00,65,Moderate,23,2.9,20.5,43.9,0.68,37,1
6,Banqiao,2024-05-31 09:00,49,Good,18,5.4,21.6,40,0.74,38,0.9
5,Tucheng,2024-05-31 09:00,64,Moderate,23,4.2,17.3,37.1,0.5,39,0.9
4,Xindian,2024-05-31 09:00,39,Good,13,3,9.3,37.1,0.35,18,1.5
3,Wanli,2024-05-31 09:00,26,Good,16,9,15.9,20.2,0.4,36,1.9
2,Xizhi,2024-05-31 09:00,44,Good,15,6.3,16.7,31.5,0.42,26,1.6
1,Keelung,2024-05-31 09:00,31,Good,9,3.1,11.2,38.4,0.38,22,1.6
313,Pingtung（fangshan）,2024-05-31 08:00,19,Good,0,0.9,1.6,21.6,0.1,14,0.2
312,Taichung（Rilana Elementary）,2024-05-31 08:00,16,Good,2,3.1,5.5,15.7,0.01,14,0.2
311,New Taipei(Shulin),2024-05-31 08:00,53,Moderate,11,7.3,14.2,10.1,0.49,24,0.7
204,Pingtung（Liuqiu）,2024-05-31 08:00,19,Good,6,1.4,1.8,18.3,0.09,12,0.4
203,Tainan（Madou）,2024-05-31 08:00,17,Good,9,7,10.2,10.8,0.26,21,1.3
202,Kaohsiung（Hunei）,2024-05-31 08:00,13,Good,1,4.2,8.9,11.1,0.22,14,2
201,Changhua（Yuanlin）,2024-05-31 08:00,26,Good,3,3.1,5.1,21,0.19,18,1.6
85,Dacheng,2024-05-31 08:00,17,Good,0,1.5,2.8,23.5,0.07,15,1.2
84,FugueiCape,2024-05-31 08:00,35,Good,16,3.7,7.4,21.3,0.26,36,0.7
83,Mailiao,2024-05-31 08:00,18,Good,3,4.5,5.9,21.8,0.21,12,1.1
80,Guanshan,2024-05-31 08:00,25,Good,2,2.3,1.5,10.4,0.14,21,0.4
78,Magong,2024-05-31 08:00,23,Good,6,1.9,5.2,23.8,0.17,7,0.6
77,Kinmen,2024-05-31 08:00,84,Moderate,30,9.1,23.4,10.6,0.45,44,4.7
75,Matsu,2024-05-31 08:00,52,Moderate,16,1.3,4.4,35.4,0.66,37,1.2
72,Puli,2024-05-31 08:00,26,Good,7,4.3,2.3,8.8,0.23,26,0.8
71,Fuxing,2024-05-31 08:00,25,Good,6,9.4,15.8,8.5,0.71,20,3.2
70,Yonghe,2024-05-31 08:00,32,Good,8,17.7,10.7,8.6,0.91,13,1
69,Zhushan,2024-05-31 08:00,32,Good,5,3.1,3.2,8.3,0.13,32,0.7
68,Zhongli,2024-05-31 08:00,51,Moderate,11,34.8,23.3,10,1.64,22,1.6
67,Sanchong,2024-05-31 08:00,35,Good,11,36.8,21.7,9.1,0.95,25,0.8
66,Dongshan,2024-05-31 08:00,25,Good,6,4,5.1,15.2,0.33,23,0.5
65,Yilan,2024-05-31 08:00,17,Good,5,1.6,2.9,17.2,0.22,15,1.5
64,Yangming,2024-05-31 08:00,26,Good,4,1,1.5,28.4,0.14,22,0.7
63,Hualien,2024-05-31 08:00,19,Good,8,4.6,4.7,12.1,0.26,15,0.3
62,Taitung,2024-05-31 08:00,23,Good,2,3.2,2.9,11.2,0.2,25,0.3
61,Hengchun,2024-05-31 08:00,24,Good,6,0.5,0.4,25.6,0.07,15,0.1
60,Chaozhou,2024-05-31 08:00,21,Good,2,2.3,1.5,17.3,0.09,21,0.5
59,Pingtung,2024-05-31 08:00,21,Good,5,4.4,7.8,9.6,0.38,35,0.8
58,Xiaogang,2024-05-31 08:00,49,Good,12,6.7,14.3,15.9,0.64,22,6
57,Qianzhen,2024-05-31 08:00,27,Good,5,9.7,16.8,9.3,0.59,19,3.3
56,Qianjin,2024-05-31 08:00,17,Good,8,3.4,10.6,14.5,0.41,27,3.2
54,Zuoying,2024-05-31 08:00,25,Good,10,5.1,12,11.3,0.45,21,2.2
53,Nanzi,2024-05-31 08:00,28,Good,8,16.3,17.3,5.2,0.5,23,0.9
52,Linyuan,2024-05-31 08:00,27,Good,4,1.9,5.8,20.6,0.18,47,1.1
51,Daliao,2024-05-31 08:00,16,Good,5,2.7,5.1,13.1,0.17,21,0.5
50,Fengshan,2024-05-31 08:00,15,Good,5,3.8,8.8,10.3,0.48,23,1.8
49,Renwu,2024-05-31 08:00,19,Good,2,3.4,8.6,14.6,0.3,17,1.6
48,Qiaotou,2024-05-31 08:00,15,Good,4,5.1,9.1,8.7,0.23,12,0.3
47,Meinong,2024-05-31 08:00,18,Good,4,1.5,2.5,12.4,0.17,20,0.1
46,Tainan,2024-05-31 08:00,18,Good,3,4,7.9,16.1,0.25,20,0.4
45,Annan,2024-05-31 08:00,19,Good,4,4.2,8.4,18.3,0.31,19,0.1
44,Shanhua,2024-05-31 08:00,18,Good,2,1.7,3.5,16.2,0.11,15,0.3
43,Xinying,2024-05-31 08:00,19,Good,1,2.2,4.2,19.7,0.21,10,0.8
42,Chiayi,2024-05-31 08:00,19,Good,3,2.5,6,20.8,0.26,16,1.2
41,Taixi,2024-05-31 08:00,19,Good,1,1.2,3.5,23.6,0.13,13,1.2
40,Puzi,2024-05-31 08:00,16,Good,,4.2,6.6,18.8,0.2,16,1.1
39,Xingang,2024-05-31 08:00,19,Good,5,2.6,5.4,20.8,0.14,16,1.8
38,Lunbei,2024-05-31 08:00,16,Good,4,1.1,3.7,19.5,0.12,13,0.4
37,Douliu,2024-05-31 08:00,23,Good,8,5.5,9.3,12.4,0.28,23,5.2
36,Nantou,2024-05-31 08:00,30,Good,3,2.5,3.9,12.2,0.23,29,0.3
35,Erlin,2024-05-31 08:00,36,Good,10,2.8,5.2,15.7,0.13,33,1.5
34,Xianxi,2024-05-31 08:00,25,Good,7,4.2,4.6,21,0.17,18,0.5
33,Changhua,2024-05-31 08:00,16,Good,3,1.7,3.4,20,0.17,16,0.3
32,Xitun,2024-05-31 08:00,26,Good,8,8.2,10.8,12.6,0.28,27,0.9
31,Zhongming,2024-05-31 08:00,21,Good,7,5.6,9.9,16.2,0.36,24,1.4
30,Dali,2024-05-31 08:00,22,Good,8,6.5,8.2,10.6,0.38,25,1.2
29,Shalu,2024-05-31 08:00,19,Good,4,3.5,6.3,22.1,0.21,18,0.7
28,Fengyuan,2024-05-31 08:00,17,Good,0,3.5,3.4,24.2,0.22,11,1.1
27,Sanyi,2024-05-31 08:00,18,Good,3,1.3,0.4,23.9,0.11,9,0.7
26,Miaoli,2024-05-31 08:00,33,Good,6,2.2,4.6,20.8,0.15,9,0.8
25,Toufen,2024-05-31 08:00,31,Good,8,6,7.5,14.3,0.29,21,1.4
24,Hsinchu,2024-05-31 08:00,35,Good,9,5.2,8.2,15.7,0.32,16,0.5
23,Zhudong,2024-05-31 08:00,42,Good,14,3,4.4,11.1,0.25,28,3.6
22,Hukou,2024-05-31 08:00,50,Good,14,5.7,7.5,16.2,0.26,18,0.7
21,Longtan,2024-05-31 08:00,41,Good,8,4.2,8.8,19.8,0.29,22,0.2
20,Pingzhen,2024-05-31 08:00,46,Good,11,4.4,9.8,23.9,0.32,24,0.7
19,Guanyin,2024-05-31 08:00,45,Good,16,3.9,7.8,20.7,0.2,23,0.6
18,Dayuan,2024-05-31 08:00,45,Good,9,2.9,9.8,21.9,0.24,20,1.2
17,Taoyuan,2024-05-31 08:00,56,Moderate,16,7.9,18.5,16.6,0.52,29,2.6
16,Datong,2024-05-31 08:00,39,Good,15,84.1,21.8,3.2,2.66,27,1.3
15,Songshan,2024-05-31 08:00,44,Good,14,12.7,16.6,17.6,0.47,23,
14,Guting,2024-05-31 08:00,30,Good,9,7.8,10.3,11.6,0.39,17,2.6
13,Wanhua,2024-05-31 08:00,34,Good,12,6.5,10.1,12.9,0.42,18,0.2
12,Zhongshan,2024-05-31 08:00,28,Good,9,11.3,14,12.8,0.58,20,0.3
11,Shilin,2024-05-31 08:00,41,Good,10,6.3,12.6,16.7,0.4,26,0.9
10,Tamsui,2024-05-31 08:00,41,Good,16,7.6,16.5,19.4,0.52,31,1.4
9,Linkou,2024-05-31 08:00,41,Good,7,7.9,15.6,20.9,0.38,16,0.6
8,Cailiao,2024-05-31 08:00,31,Good,6,7.5,12.6,15,0.57,19,0.7
7,Xinzhuang,2024-05-31 08:00,63,Moderate,20,4.8,17.3,26.7,0.58,37,0.9
6,Banqiao,2024-05-31 08:00,48,Good,21,11.5,26.4,15.5,0.79,42,1
5,Tucheng,2024-05-31 08:00,62,Moderate,24,12.6,22,14.8,0.57,44,0.8
4,Xindian,2024-05-31 08:00,37,Good,13,5,6.4,17.7,0.35,20,1.2
3,Wanli,2024-05-31 08:00,23,Good,7,5.3,8.4,18,0.35,35,1.2
2,Xizhi,2024-05-31 08:00,44,Good,14,14.5,18.9,14.1,0.51,29,0.8
1,Keelung,2024-05-31 08:00,30,Good,11,3.8,10.4,23.6,0.39,20,1
313,Pingtung（fangshan）,2024-05-31 07:00,20,Good,1,1.4,2.8,15.2,0.13,13,0.3
312,Taichung（Rilana Elementary）,2024-05-31 07:00,18,Good,2,3.3,8.8,8.8,0,14,0.3
311,New Taipei(Shulin),2024-05-31 07:00,55,Moderate,16,11.1,11.9,3.9,0.41,29,0.7
204,Pingtung（Liuqiu）,2024-05-31 07:00,20,Good,6,1.1,2.3,17.8,0.09,11,0.4
203,Tainan（Madou）,2024-05-31 07:00,16,Good,5,2.4,9.3,11,0.2,16,0.5
202,Kaohsiung（Hunei）,2024-05-31 07:00,15,Good,2,2.7,9.1,10.4,0.19,11,1.5
201,Changhua（Yuanlin）,2024-05-31 07:00,32,Good,3,3.9,7.2,14,0.3,17,1.7
85,Dacheng,2024-05-31 07:00,16,Good,0,0.4,3.5,18.5,0.06,9,1.4
84,FugueiCape,2024-05-31 07:00,36,Good,14,1.9,4.8,17.1,0.24,54,0.4
83,Mailiao,2024-05-31 07:00,18,Good,2,2.5,6.4,17.5,0.21,11,1
80,Guanshan,2024-05-31 07:00,25,Good,4,3,2,4.4,0.14,26,0.4
78,Magong,2024-05-31 07:00,23,Good,3,1.4,5.9,21.9,0.14,7,0.7
77,Kinmen,2024-05-31 07:00,84,Moderate,28,9.7,26,3.9,0.39,39,2.6
75,Matsu,2024-05-31 07:00,53,Moderate,14,1.1,4.2,36.3,0.35,30,0.7
72,Puli,2024-05-31 07:00,25,Good,8,3,2.3,7.3,0.2,31,1
71,Fuxing,2024-05-31 07:00,20,Good,3,3.3,11.5,8.6,0.32,17,8.4
70,Yonghe,2024-05-31 07:00,37,Good,6,6.3,4.9,7,0.36,15,0.8
69,Zhushan,2024-05-31 07:00,31,Good,9,3,3.8,4.5,0.13,35,0.8
68,Zhongli,2024-05-31 07:00,55,Moderate,15,63.3,19.8,2.6,1.53,35,1.7
67,Sanchong,2024-05-31 07:00,34,Good,10,35,13.8,4.6,0.73,24,0.6
66,Dongshan,2024-05-31 07:00,26,Good,8,2.7,3.9,8.3,0.27,16,0.2
65,Yilan,2024-05-31 07:00,17,Good,8,1.1,2.7,12,0.19,21,1.7
64,Yangming,2024-05-31 07:00,27,Good,4,1,1.4,24.6,0.14,8,0.6
63,Hualien,2024-05-31 07:00,17,Good,4,2.5,2.3,6.5,0.2,15,0.4
62,Taitung,2024-05-31 07:00,22,Good,4,2.4,2.5,6.5,0.14,28,0.5
61,Hengchun,2024-05-31 07:00,24,Good,3,0.4,0.7,23.7,0.07,10,0.1
60,Chaozhou,2024-05-31 07:00,21,Good,1,1.9,1.6,13.7,0.09,26,0.5
59,Pingtung,2024-05-31 07:00,18,Good,7,2.1,6.7,8.6,0.23,25,0.6
58,Xiaogang,2024-05-31 07:00,46,Good,44,11,19,5.1,0.45,55,3.7
57,Qianzhen,2024-05-31 07:00,20,Good,2,3.6,12.5,9.8,0.27,18,7.5
56,Qianjin,2024-05-31 07:00,16,Good,6,1.7,9.7,11.9,0.26,19,4.7
54,Zuoying,2024-05-31 07:00,22,Good,11,1.6,7.9,12.5,0.23,9,1.1
53,Nanzi,2024-05-31 07:00,28,Good,4,9.2,17.3,5.4,0.27,20,0.6
52,Linyuan,2024-05-31 07:00,22,Good,1,0.2,3.2,12.6,0.16,40,1
51,Daliao,2024-05-31 07:00,16,Good,4,3.5,6.8,4.9,0.17,19,0.3
50,Fengshan,2024-05-31 07:00,17,Good,1,1.1,6.4,9.9,0.3,18,0.9
49,Renwu,2024-05-31 07:00,19,Good,1,0.7,5.9,15.1,0.19,12,1.7
48,Qiaotou,2024-05-31 07:00,14,Good,6,2.2,7.4,10.2,0.13,15,0.1
47,Meinong,2024-05-31 07:00,16,Good,2,1.3,2.6,11.2,0.17,22,0.1
46,Tainan,2024-05-31 07:00,20,Good,1,2,6.8,16.7,0.15,17,0.5
45,Annan,2024-05-31 07:00,21,Good,6,1.9,7.6,16.2,0.24,14,0.1
44,Shanhua,2024-05-31 07:00,18,Good,3,0.8,2.7,19.2,0.07,14,0.3
43,Xinying,2024-05-31 07:00,19,Good,0,1,3,19.7,0.14,7,0.7
42,Chiayi,2024-05-31 07:00,19,Good,2,1.2,4.6,19.7,0.16,11,1.1
41,Taixi,2024-05-31 07:00,18,Good,0,1.1,3.9,19.4,0.12,8,1
40,Puzi,2024-05-31 07:00,17,Good,,6.7,10.2,13.4,0.15,30,1.2
39,Xingang,2024-05-31 07:00,19,Good,4,1.5,6.1,16.7,0.15,19,1.9
38,Lunbei,2024-05-31 07:00,17,Good,1,0.4,4.4,15.1,0.13,14,0.5
37,Douliu,2024-05-31 07:00,23,Good,4,1.9,4.3,10.1,0.18,23,1.9
36,Nantou,2024-05-31 07:00,31,Good,4,1.7,3.9,7.5,0.17,32,0.2
35,Erlin,2024-05-31 07:00,37,Good,11,2.7,6.3,10.8,0.13,25,1.5
34,Xianxi,2024-05-31 07:00,26,Good,6,5.4,6.8,8.5,0.2,19,0.3
33,Changhua,2024-05-31 07:00,16,Good,2,1.5,4.1,15,0.18,15,0.6
32,Xitun,2024-05-31 07:00,25,Good,8,4.7,8.1,6.3,0.23,26,0.8
31,Zhongming,2024-05-31 07:00,22,Good,8,4.1,8,6.8,0.27,19,1.3
30,Dali,2024-05-31 07:00,20,Good,4,2.5,5,8.5,0.22,22,0.9
29,Shalu,2024-05-31 07:00,20,Good,4,2.5,6.2,17.2,0.17,18,0.7
28,Fengyuan,2024-05-31 07:00,16,Good,1,2.7,5.3,20.8,0.19,11,0.8
27,Sanyi,2024-05-31 07:00,18,Good,1,1.4,0.6,21.5,0.11,10,0.6
26,Miaoli,2024-05-31 07:00,35,Good,9,3.7,7.7,9.1,0.21,15,0.9
25,Toufen,2024-05-31 07:00,32,Good,8,4.9,5,6.8,0.22,22,0.7
24,Hsinchu,2024-05-31 07:00,34,Good,14,8.1,13.2,7,0.32,17,0.1
23,Zhudong,2024-05-31 07:00,43,Good,11,2.6,3.9,7.3,0.25,28,1.9
22,Hukou,2024-05-31 07:00,50,Good,17,7.4,12.5,10.7,0.26,57,0.4
21,Longtan,2024-05-31 07:00,46,Good,10,8.7,12.7,8.8,0.34,24,0.4
20,Pingzhen,2024-05-31 07:00,51,Moderate,13,5.5,13.8,9.7,0.38,26,1
19,Guanyin,2024-05-31 07:00,44,Good,19,3.4,9.3,14.2,0.22,33,0.5
18,Dayuan,2024-05-31 07:00,48,Good,14,5.4,15.9,10.8,0.39,32,1.2
17,Taoyuan,2024-05-31 07:00,57,Moderate,19,7.4,18,7.9,0.47,29,2
16,Datong,2024-05-31 07:00,37,Good,11,34.9,14,3.5,0.79,19,1.2
15,Songshan,2024-05-31 07:00,41,Good,14,5.8,11.1,9,0.38,23,
14,Guting,2024-05-31 07:00,29,Good,13,5.9,7.9,5.9,0.33,21,2
13,Wanhua,2024-05-31 07:00,32,Good,14,4.9,8.1,7.6,0.34,18,0.1
12,Zhongshan,2024-05-31 07:00,27,Good,9,18.7,11.7,5.8,0.62,23,0.3
11,Shilin,2024-05-31 07:00,44,Good,17,8,13.1,5.7,0.4,21,0.6
10,Tamsui,2024-05-31 07:00,40,Good,12,5.8,12.8,8.2,0.39,20,1.4
9,Linkou,2024-05-31 07:00,43,Good,17,21.9,21.1,8.7,0.51,36,1
8,Cailiao,2024-05-31 07:00,31,Good,9,5.1,9.4,7.4,0.42,13,0.7
7,Xinzhuang,2024-05-31 07:00,62,Moderate,20,6.4,15.3,10.1,0.5,36,1.3
6,Banqiao,2024-05-31 07:00,42,Good,13,8,17.9,7.8,0.56,28,0.7
5,Tucheng,2024-05-31 07:00,61,Moderate,22,22.2,15.9,3.3,0.52,38,0.4
4,Xindian,2024-05-31 07:00,36,Good,12,3.8,4.9,8.5,0.29,15,1.1
3,Wanli,2024-05-31 07:00,21,Good,5,5.2,6,7.6,0.34,20,0.5
2,Xizhi,2024-05-31 07:00,45,Good,12,22.7,14,3.3,0.56,26,0.6
1,Keelung,2024-05-31 07:00,28,Good,12,13.9,14.2,5.7,0.55,25,0.7
313,Pingtung（fangshan）,2024-05-31 06:00,21,Good,0,0.9,2.8,,0.1,12,0.2
312,Taichung（Rilana Elementary）,2024-05-31 06:00,19,Good,1,4.2,10.4,6.1,0.03,21,0
311,New Taipei(Shulin),2024-05-31 06:00,54,Moderate,21,3.4,8.8,4.2,0.34,23,0.5
204,Pingtung（Liuqiu）,2024-05-31 06:00,21,Good,4,1,1.7,16.5,0.08,8,0.4
203,Tainan（Madou）,2024-05-31 06:00,17,Good,1,0.5,3.8,15.5,0.1,13,0.5
202,Kaohsiung（Hunei）,2024-05-31 06:00,16,Good,4,1.2,5.6,13.3,0.12,8,1.1
201,Changhua（Yuanlin）,2024-05-31 06:00,35,Good,7,1.8,7.1,10,0.24,20,1.6
85,Dacheng,2024-05-31 06:00,15,Good,0,0.8,2.8,17.4,0.06,7,1.5
84,FugueiCape,2024-05-31 06:00,31,Good,10,0.5,4.8,16.8,0.22,28,0.4
83,Mailiao,2024-05-31 06:00,17,Good,2,0.7,3.7,19.4,0.14,7,0.9
80,Guanshan,2024-05-31 06:00,25,Good,6,2.1,2.6,2.9,0.12,29,0.2
78,Magong,2024-05-31 06:00,24,Good,3,0.6,7.6,18,0.19,10,0.9
77,Kinmen,2024-05-31 06:00,85,Moderate,30,5.8,27.9,1.6,0.33,33,1.3
75,Matsu,2024-05-31 06:00,51,Moderate,24,0.9,6.7,31.2,0.24,28,0.6
72,Puli,2024-05-31 06:00,27,Good,9,1.8,2.7,5.5,0.19,28,0.7
71,Fuxing,2024-05-31 06:00,18,Good,0,1.2,7.2,12.2,0.2,10,7.9
70,Yonghe,2024-05-31 06:00,40,Good,8,6,7.1,4.9,0.42,14,0.8
69,Zhushan,2024-05-31 06:00,30,Good,12,2.2,4.3,4,0.14,37,0.6
68,Zhongli,2024-05-31 06:00,57,Moderate,19,15.2,12.5,5.5,0.72,25,1.4
67,Sanchong,2024-05-31 06:00,35,Good,10,36.7,11.9,2.9,0.69,19,0.5
66,Dongshan,2024-05-31 06:00,25,Good,9,1.3,4.1,5.8,0.34,24,0.2
65,Yilan,2024-05-31 06:00,16,Good,3,0.8,3,9.1,0.18,19,1
64,Yangming,2024-05-31 06:00,28,Good,5,0.8,1.2,28.4,0.12,6,0.6
63,Hualien,2024-05-31 06:00,18,Good,5,2.3,4.2,3.9,0.2,22,0.3
62,Taitung,2024-05-31 06:00,20,Good,6,2.1,2.9,5.7,0.11,26,0.5
61,Hengchun,2024-05-31 06:00,25,Good,4,0.3,0.9,25.7,0.07,16,0
60,Chaozhou,2024-05-31 06:00,19,Good,0,1.7,1.5,14.8,0.07,23,0.5
59,Pingtung,2024-05-31 06:00,17,Good,2,0.7,5.3,9.4,0.2,18,0.5
58,Xiaogang,2024-05-31 06:00,26,Good,10,2,14.5,5.9,0.2,20,4.7
57,Qianzhen,2024-05-31 06:00,30,Good,3,0.9,8.2,13.4,0.19,12,12.2
56,Qianjin,2024-05-31 06:00,16,Good,2,0.5,7.6,12.3,0.22,9,1.4
54,Zuoying,2024-05-31 06:00,20,Good,5,0.7,5.5,15.1,0.15,8,1
53,Nanzi,2024-05-31 06:00,23,Good,2,2.7,14.2,6.2,0.17,19,0.5
52,Linyuan,2024-05-31 06:00,19,Good,1,0,2.7,13.6,0.13,28,0.9
51,Daliao,2024-05-31 06:00,16,Good,8,1.2,8.9,4.4,0.14,22,0.3
50,Fengshan,2024-05-31 06:00,18,Good,0,0.1,4.8,13.1,0.17,12,0.5
49,Renwu,2024-05-31 06:00,20,Good,1,0.2,4,20.9,0.13,9,1.4
48,Qiaotou,2024-05-31 06:00,16,Good,2,1.1,6.2,12.3,0.12,11,0.3
47,Meinong,2024-05-31 06:00,17,Good,1,0.8,1.5,16.2,0.12,19,0
46,Tainan,2024-05-31 06:00,23,Good,5,1.2,6.1,17.2,0.1,12,0.4
45,Annan,2024-05-31 06:00,22,Good,4,0.8,5.7,19.6,0.15,11,0.2
44,Shanhua,2024-05-31 06:00,18,Good,3,0.7,2.8,18.1,0.06,13,0.3
43,Xinying,2024-05-31 06:00,19,Good,0,0.8,2.3,21.4,0.1,16,0.8
42,Chiayi,2024-05-31 06:00,19,Good,0,0.7,1.9,22.5,0.1,3,1
41,Taixi,2024-05-31 06:00,18,Good,0,0.6,2.3,22.1,0.1,7,1
40,Puzi,2024-05-31 06:00,16,Good,,1.4,4.4,21.9,0.12,10,0.9
39,Xingang,2024-05-31 06:00,20,Good,,,,,0,,2.1
38,Lunbei,2024-05-31 06:00,19,Good,4,0.4,4.2,17.1,0.11,9,0.8
37,Douliu,2024-05-31 06:00,23,Good,4,0.8,3.6,9,0.12,23,0.6
36,Nantou,2024-05-31 06:00,30,Good,2,1.6,4.8,3.1,0.16,38,0.2
35,Erlin,2024-05-31 06:00,38,Good,9,1.1,8.7,6.2,0.14,29,1.4
34,Xianxi,2024-05-31 06:00,26,Good,5,2.4,9.6,8.1,0.16,41,0.7
33,Changhua,2024-05-31 06:00,18,Good,4,0.6,5,14.6,0.12,13,0.8
32,Xitun,2024-05-31 06:00,25,Good,8,1.4,8,6.3,0.18,25,0.7
31,Zhongming,2024-05-31 06:00,23,Good,6,1.3,4.8,7.7,0.18,18,1.4
30,Dali,2024-05-31 06:00,19,Good,6,1.5,7,5.8,0.22,22,0.9
29,Shalu,2024-05-31 06:00,21,Good,5,1.1,5.1,19.3,0.14,12,0.5
28,Fengyuan,2024-05-31 06:00,17,Good,2,1.2,4.2,16.8,0.16,16,1
27,Sanyi,2024-05-31 06:00,19,Good,2,1.3,0.9,18,0.11,13,0.5
26,Miaoli,2024-05-31 06:00,36,Good,11,2,7.4,5.5,0.15,17,0.9
25,Toufen,2024-05-31 06:00,32,Good,8,2,4.7,5.2,0.17,23,0.7
24,Hsinchu,2024-05-31 06:00,32,Good,9,4.5,13.3,2.5,0.32,18,0.3
23,Zhudong,2024-05-31 06:00,45,Good,3,1.4,5,3.9,0.24,26,0.8
22,Hukou,2024-05-31 06:00,51,Moderate,16,6.3,16.6,4.6,0.25,23,0.3
21,Longtan,2024-05-31 06:00,51,Moderate,11,3.2,11.4,6.4,0.29,22,0.1
20,Pingzhen,2024-05-31 06:00,52,Moderate,14,2.4,15,5.1,0.35,25,0.5
19,Guanyin,2024-05-31 06:00,44,Good,11,2.2,11.6,10.9,0.22,25,0.2
18,Dayuan,2024-05-31 06:00,49,Good,13,1.8,19.3,6.3,0.39,32,1.2
17,Taoyuan,2024-05-31 06:00,57,Moderate,16,4.6,17.5,5.2,0.43,31,2.5
16,Datong,2024-05-31 06:00,38,Good,12,10.6,9.9,4.1,0.56,19,1
15,Songshan,2024-05-31 06:00,41,Good,13,1.8,9.1,6.3,0.35,18,
14,Guting,2024-05-31 06:00,26,Good,11,2.3,7.2,3.8,0.31,22,1.9
13,Wanhua,2024-05-31 06:00,28,Good,10,1.4,6.4,6.4,0.27,21,0
12,Zhongshan,2024-05-31 06:00,26,Good,9,1.3,7.6,6.2,0.3,18,0.1
11,Shilin,2024-05-31 06:00,41,Good,12,1.9,9.7,5.1,0.31,20,0.6
10,Tamsui,2024-05-31 06:00,40,Good,14,2.6,16.9,,0.42,24,1.8
9,Linkou,2024-05-31 06:00,40,Good,17,10.9,24.4,8.4,0.43,29,0.8
8,Cailiao,2024-05-31 06:00,32,Good,12,3,11.7,3.9,0.43,20,0.6
7,Xinzhuang,2024-05-31 06:00,61,Moderate,26,2.2,15.7,4.4,0.47,41,1.5
6,Banqiao,2024-05-31 06:00,40,Good,12,4.3,17.1,4.2,0.48,24,0.5
5,Tucheng,2024-05-31 06:00,57,Moderate,20,22,12.8,3.1,0.55,33,0.3
4,Xindian,2024-05-31 06:00,36,Good,11,1.7,4.3,9.8,0.25,18,1.2
3,Wanli,2024-05-31 06:00,21,Good,6,1.5,5,6.3,0.29,18,0.3
2,Xizhi,2024-05-31 06:00,47,Good,13,15.1,10.5,2.5,0.43,21,0.6
1,Keelung,2024-05-31 06:00,27,Good,9,4.5,10.3,2.9,0.42,18,0.5
313,Pingtung（fangshan）,2024-05-31 05:00,21,Good,0,0.3,2.1,15.7,0.09,12,0
312,Taichung（Rilana Elementary）,2024-05-31 05:00,19,Good,3,1.3,10.5,7.5,0.03,9,0
311,New Taipei(Shulin),2024-05-31 05:00,53,Moderate,17,0.5,5.5,6,0.27,25,0.3
204,Pingtung（Liuqiu）,2024-05-31 05:00,23,Good,6,1.1,0.6,21.6,0.07,10,0.4
203,Tainan（Madou）,2024-05-31 05:00,17,Good,2,0.4,2.6,17.6,0.08,14,0.1
202,Kaohsiung（Hunei）,2024-05-31 05:00,17,Good,6,1.1,4.2,14.6,0.1,11,1.8
201,Changhua（Yuanlin）,2024-05-31 05:00,36,Good,12,1.4,5.8,10.9,0.15,25,1.6
85,Dacheng,2024-05-31 05:00,15,Good,2,0.9,1.7,19.3,0.05,11,1.2
84,FugueiCape,2024-05-31 05:00,32,Good,9,0.1,5.2,20.2,0.22,28,0.6
83,Mailiao,2024-05-31 05:00,17,Good,3,0.6,2.1,22,0.1,9,0.9
80,Guanshan,2024-05-31 05:00,24,Good,8,1.9,2.4,2.3,0.1,32,0.3
78,Magong,2024-05-31 05:00,25,Good,1,0.1,4.3,24.5,0.09,7,0.7
77,Kinmen,2024-05-31 05:00,84,Moderate,33,2,28.1,1.6,0.38,34,2.2
75,Matsu,2024-05-31 05:00,43,Good,19,1,5.8,29.9,0.24,25,0.6
72,Puli,2024-05-31 05:00,27,Good,6,1.5,2.3,5.1,0.16,27,0.8
71,Fuxing,2024-05-31 05:00,18,Good,2,1.1,5.2,15.4,0.16,9,3.9
70,Yonghe,2024-05-31 05:00,41,Good,15,1.7,5.3,6,0.25,13,0.7
69,Zhushan,2024-05-31 05:00,27,Good,10,1.2,4.1,2.8,0.1,34,0.7
68,Zhongli,2024-05-31 05:00,56,Moderate,17,8.2,15.3,5.3,0.62,29,1.2
67,Sanchong,2024-05-31 05:00,36,Good,9,3.4,9.9,4.6,0.32,17,0.3
66,Dongshan,2024-05-31 05:00,24,Good,8,2.3,6.2,2.5,0.4,19,0.3
65,Yilan,2024-05-31 05:00,16,Good,1,0.4,3.1,7.7,0.17,18,1.3
64,Yangming,2024-05-31 05:00,28,Good,4,0.7,1.4,27.4,0.13,9,0.7
63,Hualien,2024-05-31 05:00,19,Good,4,1.2,2.9,4.2,0.17,20,0.2
62,Taitung,2024-05-31 05:00,18,Good,5,1.4,1.8,7.3,0.09,24,0.6
61,Hengchun,2024-05-31 05:00,25,Good,6,0.6,0.5,26,0.07,14,0.2
60,Chaozhou,2024-05-31 05:00,17,Good,0,1.6,1.3,16.1,0.07,22,0.5
59,Pingtung,2024-05-31 05:00,18,Good,1,0.5,4.2,12.7,0.17,18,0.5
58,Xiaogang,2024-05-31 05:00,23,Good,7,0.7,10.5,10.5,0.14,10,3.3
57,Qianzhen,2024-05-31 05:00,17,Good,3,0.4,6.2,16,0.13,4,6.1
56,Qianjin,2024-05-31 05:00,17,Good,1,0.4,5.2,16.5,0.14,5,0.9
54,Zuoying,2024-05-31 05:00,20,Good,5,0.4,4.7,17.8,0.12,8,1.1
53,Nanzi,2024-05-31 05:00,20,Good,3,1.1,12.2,9.6,0.13,13,0.5
52,Linyuan,2024-05-31 05:00,21,Good,3,0,2.4,12.7,0.11,20,0.9
51,Daliao,2024-05-31 05:00,18,Good,6,0.6,8.4,7.2,0.12,18,0.3
50,Fengshan,2024-05-31 05:00,19,Good,1,0.1,4.3,13.9,0.14,7,0.6
49,Renwu,2024-05-31 05:00,21,Good,3,0.1,2.9,20.1,0.12,7,1
48,Qiaotou,2024-05-31 05:00,17,Good,0,0.7,4.1,16.5,0.09,15,0.3
47,Meinong,2024-05-31 05:00,16,Good,0,0.8,1,16.2,0.11,16,0
46,Tainan,2024-05-31 05:00,26,Good,9,1,4.4,20.1,0.08,19,0.5
45,Annan,2024-05-31 05:00,24,Good,7,0.6,3.4,19.9,0.11,15,0.1
44,Shanhua,2024-05-31 05:00,19,Good,4,0.7,1.5,20.9,0.06,10,0.8
43,Xinying,2024-05-31 05:00,19,Good,0,1,2.3,22.5,0.09,9,0.9
42,Chiayi,2024-05-31 05:00,18,Good,0,0.5,0.8,22.3,0.08,4,0.9
41,Taixi,2024-05-31 05:00,18,Good,0,0.5,2,20.9,0.1,6,1.1
40,Puzi,2024-05-31 05:00,16,Good,,1.2,3,18.4,0.09,7,1
39,Xingang,2024-05-31 05:00,20,Good,5,0.7,3.9,22.5,0.08,13,1.3
38,Lunbei,2024-05-31 05:00,20,Good,6,1.4,5.5,18.2,0.11,9,1.4
37,Douliu,2024-05-31 05:00,23,Good,4,0.7,3.8,9.4,0.11,23,0.7
36,Nantou,2024-05-31 05:00,28,Good,1,0.6,5.7,1.7,0.15,29,0.3
35,Erlin,2024-05-31 05:00,41,Good,10,0.3,5.3,12.6,0.12,26,1.1
34,Xianxi,2024-05-31 05:00,26,Good,4,2,5.9,12.5,0.13,25,0.4
33,Changhua,2024-05-31 05:00,18,Good,5,0.6,7.4,8,0.13,17,0.8
32,Xitun,2024-05-31 05:00,24,Good,7,1.5,8.7,4.7,0.17,24,0.8
31,Zhongming,2024-05-31 05:00,23,Good,5,0.7,3.9,10.2,0.18,22,1.5
30,Dali,2024-05-31 05:00,21,Good,6,0.2,4.8,7.3,0.16,18,0.8
29,Shalu,2024-05-31 05:00,22,Good,6,1.1,6.5,12.6,0.16,17,0.7
28,Fengyuan,2024-05-31 05:00,18,Good,3,1,4.4,12.8,0.14,17,0.8
27,Sanyi,2024-05-31 05:00,21,Good,5,1,0.8,17.4,0.1,16,0.6
26,Miaoli,2024-05-31 05:00,38,Good,10,2.5,9.1,2.9,0.16,18,0.8
25,Toufen,2024-05-31 05:00,34,Good,11,2,8.5,3,0.18,22,0.8
24,Hsinchu,2024-05-31 05:00,33,Good,13,1.2,10.8,3.1,0.26,23,0.7
23,Zhudong,2024-05-31 05:00,52,Moderate,18,0.8,4.9,6.5,0.23,22,1.2
22,Hukou,2024-05-31 05:00,50,Good,15,2.2,13,9.3,0.24,21,0.5
21,Longtan,2024-05-31 05:00,54,Moderate,11,2,10.7,4.1,0.26,22,0.4
20,Pingzhen,2024-05-31 05:00,53,Moderate,20,1.6,19.8,3.1,0.41,31,0.5
19,Guanyin,2024-05-31 05:00,44,Good,15,2,13.1,9.3,0.23,27,0.3
18,Dayuan,2024-05-31 05:00,52,Moderate,17,0.8,25.2,3.6,0.4,37,1.3
17,Taoyuan,2024-05-31 05:00,57,Moderate,22,6.1,20.9,0,0.5,30,3.3
16,Datong,2024-05-31 05:00,38,Good,10,5.4,8.4,5,0.47,13,1.1
15,Songshan,2024-05-31 05:00,41,Good,11,1.3,8.9,7,0.29,19,
14,Guting,2024-05-31 05:00,23,Good,7,1,4,5.9,0.21,19,2.1
13,Wanhua,2024-05-31 05:00,28,Good,6,1.1,5.8,7.2,0.24,17,0.1
12,Zhongshan,2024-05-31 05:00,26,Good,5,1,5.9,6.8,0.24,21,0.1
11,Shilin,2024-05-31 05:00,42,Good,11,0.5,10,5.4,0.3,19,0.6
10,Tamsui,2024-05-31 05:00,38,Good,11,1.2,17.7,3.8,0.44,22,1.6
9,Linkou,2024-05-31 05:00,36,Good,11,2.5,18.3,13,0.33,21,0.8
8,Cailiao,2024-05-31 05:00,32,Good,8,2,13.1,2.1,0.39,17,0.7
7,Xinzhuang,2024-05-31 05:00,55,Moderate,20,0.4,16.2,3.9,0.43,27,1.5
6,Banqiao,2024-05-31 05:00,41,Good,15,2.5,16.5,2.6,0.45,26,0.7
5,Tucheng,2024-05-31 05:00,56,Moderate,19,6.5,13.2,1.2,0.42,27,0
4,Xindian,2024-05-31 05:00,35,Good,9,1,3.2,7.3,0.21,18,1.2
3,Wanli,2024-05-31 05:00,22,Good,5,1.1,6.1,3.9,0.29,25,0.3
2,Xizhi,2024-05-31 05:00,46,Good,16,6.2,13.7,1.7,0.37,22,0.7
1,Keelung,2024-05-31 05:00,24,Good,7,2.5,10.9,1.5,0.38,24,0.4
313,Pingtung（fangshan）,2024-05-31 04:00,22,Good,0,0.2,1.8,17.5,0.08,13,0
312,Taichung（Rilana Elementary）,2024-05-31 04:00,20,Good,1,0.6,9.3,8.9,0.01,21,0
311,New Taipei(Shulin),2024-05-31 04:00,51,Moderate,15,0.7,6.5,5.5,0.28,28,0.4
204,Pingtung（Liuqiu）,2024-05-31 04:00,24,Good,7,1.1,0.6,24.4,0.07,5,0.5
203,Tainan（Madou）,2024-05-31 04:00,18,Good,5,0.5,3.2,19,0.08,16,0.8
202,Kaohsiung（Hunei）,2024-05-31 04:00,16,Good,4,1.5,6.2,14.1,0.2,7,2.6
201,Changhua（Yuanlin）,2024-05-31 04:00,36,Good,14,1.2,7.3,9.2,0.17,21,1.6
85,Dacheng,2024-05-31 04:00,15,Good,2,1.1,0.9,20.5,0.06,5,1.2
84,FugueiCape,2024-05-31 04:00,32,Good,15,0.1,6,18.1,0.22,56,0.6
83,Mailiao,2024-05-31 04:00,19,Good,3,0.4,2.2,21,0.1,6,1
80,Guanshan,2024-05-31 04:00,23,Good,5,1.4,1.9,3.7,0.1,25,0.3
78,Magong,2024-05-31 04:00,25,Good,1,0.1,3.6,25.1,0.08,10,0.5
77,Kinmen,2024-05-31 04:00,83,Moderate,32,1.6,26,3.7,0.39,36,2.7
75,Matsu,2024-05-31 04:00,40,Good,17,0.9,4.2,37.5,0.21,15,0.5
72,Puli,2024-05-31 04:00,30,Good,6,1.4,2.4,5.8,0.17,20,0.9
71,Fuxing,2024-05-31 04:00,18,Good,2,1,3.7,20.2,0.12,3,1.5
70,Yonghe,2024-05-31 04:00,41,Good,6,0.9,3.8,7.4,0.2,9,0.8
69,Zhushan,2024-05-31 04:00,26,Good,7,1.2,4,3.4,0.09,33,0.8
68,Zhongli,2024-05-31 04:00,54,Moderate,20,8.5,19.2,3.4,0.61,30,1.5
67,Sanchong,2024-05-31 04:00,39,Good,11,2.2,8.8,6.4,0.33,15,0.4
66,Dongshan,2024-05-31 04:00,25,Good,9,1.1,5.8,2.6,0.38,21,0.3
65,Yilan,2024-05-31 04:00,15,Good,0,0.5,2.7,7,0.17,18,1.4
64,Yangming,2024-05-31 04:00,28,Good,6,0.8,1.5,30,0.14,9,0.7
63,Hualien,2024-05-31 04:00,20,Good,4,0.8,1.3,6.8,0.15,15,0.1
62,Taitung,2024-05-31 04:00,18,Good,5,1,2.9,7,0.09,21,0.5
61,Hengchun,2024-05-31 04:00,25,Good,4,0.4,0.5,29.4,0.07,8,0.1
60,Chaozhou,2024-05-31 04:00,15,Good,2,1.6,1.3,15.5,0.07,18,0.6
59,Pingtung,2024-05-31 04:00,19,Good,2,0.5,3.8,15.5,0.15,19,0.6
58,Xiaogang,2024-05-31 04:00,31,Good,7,0.4,8.3,15.5,0.1,7,5.4
57,Qianzhen,2024-05-31 04:00,17,Good,0,0.2,4.5,21.1,0.09,6,2.2
56,Qianjin,2024-05-31 04:00,18,Good,1,0.3,4.3,19.9,0.12,2,1
54,Zuoying,2024-05-31 04:00,22,Good,4,0.5,4.4,19.8,0.11,1,0.7
53,Nanzi,2024-05-31 04:00,17,Good,3,0.6,6.1,18.5,0.09,12,0.6
52,Linyuan,2024-05-31 04:00,23,Good,4,0,2.2,14.4,0.1,10,0.7
51,Daliao,2024-05-31 04:00,19,Good,4,0.5,4.7,12.5,0.1,11,0.3
50,Fengshan,2024-05-31 04:00,20,Good,0,0.1,3.1,16.8,0.12,9,0.6
49,Renwu,2024-05-31 04:00,22,Good,3,0.2,2.5,22,0.11,4,1.1
48,Qiaotou,2024-05-31 04:00,18,Good,0,0.7,3.2,18,0.07,6,0.2
47,Meinong,2024-05-31 04:00,17,Good,0,0.7,0.8,19,0.1,11,0.1
46,Tainan,2024-05-31 04:00,25,Good,7,1,4.8,19.9,0.08,14,0.6
45,Annan,2024-05-31 04:00,24,Good,6,0.5,3.3,21.5,0.1,12,0.2
44,Shanhua,2024-05-31 04:00,21,Good,6,0.7,1.8,20.8,0.06,11,0.5
43,Xinying,2024-05-31 04:00,19,Good,0,0.9,2.3,20.9,0.09,8,0.6
42,Chiayi,2024-05-31 04:00,19,Good,1,0.7,0.9,25.3,0.07,6,1.1
41,Taixi,2024-05-31 04:00,19,Good,0,0.5,2.3,21.1,0.1,9,1.1
40,Puzi,2024-05-31 04:00,16,Good,,1.7,3.7,16.8,0.09,11,0.9
39,Xingang,2024-05-31 04:00,21,Good,5,0.5,3.3,21.2,0.08,11,1.2
38,Lunbei,2024-05-31 04:00,19,Good,5,1,3.6,18,0.11,8,1
37,Douliu,2024-05-31 04:00,23,Good,5,0.8,4.4,10.8,0.12,19,0.9
36,Nantou,2024-05-31 04:00,28,Good,3,0.4,4.3,3.4,0.14,33,0.3
35,Erlin,2024-05-31 04:00,42,Good,8,0.3,3.2,17.4,0.1,16,1.2
34,Xianxi,2024-05-31 04:00,27,Good,5,1.3,6.6,11.5,0.15,22,0.3
33,Changhua,2024-05-31 04:00,19,Good,3,0.8,7.1,9.2,0.14,17,0.5
32,Xitun,2024-05-31 04:00,26,Good,6,1.4,8.1,5.4,0.16,20,0.7
31,Zhongming,2024-05-31 04:00,25,Good,8,1,4.6,8.5,0.16,27,1.2
30,Dali,2024-05-31 04:00,24,Good,2,0,4.3,7.5,0.14,23,0.9
29,Shalu,2024-05-31 04:00,24,Good,5,1,7.1,12,0.18,20,0.6
28,Fengyuan,2024-05-31 04:00,18,Good,3,0.9,4.2,14.3,0.14,21,0.8
27,Sanyi,2024-05-31 04:00,23,Good,6,0.9,1,18.2,0.11,17,0.6
26,Miaoli,2024-05-31 04:00,40,Good,10,3.3,9.7,0.9,0.18,16,0.7
25,Toufen,2024-05-31 04:00,34,Good,9,1.3,6,6.1,0.19,27,0.7
24,Hsinchu,2024-05-31 04:00,32,Good,9,1.1,12,5.4,0.29,19,0.3
23,Zhudong,2024-05-31 04:00,53,Moderate,14,0.8,4.7,5.9,0.23,28,0.7
22,Hukou,2024-05-31 04:00,49,Good,13,1.9,10.4,15,0.25,20,0.6
21,Longtan,2024-05-31 04:00,57,Moderate,15,1.5,12.5,2.5,0.29,26,0.5
20,Pingzhen,2024-05-31 04:00,48,Good,21,1.5,22.7,3,0.44,34,0.9
19,Guanyin,2024-05-31 04:00,39,Good,17,1.9,11.2,14.5,0.22,27,0.4
18,Dayuan,2024-05-31 04:00,48,Good,15,0.5,12.6,12.1,0.31,31,1
17,Taoyuan,2024-05-31 04:00,53,Moderate,19,3.8,22.7,0,0.51,31,3.2
16,Datong,2024-05-31 04:00,39,Good,12,4.9,8.8,5.7,0.41,14,1
15,Songshan,2024-05-31 04:00,42,Good,9,1.4,10.9,6.5,0.3,18,
14,Guting,2024-05-31 04:00,24,Good,7,0.9,3.2,7.3,0.18,17,2.1
13,Wanhua,2024-05-31 04:00,30,Good,8,2,7.1,6.9,0.24,20,0
12,Zhongshan,2024-05-31 04:00,29,Good,5,0.9,7,6.8,0.26,17,0.1
11,Shilin,2024-05-31 04:00,41,Good,17,0.4,10.1,7.5,0.31,21,0.8
10,Tamsui,2024-05-31 04:00,37,Good,14,0.8,19.2,4.3,0.41,29,1.7
9,Linkou,2024-05-31 04:00,37,Good,12,1.8,22.8,8.8,0.44,21,1
8,Cailiao,2024-05-31 04:00,34,Good,8,0.9,13.1,3.9,0.35,17,0.7
7,Xinzhuang,2024-05-31 04:00,55,Moderate,20,0.7,16.1,6.2,0.41,23,1
6,Banqiao,2024-05-31 04:00,39,Good,12,1.1,16.6,2.3,0.42,29,0.6
5,Tucheng,2024-05-31 04:00,55,Moderate,20,2,13,3.1,0.38,25,0.1
4,Xindian,2024-05-31 04:00,37,Good,12,1,2.6,8.2,0.2,16,1.1
3,Wanli,2024-05-31 04:00,23,Good,6,0.9,6.9,5.3,0.31,22,0.3
2,Xizhi,2024-05-31 04:00,44,Good,15,13.1,15,0.6,0.44,24,0.7
1,Keelung,2024-05-31 04:00,24,Good,8,2.2,10.5,0.9,0.38,15,0.3
313,Pingtung（fangshan）,2024-05-31 03:00,23,Good,0,0.2,1.7,20.6,0.09,10,0
312,Taichung（Rilana Elementary）,2024-05-31 03:00,22,Good,3,0.4,7.3,11.2,0,16,0
311,New Taipei(Shulin),2024-05-31 03:00,51,Moderate,14,0.9,7.1,5.6,0.28,26,0.4
204,Pingtung（Liuqiu）,2024-05-31 03:00,24,Good,6,1.1,0.7,25.7,0.06,8,0.4
203,Tainan（Madou）,2024-05-31 03:00,17,Good,5,0.3,3.2,19.4,0.09,11,0.4
202,Kaohsiung（Hunei）,2024-05-31 03:00,18,Good,6,1,4.8,17.1,0.14,6,1.2
201,Changhua（Yuanlin）,2024-05-31 03:00,35,Good,8,1.5,8.4,8.7,0.21,27,1.5
85,Dacheng,2024-05-31 03:00,16,Good,4,0.7,4.1,20,0.07,8,1.2
84,FugueiCape,2024-05-31 03:00,27,Good,9,0.1,9.2,20.1,0.22,27,0.9
83,Mailiao,2024-05-31 03:00,21,Good,5,0.5,3.3,21.9,0.11,7,1.1
80,Guanshan,2024-05-31 03:00,23,Good,4,1.2,1.6,5.2,0.1,28,0.3
78,Magong,2024-05-31 03:00,26,Good,1,0.1,2.6,27.3,0.08,6,0.6
77,Kinmen,2024-05-31 03:00,81,Moderate,30,1.6,27.3,4,0.38,36,1.7
75,Matsu,2024-05-31 03:00,37,Good,11,1,5.4,40.1,0.19,16,0.7
72,Puli,2024-05-31 03:00,33,Good,10,1.5,2.1,7.9,0.18,22,0.8
71,Fuxing,2024-05-31 03:00,18,Good,1,1.3,4,21.1,0.11,4,4.2
70,Yonghe,2024-05-31 03:00,57,Moderate,9,1.5,4.6,7.1,0.22,12,0.7
69,Zhushan,2024-05-31 03:00,25,Good,6,1.3,4.7,3.6,0.1,31,0.7
68,Zhongli,2024-05-31 03:00,53,Moderate,20,6.4,23,4,0.74,42,2.2
67,Sanchong,2024-05-31 03:00,39,Good,12,4.3,15.1,4.1,0.45,27,0.6
66,Dongshan,2024-05-31 03:00,24,Good,6,1.2,4.8,4.7,0.39,27,0.2
65,Yilan,2024-05-31 03:00,17,Good,1,0.5,2.4,9,0.15,17,1.6
64,Yangming,2024-05-31 03:00,26,Good,7,0.7,2.3,30.5,0.15,13,0.6
63,Hualien,2024-05-31 03:00,20,Good,4,0.7,1.1,11.4,0.16,10,0.1
62,Taitung,2024-05-31 03:00,17,Good,3,1.3,2.8,13,0.09,17,0.6
61,Hengchun,2024-05-31 03:00,25,Good,4,0.3,0.6,30.1,0.07,12,0.1
60,Chaozhou,2024-05-31 03:00,16,Good,2,1.8,1.3,14.6,0.07,18,0.4
59,Pingtung,2024-05-31 03:00,20,Good,2,0.5,3,18,0.1,12,0.5
58,Xiaogang,2024-05-31 03:00,31,Good,6,0.4,6.8,20,0.11,9,1.4
57,Qianzhen,2024-05-31 03:00,17,Good,0,0.3,5.8,21.4,0.09,5,6.8
56,Qianjin,2024-05-31 03:00,18,Good,2,0.2,4.3,21.9,0.12,4,1.3
54,Zuoying,2024-05-31 03:00,26,Good,5,0.5,4.1,21.8,0.11,5,0.5
53,Nanzi,2024-05-31 03:00,18,Good,3,0.8,7.4,20.1,0.1,9,0.9
52,Linyuan,2024-05-31 03:00,26,Good,5,0,1.8,19,0.1,13,1
51,Daliao,2024-05-31 03:00,21,Good,4,0.3,3.1,16.9,0.09,7,0.4
50,Fengshan,2024-05-31 03:00,21,Good,0,0.1,1.5,22.6,0.1,4,0.5
49,Renwu,2024-05-31 03:00,23,Good,5,0.2,3.2,24,0.1,3,1.4
48,Qiaotou,2024-05-31 03:00,18,Good,0,0.8,3.5,18.7,0.07,7,0.3
47,Meinong,2024-05-31 03:00,17,Good,0,0.7,0.8,24.3,0.1,7,0.1
46,Tainan,2024-05-31 03:00,27,Good,6,1,5.3,20.6,0.12,15,1
45,Annan,2024-05-31 03:00,24,Good,6,0.5,5.7,21,0.14,17,0.8
44,Shanhua,2024-05-31 03:00,24,Good,3,0.5,2.1,20.5,0.06,7,0.3
43,Xinying,2024-05-31 03:00,19,Good,0,1,2.6,19.8,0.1,6,0.7
42,Chiayi,2024-05-31 03:00,19,Good,2,0.5,1.1,21.9,0.08,7,0.8
41,Taixi,2024-05-31 03:00,19,Good,3,0.5,3.8,20.6,0.11,12,1.1
40,Puzi,2024-05-31 03:00,17,Good,,1.2,4,18.7,0.1,12,1.1
39,Xingang,2024-05-31 03:00,22,Good,5,0.5,2.4,22.4,0.09,11,0.9
38,Lunbei,2024-05-31 03:00,20,Good,5,0,1.7,20.6,0.11,13,0.2
37,Douliu,2024-05-31 03:00,23,Good,5,2.4,7.9,7.5,0.14,27,1.2
36,Nantou,2024-05-31 03:00,28,Good,4,0.4,4.8,4.8,0.14,31,0.2
35,Erlin,2024-05-31 03:00,44,Good,13,0.2,7.3,11.7,0.14,25,1.3
34,Xianxi,2024-05-31 03:00,28,Good,8,2,9.1,4.3,0.21,20,0.3
33,Changhua,2024-05-31 03:00,23,Good,3,0.8,5.1,16.2,0.13,13,0.6
32,Xitun,2024-05-31 03:00,30,Good,8,1,6.5,6.8,0.17,25,0.7
31,Zhongming,2024-05-31 03:00,26,Good,9,0.9,6.5,6.2,0.22,19,1.4
30,Dali,2024-05-31 03:00,31,Good,3,0,4.6,8.8,0.14,12,0.9
29,Shalu,2024-05-31 03:00,26,Good,6,1,6.2,18,0.17,12,0.7
28,Fengyuan,2024-05-31 03:00,19,Good,2,0.9,3.6,19.6,0.14,14,0.7
27,Sanyi,2024-05-31 03:00,24,Good,4,0.9,1.5,20.1,0.12,12,0.7
26,Miaoli,2024-05-31 03:00,44,Good,10,4.5,11,0.2,0.21,20,0.7
25,Toufen,2024-05-31 03:00,36,Good,9,1.2,4.5,6.7,0.2,26,0.9
24,Hsinchu,2024-05-31 03:00,35,Good,9,0.9,9.4,17.4,0.27,25,0.5
23,Zhudong,2024-05-31 03:00,54,Moderate,16,0.7,4.6,8.1,0.24,22,0.8
22,Hukou,2024-05-31 03:00,51,Moderate,17,2.1,10.6,17.4,0.27,26,0.4
21,Longtan,2024-05-31 03:00,59,Moderate,18,4.3,15.8,4.8,0.32,27,0.2
20,Pingzhen,2024-05-31 03:00,44,Good,15,1.3,23.7,4,0.41,34,1.1
19,Guanyin,2024-05-31 03:00,35,Good,19,1.5,8.6,19.3,0.22,25,0.4
18,Dayuan,2024-05-31 03:00,49,Good,16,0.1,9.8,17.8,0.3,32,1.4
17,Taoyuan,2024-05-31 03:00,49,Good,22,1.1,20,8,0.44,31,2
16,Datong,2024-05-31 03:00,38,Good,12,8.6,13.3,4.8,0.57,18,1
15,Songshan,2024-05-31 03:00,44,Good,13,2,13.6,5.7,0.34,18,0
14,Guting,2024-05-31 03:00,25,Good,7,1,3.6,7.7,0.19,15,2.4
13,Wanhua,2024-05-31 03:00,31,Good,6,1.6,8.8,7.5,0.28,21,0.1
12,Zhongshan,2024-05-31 03:00,31,Good,7,1,10,7.3,0.3,18,0.3
11,Shilin,2024-05-31 03:00,39,Good,11,0.4,11.1,9,0.32,21,0.8
10,Tamsui,2024-05-31 03:00,36,Good,12,1,14.7,7.1,0.34,22,1.6
9,Linkou,2024-05-31 03:00,33,Good,14,7.6,19.9,14.3,0.37,21,1.4
8,Cailiao,2024-05-31 03:00,37,Good,11,1.8,19.1,2.5,0.5,24,0.8
7,Xinzhuang,2024-05-31 03:00,53,Moderate,20,0.4,16.2,7.8,0.41,19,0.8
6,Banqiao,2024-05-31 03:00,40,Good,10,0.9,18.4,4.6,0.43,27,0.7
5,Tucheng,2024-05-31 03:00,55,Moderate,12,1.8,14.7,3.8,0.38,30,0.1
4,Xindian,2024-05-31 03:00,37,Good,14,1.1,2.7,9.2,0.19,18,1.1
3,Wanli,2024-05-31 03:00,24,Good,7,0.8,6.7,4.3,0.3,20,0.3
2,Xizhi,2024-05-31 03:00,43,Good,16,9,15.5,1.6,0.43,21,0.8
1,Keelung,2024-05-31 03:00,23,Good,11,2,11.3,2.1,0.37,22,0.5
313,Pingtung（fangshan）,2024-05-31 02:00,25,Good,0,0,1.4,26.2,0.09,10,0
312,Taichung（Rilana Elementary）,2024-05-31 02:00,26,Good,6,0.8,10.6,9.7,,18,0.1
311,New Taipei(Shulin),2024-05-31 02:00,52,Moderate,19,4.4,11.3,3.4,0.33,24,0.4
204,Pingtung（Liuqiu）,2024-05-31 02:00,25,Good,8,1.3,0.6,26.1,0.07,5,0.4
203,Tainan（Madou）,2024-05-31 02:00,18,Good,6,0.2,3.8,22.4,0.1,10,0.4
202,Kaohsiung（Hunei）,2024-05-31 02:00,16,Good,6,1,6.4,16.3,0.24,6,
201,Changhua（Yuanlin）,2024-05-31 02:00,40,Good,10,1,6.8,15.3,0.2,17,1.7
85,Dacheng,2024-05-31 02:00,18,Good,5,0.3,5.6,15,0.1,10,1.3
84,FugueiCape,2024-05-31 02:00,28,Good,7,0.2,9.5,21.2,0.21,27,0.6
83,Mailiao,2024-05-31 02:00,22,Good,7,0.4,5.6,18,0.13,16,1.3
80,Guanshan,2024-05-31 02:00,21,Good,3,1.9,1.7,4.4,0.1,30,0.1
78,Magong,2024-05-31 02:00,27,Good,1,0.5,2.1,30.7,0.09,3,0.5
77,Kinmen,2024-05-31 02:00,78,Moderate,26,1.6,25.7,4.9,0.36,30,1.2
75,Matsu,2024-05-31 02:00,38,Good,9,1.1,15.6,25.7,0.18,7,1.5
72,Puli,2024-05-31 02:00,33,Good,8,1.6,3.1,7.1,0.18,24,0.9
71,Fuxing,2024-05-31 02:00,18,Good,3,0.8,5.6,21.3,0.12,7,3.7
70,Yonghe,2024-05-31 02:00,59,Moderate,12,1.3,5.4,7.6,0.24,12,0.7
69,Zhushan,2024-05-31 02:00,24,Good,3,1,5.7,3.6,0.11,25,0.7
68,Zhongli,2024-05-31 02:00,51,Moderate,19,4,26.1,8.8,0.62,30,2.2
67,Sanchong,2024-05-31 02:00,39,Good,11,4.8,17,2.5,0.52,18,0.7
66,Dongshan,2024-05-31 02:00,24,Good,7,0.8,4,6.9,0.3,20,0.3
65,Yilan,2024-05-31 02:00,19,Good,6,0.5,2.8,8.8,0.15,19,1.6
64,Yangming,2024-05-31 02:00,25,Good,8,0.8,3.2,29.9,0.17,14,0.7
63,Hualien,2024-05-31 02:00,22,Good,6,0.8,1.1,17,0.16,6,0.3
62,Taitung,2024-05-31 02:00,17,Good,1,1.6,4.4,8.5,0.1,22,0.6
61,Hengchun,2024-05-31 02:00,25,Good,3,0.3,1,24.7,0.07,18,0.1
60,Chaozhou,2024-05-31 02:00,18,Good,0,1.8,1.4,16.4,0.07,12,0.5
59,Pingtung,2024-05-31 02:00,21,Good,1,0.5,3.1,22.4,0.1,5,0.5
58,Xiaogang,2024-05-31 02:00,33,Good,4,0.6,6.2,20.5,0.1,7,1
57,Qianzhen,2024-05-31 02:00,16,Good,0,0.8,6.9,20,0.11,8,4.8
56,Qianjin,2024-05-31 02:00,18,Good,2,0.4,6.3,19.5,0.14,9,1.8
54,Zuoying,2024-05-31 02:00,29,Good,6,0.5,7.1,18,0.15,6,1.7
53,Nanzi,2024-05-31 02:00,22,Good,3,0.9,13.4,14.4,0.12,5,4.4
52,Linyuan,2024-05-31 02:00,27,Good,5,0,1.8,22.3,0.1,11,0.8
51,Daliao,2024-05-31 02:00,23,Good,5,0.2,2.4,19.9,0.09,7,0.4
50,Fengshan,2024-05-31 02:00,21,Good,0,0.1,1.7,23.9,0.1,5,0.5
49,Renwu,2024-05-31 02:00,24,Good,4,0,3.5,23.4,0.1,3,1.8
48,Qiaotou,2024-05-31 02:00,18,Good,3,0.9,6.6,18.2,0.11,6,1.6
47,Meinong,2024-05-31 02:00,18,Good,0,0.5,1.5,23.1,0.1,14,0
46,Tainan,2024-05-31 02:00,28,Good,9,0.7,7.6,18.8,0.2,15,1.4
45,Annan,2024-05-31 02:00,25,Good,6,0.7,8,18.9,0.21,16,1.1
44,Shanhua,2024-05-31 02:00,26,Good,6,0.5,1.5,22.3,0.07,10,0.3
43,Xinying,2024-05-31 02:00,20,Good,3,1.2,3.4,18.7,0.12,11,0.8
42,Chiayi,2024-05-31 02:00,20,Good,3,0.7,2.2,20.4,0.09,13,1.1
41,Taixi,2024-05-31 02:00,21,Good,3,0.3,4.1,20.6,0.13,17,1
40,Puzi,2024-05-31 02:00,19,Good,,1.3,5.5,16.8,0.12,21,1.4
39,Xingang,2024-05-31 02:00,25,Good,5,1.3,2.4,22.1,0.11,15,1
38,Lunbei,2024-05-31 02:00,22,Good,4,0.1,3.1,15,0.13,15,0.4
37,Douliu,2024-05-31 02:00,23,Good,5,1.7,11.3,6,0.18,29,1.1
36,Nantou,2024-05-31 02:00,27,Good,5,0.1,7,3.2,0.16,32,0.1
35,Erlin,2024-05-31 02:00,45,Good,15,0.6,10.8,4.5,0.18,26,1.5
34,Xianxi,2024-05-31 02:00,32,Good,11,1.7,9,6.6,0.23,21,0.2
33,Changhua,2024-05-31 02:00,27,Good,3,0.4,5,20.3,0.12,17,0.6
32,Xitun,2024-05-31 02:00,31,Good,6,1.3,8.1,8.7,0.18,21,0.7
31,Zhongming,2024-05-31 02:00,26,Good,7,0.6,5.2,11.4,0.22,19,1.4
30,Dali,2024-05-31 02:00,36,Good,7,0,5,10.1,0.18,18,1.1
29,Shalu,2024-05-31 02:00,28,Good,5,1,9.3,15.6,0.18,15,0.9
28,Fengyuan,2024-05-31 02:00,22,Good,3,0.6,4.2,19.3,0.15,15,0.9
27,Sanyi,2024-05-31 02:00,26,Good,6,0.7,2.9,18,0.15,15,0.6
26,Miaoli,2024-05-31 02:00,46,Good,16,1.8,10.8,5.2,0.23,19,0.9
25,Toufen,2024-05-31 02:00,38,Good,11,1.1,5.9,9.4,0.22,23,0.6
24,Hsinchu,2024-05-31 02:00,34,Good,11,0.9,12.7,18.9,0.28,22,0.6
23,Zhudong,2024-05-31 02:00,54,Moderate,16,0.8,4.5,8.3,0.24,29,0.7
22,Hukou,2024-05-31 02:00,49,Good,14,3.1,16.8,12,0.3,24,0.2
21,Longtan,2024-05-31 02:00,59,Moderate,20,9.1,22.4,0.1,0.41,33,0.3
20,Pingzhen,2024-05-31 02:00,41,Good,16,0.3,20.6,15.5,0.37,38,1
19,Guanyin,2024-05-31 02:00,31,Good,11,1.9,7.6,18.4,0.22,26,0.8
18,Dayuan,2024-05-31 02:00,46,Good,21,0,10.1,16.2,0.3,27,1.2
17,Taoyuan,2024-05-31 02:00,45,Good,18,0.6,18.2,14.4,0.4,22,2.2
16,Datong,2024-05-31 02:00,40,Good,14,12,18.1,2.3,0.67,29,1
15,Songshan,2024-05-31 02:00,46,Good,15,0.9,12,9.7,0.33,18,0.3
14,Guting,2024-05-31 02:00,25,Good,5,1.1,4.8,8.6,0.22,13,
13,Wanhua,2024-05-31 02:00,35,Good,9,2.6,12.8,6.6,0.34,21,0.2
12,Zhongshan,2024-05-31 02:00,34,Good,11,0.9,11,6.6,0.34,19,0.4
11,Shilin,2024-05-31 02:00,39,Good,15,0.4,14.5,8.9,0.33,22,1
10,Tamsui,2024-05-31 02:00,36,Good,11,0.7,15.8,8.7,0.34,27,1.4
9,Linkou,2024-05-31 02:00,31,Good,12,,,14.3,0.33,26,2
8,Cailiao,2024-05-31 02:00,36,Good,12,1.4,17.9,2.1,0.52,15,1
7,Xinzhuang,2024-05-31 02:00,50,Good,15,0.9,17.1,8.8,0.45,24,1.2
6,Banqiao,2024-05-31 02:00,42,Good,14,1.5,20.9,2.8,0.5,26,0.6
5,Tucheng,2024-05-31 02:00,57,Moderate,16,4,18.6,1.9,0.46,23,0.3
4,Xindian,2024-05-31 02:00,35,Good,9,1.3,3.9,9.9,0.21,21,1.1
3,Wanli,2024-05-31 02:00,26,Good,6,0.8,10.9,6.3,0.34,21,0.4
2,Xizhi,2024-05-31 02:00,43,Good,11,13.2,16,0.6,0.49,19,1.2
1,Keelung,2024-05-31 02:00,22,Good,4,2.2,13.6,1.8,0.39,21,0.6
313,Pingtung（fangshan）,2024-05-31 01:00,26,Good,2,0,1.8,29.2,0.08,13,0
312,Taichung（Rilana Elementary）,2024-05-31 01:00,28,Good,6,2.1,8.8,19.7,0.03,12,0.3
311,New Taipei(Shulin),2024-05-31 01:00,51,Moderate,12,0.6,7.9,8.8,0.28,27,0.8
204,Pingtung（Liuqiu）,2024-05-31 01:00,26,Good,5,1.2,0.9,24.2,0.06,7,0.6
203,Tainan（Madou）,2024-05-31 01:00,19,Good,4,0.9,4.6,18.2,0.13,17,0.5
202,Kaohsiung（Hunei）,2024-05-31 01:00,15,Good,4,1.1,8.3,15.6,0.17,10,1.1
201,Changhua（Yuanlin）,2024-05-31 01:00,44,Good,12,0.5,7.9,14.4,0.22,20,1.6
85,Dacheng,2024-05-31 01:00,20,Good,5,0.1,6,12.3,0.13,15,0.9
84,FugueiCape,2024-05-31 01:00,30,Good,5,0.1,5.4,28.8,0.16,23,0.5
83,Mailiao,2024-05-31 01:00,22,Good,5,0.3,6.1,17,0.16,15,1.5
80,Guanshan,2024-05-31 01:00,18,Good,2,0.2,1.7,6,0.11,35,0.4
78,Magong,2024-05-31 01:00,27,Good,1,1,2.6,29.7,0.1,4,1
77,Kinmen,2024-05-31 01:00,76,Moderate,30,1.6,25.9,2.8,0.33,35,1.6
75,Matsu,2024-05-31 01:00,39,Good,12,0.8,14.9,28.6,0.2,18,1.3
72,Puli,2024-05-31 01:00,35,Good,10,1.4,3.8,8.9,0.19,22,0.9
71,Fuxing,2024-05-31 01:00,20,Good,5,1.8,12.2,14.3,0.37,8,1.4
70,Yonghe,2024-05-31 01:00,59,Moderate,16,1.7,10.1,6.5,0.37,8,0.9
69,Zhushan,2024-05-31 01:00,30,Good,5,0.6,4.3,5.1,0.12,31,0.8
68,Zhongli,2024-05-31 01:00,46,Good,13,4.5,22.9,12.4,0.61,34,1.7
67,Sanchong,2024-05-31 01:00,50,Good,16,25.4,30.3,2.6,0.86,22,1.1
66,Dongshan,2024-05-31 01:00,24,Good,12,0.6,3.7,8.9,0.31,21,0.6
65,Yilan,2024-05-31 01:00,23,Good,9,0.4,2.7,8,0.17,12,0.4
64,Yangming,2024-05-31 01:00,25,Good,11,0.5,2.3,29.9,0.16,17,0.7
63,Hualien,2024-05-31 01:00,25,Good,7,0.2,1.7,15.4,0.17,16,0.3
62,Taitung,2024-05-31 01:00,19,Good,1,1.6,1.9,9.7,0.12,23,0
61,Hengchun,2024-05-31 01:00,27,Good,1,0.5,0.8,27.6,0.1,9,0.3
60,Chaozhou,2024-05-31 01:00,19,Good,0,0.2,0.7,22.3,0.06,10,0.5
59,Pingtung,2024-05-31 01:00,21,Good,4,0.4,2.5,24.8,0.1,8,0.4
58,Xiaogang,2024-05-31 01:00,40,Good,24,4.8,20.1,13.3,0.64,23,16.6
57,Qianzhen,2024-05-31 01:00,18,Good,3,1.3,11.4,14.9,0.29,14,1.7
56,Qianjin,2024-05-31 01:00,19,Good,2,0,9.5,17.8,0.16,13,1
54,Zuoying,2024-05-31 01:00,31,Good,8,0,7.7,17.7,0.18,3,1.6
53,Nanzi,2024-05-31 01:00,19,Good,4,0.6,11.2,17.4,0.22,7,1.1
52,Linyuan,2024-05-31 01:00,29,Good,0,0.7,0.8,26.9,0.1,14,0.6
51,Daliao,2024-05-31 01:00,24,Good,4,0.2,1.8,23.5,0.09,11,0.3
50,Fengshan,2024-05-31 01:00,21,Good,3,0.6,5.1,21.4,0.19,8,0.7
49,Renwu,2024-05-31 01:00,24,Good,5,0.8,7.1,22.9,0.2,6,3.3
48,Qiaotou,2024-05-31 01:00,19,Good,6,0.3,9.9,16.5,0.3,7,1.7
47,Meinong,2024-05-31 01:00,19,Good,4,1.2,2.3,19.2,0.12,14,0.5
46,Tainan,2024-05-31 01:00,28,Good,7,0.5,11.3,15.5,0.19,16,2.3
45,Annan,2024-05-31 01:00,26,Good,6,1.7,11.6,16.7,0.24,11,2.4
44,Shanhua,2024-05-31 01:00,27,Good,9,1.2,2.8,17.9,0.1,13,0.2
43,Xinying,2024-05-31 01:00,22,Good,2,0.4,3.1,20.6,0.12,13,0
42,Chiayi,2024-05-31 01:00,22,Good,4,1.2,5.7,13.8,0.14,18,1.3
41,Taixi,2024-05-31 01:00,21,Good,3,0.9,4.9,18.4,0.15,17,1.6
40,Puzi,2024-05-31 01:00,19,Good,,1.3,5.9,16.4,0.16,21,1.4
39,Xingang,2024-05-31 01:00,27,Good,7,1.5,3.5,19.5,0.12,18,0.2
38,Lunbei,2024-05-31 01:00,26,Good,4,1.5,2.7,13.8,0.17,16,0.8
37,Douliu,2024-05-31 01:00,25,Good,5,1.1,2.7,9.4,0.13,23,0.9
36,Nantou,2024-05-31 01:00,26,Good,5,0.8,5.5,5.3,0.15,32,0.2
35,Erlin,2024-05-31 01:00,47,Good,10,0.8,8.3,8.8,0.16,29,0.4
34,Xianxi,2024-05-31 01:00,35,Good,5,1.2,4.1,14.4,0.18,31,0.4
33,Changhua,2024-05-31 01:00,33,Good,6,1.6,8.7,15.9,0.19,20,0.9
32,Xitun,2024-05-31 01:00,34,Good,10,1.2,9.8,7.7,0.2,29,0.8
31,Zhongming,2024-05-31 01:00,27,Good,6,1,6.6,11.8,0.22,21,0.7
30,Dali,2024-05-31 01:00,39,Good,9,0.6,7,8.4,0.23,20,1.2
29,Shalu,2024-05-31 01:00,33,Good,8,0,8.5,16.6,0.23,16,0.9
28,Fengyuan,2024-05-31 01:00,24,Good,6,0.8,4.9,18.3,0.19,23,0
27,Sanyi,2024-05-31 01:00,29,Good,6,0.9,2.1,17.6,0.17,18,0.5
26,Miaoli,2024-05-31 01:00,44,Good,13,1.5,13,7.9,0.25,22,1.2
25,Toufen,2024-05-31 01:00,40,Good,12,1.4,8.6,11.7,0.26,25,1.3
24,Hsinchu,2024-05-31 01:00,33,Good,12,0.9,10.8,25.6,0.28,25,2
23,Zhudong,2024-05-31 01:00,53,Moderate,19,0.5,5.5,7.7,0.25,37,0.2
22,Hukou,2024-05-31 01:00,50,Good,13,0.6,7.8,21.5,0.24,23,0.5
21,Longtan,2024-05-31 01:00,57,Moderate,21,5.1,24.2,0.5,0.43,44,0.9
20,Pingzhen,2024-05-31 01:00,40,Good,12,0,24.2,14.4,0.31,46,0.8
19,Guanyin,2024-05-31 01:00,30,Good,7,0.2,4.9,31.9,0.14,18,0.8
18,Dayuan,2024-05-31 01:00,41,Good,11,1.2,11.2,22.6,0.33,25,1.4
17,Taoyuan,2024-05-31 01:00,43,Good,11,0.5,12,22.3,0.33,25,1.4
16,Datong,2024-05-31 01:00,37,Good,10,10.1,16.3,3.9,0.83,20,0.8
15,Songshan,2024-05-31 01:00,46,Good,12,4.9,21.2,4.5,0.49,18,0.5
14,Guting,2024-05-31 01:00,27,Good,8,1.2,6.7,8.3,0.24,15,1.9
13,Wanhua,2024-05-31 01:00,39,Good,9,1.3,10.9,8.1,0.33,14,0.3
12,Zhongshan,2024-05-31 01:00,33,Good,11,1.1,13.3,8.2,0.37,8,0.6
11,Shilin,2024-05-31 01:00,38,Good,12,1.4,23.4,4.4,0.43,25,0.6
10,Tamsui,2024-05-31 01:00,36,Good,10,1.2,11.5,11.8,0.35,22,0.9
9,Linkou,2024-05-31 01:00,30,Good,9,,,18.9,0.27,25,3.1
8,Cailiao,2024-05-31 01:00,33,Good,13,1.4,18.3,7.8,0.46,21,1
7,Xinzhuang,2024-05-31 01:00,50,Good,22,1.1,20.4,8.7,0.57,23,0.9
6,Banqiao,2024-05-31 01:00,42,Good,13,2.7,25,2.9,0.55,28,0.9
5,Tucheng,2024-05-31 01:00,59,Moderate,19,2.6,20.4,4,0.47,32,0.2
4,Xindian,2024-05-31 01:00,36,Good,12,1.3,5,8.6,0.23,28,0.8
3,Wanli,2024-05-31 01:00,28,Good,9,1.1,6.1,6.8,0.28,27,0
2,Xizhi,2024-05-31 01:00,44,Good,13,14.9,18.7,0.4,0.48,25,1.7
1,Keelung,2024-05-31 01:00,28,Good,7,10.6,17.5,0.7,0.48,29,1
313,Pingtung（fangshan）,2024-05-31 00:00,27,Good,3,0,1,31.2,0.08,22,0
312,Taichung（Rilana Elementary）,2024-05-31 00:00,31,Good,7,2.2,8.6,21.5,0.05,13,0.1
311,New Taipei(Shulin),2024-05-31 00:00,54,Moderate,16,2,13.1,4.6,0.39,26,0.9
204,Pingtung（Liuqiu）,2024-05-31 00:00,26,Good,6,1.1,0.7,25.8,0.06,11,0.5
203,Tainan（Madou）,2024-05-31 00:00,22,Good,3,0.8,13,15.4,0.15,14,0.5
202,Kaohsiung（Hunei）,2024-05-31 00:00,17,Good,6,1.3,8.5,14.4,0.26,13,1.1
201,Changhua（Yuanlin）,2024-05-31 00:00,44,Good,11,0.5,9.2,14.7,0.25,24,1.8
85,Dacheng,2024-05-31 00:00,25,Good,6,0,5.8,13.7,0.12,16,0.8
84,FugueiCape,2024-05-31 00:00,31,Good,8,0.1,5.5,27.1,0.17,30,0.5
83,Mailiao,2024-05-31 00:00,24,Good,7,0.7,7.4,15.6,0.18,22,1.4
80,Guanshan,2024-05-31 00:00,15,Good,2,0.4,1.9,6.5,0.12,31,0.4
78,Magong,2024-05-31 00:00,27,Good,1,1,3.8,29.2,0.1,5,1.1
77,Kinmen,2024-05-31 00:00,73,Moderate,25,1,19.3,9.8,0.34,29,1.8
75,Matsu,2024-05-31 00:00,39,Good,11,0.8,16,24.1,0.21,19,1.3
72,Puli,2024-05-31 00:00,36,Good,8,1.6,5.6,7.1,0.21,26,0.9
71,Fuxing,2024-05-31 00:00,19,Good,0,1.5,8.3,20.1,0.12,7,0.7
70,Yonghe,2024-05-31 00:00,58,Moderate,48,3.2,8.8,8.2,0.39,,0.7
69,Zhushan,2024-05-31 00:00,36,Good,6,0.7,4.6,5.2,0.13,25,0.7
68,Zhongli,2024-05-31 00:00,47,Good,16,4.7,22.8,13.6,0.6,25,1.8
67,Sanchong,2024-05-31 00:00,43,Good,11,30.9,26.6,2.2,0.86,21,0.8
66,Dongshan,2024-05-31 00:00,24,Good,6,0.6,2.7,12.2,0.26,19,0.3
65,Yilan,2024-05-31 00:00,27,Good,4,0.5,3,11.6,0.19,18,0.5
64,Yangming,2024-05-31 00:00,25,Good,7,0.6,2.3,34.1,0.17,12,0.8
63,Hualien,2024-05-31 00:00,26,Good,4,0.4,2.2,17.2,0.18,9,0.4
62,Taitung,2024-05-31 00:00,20,Good,3,1.8,1.8,14.4,0.11,23,0
61,Hengchun,2024-05-31 00:00,28,Good,3,0.5,0.9,28.4,0.1,15,0.6
60,Chaozhou,2024-05-31 00:00,20,Good,3,0.2,2.6,21.3,0.07,16,0.6
59,Pingtung,2024-05-31 00:00,22,Good,4,0.5,4.4,22.7,0.12,16,0.5
58,Xiaogang,2024-05-31 00:00,26,Good,7,0.8,8.1,20.5,0.21,7,8.3
57,Qianzhen,2024-05-31 00:00,17,Good,5,2.1,9.9,20,0.13,11,0.9
56,Qianjin,2024-05-31 00:00,19,Good,0,0,9.7,20.4,0.1,5,1.3
54,Zuoying,2024-05-31 00:00,31,Good,12,0,9.1,20.8,0.14,8,1.9
53,Nanzi,2024-05-31 00:00,25,Good,6,0.7,15.8,14.9,0.36,15,1.6
52,Linyuan,2024-05-31 00:00,30,Good,1,0.6,0.7,30.3,0.09,28,0.6
51,Daliao,2024-05-31 00:00,25,Good,3,0.2,1.8,26.2,0.09,11,0.3
50,Fengshan,2024-05-31 00:00,22,Good,4,0.4,5.9,23.5,0.2,12,0.9
49,Renwu,2024-05-31 00:00,26,Good,8,0.7,9.5,20.9,0.34,9,1.7
48,Qiaotou,2024-05-31 00:00,19,Good,7,0.1,10.9,17.3,0.26,9,0.9
47,Meinong,2024-05-31 00:00,20,Good,8,1.3,2.7,11.8,0.16,26,0.7
46,Tainan,2024-05-31 00:00,29,Good,10,0.5,12,15,0.21,12,1.6
45,Annan,2024-05-31 00:00,30,Good,5,1.8,12.8,15.5,0.24,14,1.8
44,Shanhua,2024-05-31 00:00,27,Good,11,1.2,2.8,17.4,0.09,12,0.2
43,Xinying,2024-05-31 00:00,24,Good,0,0.5,3.5,19.5,0.15,14,0
42,Chiayi,2024-05-31 00:00,24,Good,4,1,6.1,14.6,0.17,15,1.5
41,Taixi,2024-05-31 00:00,23,Good,3,1,5.9,16.3,0.17,21,1.5
40,Puzi,2024-05-31 00:00,21,Good,,1.4,5.4,18.1,0.15,17,1.2
39,Xingang,2024-05-31 00:00,29,Good,6,1.5,3.8,19.9,0.12,15,0.4
38,Lunbei,2024-05-31 00:00,31,Good,7,3.6,5.3,14.3,0.15,13,1
37,Douliu,2024-05-31 00:00,28,Good,7,1.3,3,10.9,0.14,26,1
36,Nantou,2024-05-31 00:00,25,Good,7,0.6,5.7,7,0.16,30,0.2
35,Erlin,2024-05-31 00:00,51,Moderate,11,0.5,8.6,13.2,0.14,24,0.7
34,Xianxi,2024-05-31 00:00,38,Good,4,1.1,3.7,20,0.17,21,0.6
33,Changhua,2024-05-31 00:00,36,Good,9,1.3,11.1,12.4,0.26,23,1
32,Xitun,2024-05-31 00:00,35,Good,11,1.4,16,5.5,0.28,28,1
31,Zhongming,2024-05-31 00:00,27,Good,8,1,9.3,12,0.27,20,0.9
30,Dali,2024-05-31 00:00,40,Good,12,0.8,8.2,9.7,0.28,23,1.2
29,Shalu,2024-05-31 00:00,35,Good,5,0,8,22.6,0.21,13,0.8
28,Fengyuan,2024-05-31 00:00,27,Good,5,0.8,4.6,21.4,0.2,15,0.4
27,Sanyi,2024-05-31 00:00,32,Good,7,0.9,1.5,23.7,0.15,11,0.5
26,Miaoli,2024-05-31 00:00,43,Good,17,1,6.8,25.8,0.21,24,1.4
25,Toufen,2024-05-31 00:00,39,Good,14,1.3,7.2,22.4,0.25,32,1.5
24,Hsinchu,2024-05-31 00:00,35,Good,13,0.8,9.6,31.6,0.28,23,1.2
23,Zhudong,2024-05-31 00:00,54,Moderate,17,0.8,6.3,8.6,0.25,29,0.4
22,Hukou,2024-05-31 00:00,53,Moderate,19,0.8,15.8,13.1,0.3,21,0.6
21,Longtan,2024-05-31 00:00,56,Moderate,19,0.8,19.3,7.5,0.39,28,1
