level_0,aqi,co,datacreationdate,index,no,no2,o3,pm10,pm2.5,siteid,sitename,so2,status
0,21,0.11,2024-05-31 05:00,0,0.1,2.1,15.7,17.0,0.0,313,Pingtung（fangshan）,0.1,Good
1,19,0.04,2024-05-31 05:00,1,0.2,10.5,7.5,34.0,3.0,312,Taichung（Rilana Elementary）,0.3,Good
2,53,0.55,2024-05-31 05:00,2,3.8,5.5,6.0,31.0,17.0,311,New Taipei(Shulin),1.8,Moderate
3,23,0.08,2024-05-31 05:00,3,1.3,0.6,21.6,14.0,6.0,204,Pingtung（Liuqiu）,0.6,Good
4,17,0.2,2024-05-31 05:00,4,1.3,2.6,17.6,21.0,2.0,203,Tainan（Madou）,0.3,Good
5,17,0.27,2024-05-31 05:00,5,2.0,4.2,14.6,15.0,6.0,202,Kaohsiung（Hunei）,0.6,Good
6,36,0.36,2024-05-31 05:00,6,1.1,5.8,10.9,30.0,12.0,201,Changhua（Yuanlin）,1.9,Good
7,15,0.1,2024-05-31 05:00,7,0.6,1.7,19.3,13.0,2.0,85,Dacheng,0.7,Good
8,32,0.15,2024-05-31 05:00,8,0.2,5.2,20.2,27.0,9.0,84,FugueiCape,0.3,Good
9,17,0.2,2024-05-31 05:00,9,0.4,2.1,22.0,16.0,3.0,83,Mailiao,1.0,Good
10,24,0.11,2024-05-31 05:00,10,0.4,2.4,2.3,16.0,8.0,80,Guanshan,0.5,Good
11,25,0.17,2024-05-31 05:00,11,1.1,4.3,24.5,8.0,1.0,78,Magong,0.9,Good
12,84,0.37,2024-05-31 05:00,12,0.5,28.1,1.6,29.0,33.0,77,Kinmen,1.5,Moderate
13,43,0.2,2024-05-31 05:00,13,0.6,5.8,29.9,24.0,19.0,75,Matsu,0.6,Good
14,27,0.38,2024-05-31 05:00,14,1.6,2.3,5.1,19.0,6.0,72,Puli,1.0,Good
15,18,0.31,2024-05-31 05:00,15,1.9,5.2,15.4,16.0,2.0,71,Fuxing,4.2,Good
16,41,1.13,2024-05-31 05:00,16,11.2,5.3,6.0,21.0,15.0,70,Yonghe,1.1,Good
17,27,0.25,2024-05-31 05:00,17,0.7,4.1,2.8,25.0,10.0,69,Zhushan,1.0,Good
18,56,0.97,2024-05-31 05:00,18,19.8,15.3,5.3,36.0,17.0,68,Zhongli,2.4,Moderate
19,36,1.75,2024-05-31 05:00,19,83.5,9.9,4.6,17.0,9.0,67,Sanchong,1.4,Good
20,24,0.21,2024-05-31 05:00,20,0.7,6.2,2.5,24.0,8.0,66,Dongshan,0.4,Good
21,16,0.24,2024-05-31 05:00,21,0.3,3.1,7.7,6.0,1.0,65,Yilan,0.9,Good
22,28,0.17,2024-05-31 05:00,22,0.6,1.4,27.4,16.0,4.0,64,Yangming,0.7,Good
23,19,0.28,2024-05-31 05:00,23,0.7,2.9,4.2,8.0,4.0,63,Hualien,0.2,Good
24,18,0.28,2024-05-31 05:00,24,1.9,1.8,7.3,8.0,5.0,62,Taitung,0.1,Good
25,25,0.1,2024-05-31 05:00,25,0.5,0.5,26.0,10.0,6.0,61,Hengchun,0.7,Good
26,17,0.11,2024-05-31 05:00,26,0.2,1.3,16.1,23.0,0.0,60,Chaozhou,0.8,Good
27,18,0.28,2024-05-31 05:00,27,0.7,4.2,12.7,14.0,1.0,59,Pingtung,0.6,Good
28,23,0.26,2024-05-31 05:00,28,0.7,10.5,10.5,11.0,7.0,58,Xiaogang,2.4,Good
29,17,0.5,2024-05-31 05:00,29,5.5,6.2,16.0,16.0,3.0,57,Qianzhen,6.1,Good
30,17,0.18,2024-05-31 05:00,30,0.1,5.2,16.5,13.0,1.0,56,Qianjin,3.2,Good
31,20,0.33,2024-05-31 05:00,31,0.3,4.7,17.8,17.0,5.0,54,Zuoying,2.4,Good
32,20,0.2,2024-05-31 05:00,32,0.6,12.2,9.6,13.0,3.0,53,Nanzi,1.0,Good
33,21,0.11,2024-05-31 05:00,33,0.7,2.4,12.7,19.0,3.0,52,Linyuan,0.8,Good
34,18,0.12,2024-05-31 05:00,34,0.3,8.4,7.2,19.0,6.0,51,Daliao,0.4,Good
35,19,0.32,2024-05-31 05:00,35,0.8,4.3,13.9,16.0,1.0,50,Fengshan,2.1,Good
36,21,0.21,2024-05-31 05:00,36,0.9,2.9,20.1,6.0,3.0,49,Renwu,,Good
37,17,0.31,2024-05-31 05:00,37,0.1,4.1,16.5,13.0,0.0,48,Qiaotou,1.3,Good
38,16,0.15,2024-05-31 05:00,38,1.1,1.0,16.2,15.0,0.0,47,Meinong,0.8,Good
39,26,0.26,2024-05-31 05:00,39,0.6,4.4,20.1,14.0,9.0,46,Tainan,1.0,Good
40,24,0.29,2024-05-31 05:00,40,2.1,3.4,19.9,12.0,7.0,45,Annan,1.1,Good
41,19,0.09,2024-05-31 05:00,41,1.0,1.5,20.9,13.0,4.0,44,Shanhua,0.4,Good
42,19,0.17,2024-05-31 05:00,42,0.8,2.3,22.5,18.0,0.0,43,Xinying,0.0,Good
43,18,0.15,2024-05-31 05:00,43,0.7,0.8,22.3,13.0,0.0,42,Chiayi,1.3,Good
44,18,0.12,2024-05-31 05:00,44,0.8,2.0,20.9,16.0,0.0,41,Taixi,1.3,Good
45,16,0.23,2024-05-31 05:00,45,3.0,3.0,18.4,20.0,,40,Puzi,1.2,Good
46,20,0.16,2024-05-31 05:00,46,1.2,3.9,22.5,22.0,5.0,39,Xingang,0.9,Good
47,20,0.17,2024-05-31 05:00,47,0.7,5.5,18.2,19.0,6.0,38,Lunbei,0.9,Good
48,23,0.25,2024-05-31 05:00,48,1.4,3.8,9.4,25.0,4.0,37,Douliu,2.1,Good
49,28,0.2,2024-05-31 05:00,49,1.0,5.7,1.7,22.0,1.0,36,Nantou,0.3,Good
50,41,0.17,2024-05-31 05:00,50,1.7,5.3,12.6,30.0,10.0,35,Erlin,0.6,Good
51,26,0.2,2024-05-31 05:00,51,1.2,5.9,12.5,24.0,4.0,34,Xianxi,1.1,Good
52,18,0.22,2024-05-31 05:00,52,1.3,7.4,8.0,21.0,5.0,33,Changhua,0.5,Good
53,24,0.24,2024-05-31 05:00,53,0.7,8.7,4.7,19.0,7.0,32,Xitun,0.9,Good
54,23,0.26,2024-05-31 05:00,54,0.7,3.9,10.2,21.0,5.0,31,Zhongming,1.2,Good
55,21,0.39,2024-05-31 05:00,55,1.2,4.8,7.3,15.0,6.0,30,Dali,1.4,Good
56,22,0.31,2024-05-31 05:00,56,0.2,6.5,12.6,33.0,6.0,29,Shalu,1.1,Good
57,18,0.22,2024-05-31 05:00,57,1.0,4.4,12.8,16.0,3.0,28,Fengyuan,0.7,Good
58,21,0.17,2024-05-31 05:00,58,1.0,0.8,17.4,13.0,5.0,27,Sanyi,0.6,Good
59,38,0.23,2024-05-31 05:00,59,1.2,9.1,2.9,25.0,10.0,26,Miaoli,0.9,Good
60,34,0.26,2024-05-31 05:00,60,1.4,8.5,3.0,26.0,11.0,25,Toufen,1.4,Good
61,33,0.28,2024-05-31 05:00,61,0.8,10.8,3.1,15.0,13.0,24,Hsinchu,1.0,Good
62,52,0.34,2024-05-31 05:00,62,0.4,4.9,6.5,23.0,18.0,23,Zhudong,2.8,Moderate
63,50,0.23,2024-05-31 05:00,63,0.5,13.0,9.3,27.0,15.0,22,Hukou,3.4,Good
64,54,0.4,2024-05-31 05:00,64,0.3,10.7,4.1,32.0,11.0,21,Longtan,1.2,Moderate
65,53,0.4,2024-05-31 05:00,65,0.1,19.8,3.1,31.0,20.0,20,Pingzhen,2.0,Moderate
66,44,0.19,2024-05-31 05:00,66,0.1,13.1,9.3,18.0,15.0,19,Guanyin,2.2,Good
67,52,0.36,2024-05-31 05:00,67,1.3,25.2,3.6,26.0,17.0,18,Dayuan,2.2,Moderate
68,57,0.39,2024-05-31 05:00,68,0.9,20.9,0.0,26.0,22.0,17,Taoyuan,1.5,Moderate
69,38,1.18,2024-05-31 05:00,69,14.6,8.4,5.0,19.0,10.0,16,Datong,1.8,Good
70,41,0.57,2024-05-31 05:00,70,9.1,8.9,7.0,22.0,11.0,15,Songshan,0.6,Good
71,23,0.45,2024-05-31 05:00,71,1.6,4.0,5.9,17.0,7.0,14,Guting,0.7,Good
72,28,0.55,2024-05-31 05:00,72,1.6,5.8,7.2,21.0,6.0,13,Wanhua,0.5,Good
73,26,0.86,2024-05-31 05:00,73,7.5,5.9,6.8,20.0,5.0,12,Zhongshan,0.7,Good
74,42,0.34,2024-05-31 05:00,74,1.0,10.0,5.4,27.0,11.0,11,Shilin,0.9,Good
75,38,0.25,2024-05-31 05:00,75,1.3,17.7,3.8,28.0,11.0,10,Tamsui,3.6,Good
76,36,0.24,2024-05-31 05:00,76,7.0,18.3,13.0,30.0,11.0,9,Linkou,1.3,Good
77,32,0.41,2024-05-31 05:00,77,1.3,13.1,2.1,23.0,8.0,8,Cailiao,1.1,Good
78,55,0.48,2024-05-31 05:00,78,0.3,16.2,3.9,13.0,20.0,7,Xinzhuang,0.8,Moderate
79,41,0.58,2024-05-31 05:00,79,0.9,16.5,2.6,22.0,15.0,6,Banqiao,2.3,Good
80,56,0.65,2024-05-31 05:00,80,1.8,13.2,1.2,28.0,19.0,5,Tucheng,1.8,Moderate
81,35,0.38,2024-05-31 05:00,81,1.7,3.2,7.3,18.0,9.0,4,Xindian,0.9,Good
82,22,0.24,2024-05-31 05:00,82,1.7,6.1,3.9,18.0,5.0,3,Wanli,0.2,Good
83,46,0.6,2024-05-31 05:00,83,14.7,13.7,1.7,23.0,16.0,2,Xizhi,1.8,Good
84,24,0.48,2024-05-31 05:00,84,4.8,10.9,1.5,20.0,7.0,1,Keelung,1.2,Good
85,22,0.09,2024-05-31 04:00,85,0.0,1.8,17.5,19.0,0.0,313,Pingtung（fangshan）,0.0,Good
86,20,0.05,2024-05-31 04:00,86,0.2,9.3,8.9,40.0,1.0,312,Taichung（Rilana Elementary）,0.5,Good
87,51,0.47,2024-05-31 04:00,87,1.8,6.5,5.5,22.0,15.0,311,New Taipei(Shulin),2.7,Moderate
88,24,0.11,2024-05-31 04:00,88,1.3,0.6,24.4,9.0,7.0,204,Pingtung（Liuqiu）,0.7,Good
89,18,0.17,2024-05-31 04:00,89,1.2,3.2,19.0,15.0,5.0,203,Tainan（Madou）,0.4,Good
90,16,0.18,2024-05-31 04:00,90,2.6,6.2,14.1,15.0,4.0,202,Kaohsiung（Hunei）,0.5,Good
91,36,0.28,2024-05-31 04:00,91,0.9,7.3,9.2,26.0,14.0,201,Changhua（Yuanlin）,2.2,Good
92,15,0.1,2024-05-31 04:00,92,0.6,0.9,20.5,19.0,2.0,85,Dacheng,1.0,Good
93,32,0.13,2024-05-31 04:00,93,0.1,6.0,18.1,26.0,15.0,84,FugueiCape,0.2,Good
94,19,0.17,2024-05-31 04:00,94,0.0,2.2,21.0,17.0,3.0,83,Mailiao,1.2,Good
95,23,0.12,2024-05-31 04:00,95,0.3,1.9,3.7,6.0,5.0,80,Guanshan,0.6,Good
96,25,0.18,2024-05-31 04:00,96,1.3,3.6,25.1,4.0,1.0,78,Magong,1.0,Good
97,83,0.37,2024-05-31 04:00,97,0.5,26.0,3.7,38.0,32.0,77,Kinmen,1.7,Moderate
98,40,0.18,2024-05-31 04:00,98,0.5,4.2,37.5,19.0,17.0,75,Matsu,0.7,Good
99,30,0.32,2024-05-31 04:00,99,1.6,2.4,5.8,15.0,6.0,72,Puli,1.0,Good
100,18,0.33,2024-05-31 04:00,100,2.7,3.7,20.2,12.0,2.0,71,Fuxing,2.2,Good
101,41,0.82,2024-05-31 04:00,101,7.6,3.8,7.4,13.0,6.0,70,Yonghe,0.8,Good
102,26,0.21,2024-05-31 04:00,102,0.5,4.0,3.4,13.0,7.0,69,Zhushan,1.1,Good
103,54,1.08,2024-05-31 04:00,103,22.9,19.2,3.4,19.0,20.0,68,Zhongli,1.8,Moderate
104,39,2.07,2024-05-31 04:00,104,77.7,8.8,6.4,20.0,11.0,67,Sanchong,1.2,Good
105,25,0.21,2024-05-31 04:00,105,1.1,5.8,2.6,20.0,9.0,66,Dongshan,0.5,Good
106,15,0.2,2024-05-31 04:00,106,0.4,2.7,7.0,18.0,0.0,65,Yilan,0.9,Good
107,28,0.16,2024-05-31 04:00,107,0.5,1.5,30.0,10.0,6.0,64,Yangming,1.0,Good
108,20,0.27,2024-05-31 04:00,108,0.7,1.3,6.8,14.0,4.0,63,Hualien,0.3,Good
109,18,0.3,2024-05-31 04:00,109,2.3,2.9,7.0,7.0,5.0,62,Taitung,0.3,Good
110,25,0.1,2024-05-31 04:00,110,0.6,0.5,29.4,9.0,4.0,61,Hengchun,0.6,Good
111,15,0.11,2024-05-31 04:00,111,0.2,1.3,15.5,13.0,2.0,60,Chaozhou,0.9,Good
112,19,0.28,2024-05-31 04:00,112,0.8,3.8,15.5,13.0,2.0,59,Pingtung,0.5,Good
113,31,0.5,2024-05-31 04:00,113,1.2,8.3,15.5,11.0,7.0,58,Xiaogang,3.7,Good
114,17,0.7,2024-05-31 04:00,114,6.6,4.5,21.1,12.0,0.0,57,Qianzhen,2.5,Good
115,18,0.16,2024-05-31 04:00,115,0.5,4.3,19.9,11.0,1.0,56,Qianjin,1.2,Good
116,22,0.25,2024-05-31 04:00,116,0.7,4.4,19.8,14.0,4.0,54,Zuoying,1.6,Good
117,17,0.28,2024-05-31 04:00,117,0.8,6.1,18.5,17.0,3.0,53,Nanzi,0.6,Good
118,23,0.1,2024-05-31 04:00,118,0.7,2.2,14.4,21.0,4.0,52,Linyuan,0.8,Good
119,19,0.12,2024-05-31 04:00,119,0.3,4.7,12.5,21.0,4.0,51,Daliao,0.3,Good
120,20,0.38,2024-05-31 04:00,120,1.3,3.1,16.8,18.0,0.0,50,Fengshan,1.3,Good
121,22,0.28,2024-05-31 04:00,121,1.0,2.5,22.0,7.0,3.0,49,Renwu,,Good
122,18,0.39,2024-05-31 04:00,122,0.5,3.2,18.0,33.0,0.0,48,Qiaotou,1.5,Good
123,17,0.13,2024-05-31 04:00,123,1.3,0.8,19.0,17.0,0.0,47,Meinong,0.7,Good
124,25,0.28,2024-05-31 04:00,124,0.9,4.8,19.9,19.0,7.0,46,Tainan,1.2,Good
125,24,0.32,2024-05-31 04:00,125,2.6,3.3,21.5,22.0,6.0,45,Annan,1.2,Good
126,21,0.09,2024-05-31 04:00,126,1.2,1.8,20.8,14.0,6.0,44,Shanhua,0.2,Good
127,19,0.19,2024-05-31 04:00,127,0.9,2.3,20.9,15.0,0.0,43,Xinying,0.1,Good
128,19,0.19,2024-05-31 04:00,128,0.8,0.9,25.3,17.0,1.0,42,Chiayi,1.3,Good
129,19,0.11,2024-05-31 04:00,129,1.0,2.3,21.1,16.0,0.0,41,Taixi,1.3,Good
130,16,0.27,2024-05-31 04:00,130,2.4,3.7,16.8,22.0,,40,Puzi,1.2,Good
131,21,0.18,2024-05-31 04:00,131,1.3,3.3,21.2,15.0,5.0,39,Xingang,0.9,Good
132,19,0.17,2024-05-31 04:00,132,1.0,3.6,18.0,13.0,5.0,38,Lunbei,0.8,Good
133,23,0.27,2024-05-31 04:00,133,1.3,4.4,10.8,23.0,5.0,37,Douliu,1.7,Good
134,28,0.21,2024-05-31 04:00,134,1.1,4.3,3.4,14.0,3.0,36,Nantou,0.5,Good
135,42,0.16,2024-05-31 04:00,135,1.7,3.2,17.4,17.0,8.0,35,Erlin,0.7,Good
136,27,0.19,2024-05-31 04:00,136,1.4,6.6,11.5,11.0,5.0,34,Xianxi,0.5,Good
137,19,0.19,2024-05-31 04:00,137,1.7,7.1,9.2,20.0,3.0,33,Changhua,0.4,Good
138,26,0.21,2024-05-31 04:00,138,0.8,8.1,5.4,22.0,6.0,32,Xitun,1.1,Good
139,25,0.29,2024-05-31 04:00,139,1.0,4.6,8.5,18.0,8.0,31,Zhongming,1.2,Good
140,24,0.28,2024-05-31 04:00,140,0.6,4.3,7.5,14.0,2.0,30,Dali,1.6,Good
141,24,0.27,2024-05-31 04:00,141,0.3,7.1,12.0,31.0,5.0,29,Shalu,1.2,Good
142,18,0.22,2024-05-31 04:00,142,1.0,4.2,14.3,20.0,3.0,28,Fengyuan,0.8,Good
143,23,0.19,2024-05-31 04:00,143,1.2,1.0,18.2,18.0,6.0,27,Sanyi,0.8,Good
144,40,0.22,2024-05-31 04:00,144,1.0,9.7,0.9,20.0,10.0,26,Miaoli,1.2,Good
145,34,0.27,2024-05-31 04:00,145,1.5,6.0,6.1,26.0,9.0,25,Toufen,1.3,Good
146,32,0.34,2024-05-31 04:00,146,0.7,12.0,5.4,23.0,9.0,24,Hsinchu,3.9,Good
147,53,0.31,2024-05-31 04:00,147,0.5,4.7,5.9,21.0,14.0,23,Zhudong,0.1,Moderate
148,49,0.24,2024-05-31 04:00,148,0.8,10.4,15.0,24.0,13.0,22,Hukou,6.7,Good
149,57,0.32,2024-05-31 04:00,149,0.4,12.5,2.5,25.0,15.0,21,Longtan,1.4,Moderate
150,48,0.35,2024-05-31 04:00,150,0.2,22.7,3.0,28.0,21.0,20,Pingzhen,0.7,Good
151,39,0.22,2024-05-31 04:00,151,0.5,11.2,14.5,21.0,17.0,19,Guanyin,21.4,Good
152,48,0.36,2024-05-31 04:00,152,1.8,12.6,12.1,28.0,15.0,18,Dayuan,2.1,Good
153,53,0.49,2024-05-31 04:00,153,1.9,22.7,0.0,29.0,19.0,17,Taoyuan,2.0,Moderate
154,39,1.41,2024-05-31 04:00,154,20.6,8.8,5.7,21.0,12.0,16,Datong,1.8,Good
155,42,0.47,2024-05-31 04:00,155,6.1,10.9,6.5,13.0,9.0,15,Songshan,0.2,Good
156,24,0.45,2024-05-31 04:00,156,1.6,3.2,7.3,11.0,7.0,14,Guting,0.4,Good
157,30,0.64,2024-05-31 04:00,157,1.7,7.1,6.9,21.0,8.0,13,Wanhua,0.6,Good
158,29,0.84,2024-05-31 04:00,158,13.7,7.0,6.8,14.0,5.0,12,Zhongshan,1.0,Good
159,41,0.35,2024-05-31 04:00,159,1.1,10.1,7.5,23.0,17.0,11,Shilin,0.5,Good
160,37,0.26,2024-05-31 04:00,160,2.5,19.2,4.3,27.0,14.0,10,Tamsui,2.9,Good
161,37,0.18,2024-05-31 04:00,161,0.6,22.8,8.8,13.0,12.0,9,Linkou,0.9,Good
162,34,0.48,2024-05-31 04:00,162,1.1,13.1,3.9,18.0,8.0,8,Cailiao,0.9,Good
163,55,0.55,2024-05-31 04:00,163,3.3,16.1,6.2,13.0,20.0,7,Xinzhuang,0.7,Moderate
164,39,0.55,2024-05-31 04:00,164,1.3,16.6,2.3,17.0,12.0,6,Banqiao,1.0,Good
165,55,0.65,2024-05-31 04:00,165,1.5,13.0,3.1,28.0,20.0,5,Tucheng,2.3,Moderate
166,37,0.39,2024-05-31 04:00,166,1.6,2.6,8.2,13.0,12.0,4,Xindian,0.6,Good
167,23,0.29,2024-05-31 04:00,167,1.6,6.9,5.3,27.0,6.0,3,Wanli,0.4,Good
168,44,0.44,2024-05-31 04:00,168,3.6,15.0,0.6,27.0,15.0,2,Xizhi,4.0,Good
169,24,0.47,2024-05-31 04:00,169,5.2,10.5,0.9,19.0,8.0,1,Keelung,1.4,Good
170,23,0.09,2024-05-31 03:00,170,0.1,1.7,20.6,14.0,0.0,313,Pingtung（fangshan）,0.0,Good
171,22,0.1,2024-05-31 03:00,171,0.3,7.3,11.2,32.0,3.0,312,Taichung（Rilana Elementary）,0.6,Good
172,51,0.41,2024-05-31 03:00,172,1.5,7.1,5.6,23.0,14.0,311,New Taipei(Shulin),5.9,Moderate
173,24,0.1,2024-05-31 03:00,173,1.2,0.7,25.7,10.0,6.0,204,Pingtung（Liuqiu）,0.7,Good
174,17,0.19,2024-05-31 03:00,174,1.9,3.2,19.4,22.0,5.0,203,Tainan（Madou）,0.0,Good
175,18,0.26,2024-05-31 03:00,175,2.9,4.8,17.1,16.0,6.0,202,Kaohsiung（Hunei）,1.2,Good
176,35,0.39,2024-05-31 03:00,176,5.8,8.4,8.7,22.0,8.0,201,Changhua（Yuanlin）,1.8,Good
177,16,0.09,2024-05-31 03:00,177,0.5,4.1,20.0,18.0,4.0,85,Dacheng,1.0,Good
178,27,0.14,2024-05-31 03:00,178,0.2,9.2,20.1,39.0,9.0,84,FugueiCape,0.2,Good
179,21,0.15,2024-05-31 03:00,179,1.1,3.3,21.9,11.0,5.0,83,Mailiao,1.2,Good
180,23,0.15,2024-05-31 03:00,180,0.4,1.6,5.2,4.0,4.0,80,Guanshan,0.4,Good
181,26,0.23,2024-05-31 03:00,181,1.9,2.6,27.3,7.0,1.0,78,Magong,1.1,Good
182,81,0.35,2024-05-31 03:00,182,0.5,27.3,4.0,37.0,30.0,77,Kinmen,1.7,Moderate
183,37,0.18,2024-05-31 03:00,183,0.5,5.4,40.1,24.0,11.0,75,Matsu,0.9,Good
184,33,0.25,2024-05-31 03:00,184,1.5,2.1,7.9,20.0,10.0,72,Puli,1.0,Good
185,18,0.33,2024-05-31 03:00,185,3.1,4.0,21.1,15.0,1.0,71,Fuxing,1.8,Good
186,57,0.89,2024-05-31 03:00,186,7.4,4.6,7.1,11.0,9.0,70,Yonghe,0.7,Moderate
187,25,0.16,2024-05-31 03:00,187,0.8,4.7,3.6,10.0,6.0,69,Zhushan,1.2,Good
188,53,1.14,2024-05-31 03:00,188,27.7,23.0,4.0,27.0,20.0,68,Zhongli,1.7,Moderate
189,39,1.21,2024-05-31 03:00,189,50.4,15.1,4.1,22.0,12.0,67,Sanchong,0.8,Good
190,24,0.26,2024-05-31 03:00,190,2.3,4.8,4.7,23.0,6.0,66,Dongshan,0.5,Good
191,17,0.23,2024-05-31 03:00,191,0.5,2.4,9.0,22.0,1.0,65,Yilan,0.9,Good
192,26,0.15,2024-05-31 03:00,192,0.7,2.3,30.5,10.0,7.0,64,Yangming,0.9,Good
193,20,0.27,2024-05-31 03:00,193,1.2,1.1,11.4,42.0,4.0,63,Hualien,0.6,Good
194,17,0.34,2024-05-31 03:00,194,2.9,2.8,13.0,7.0,3.0,62,Taitung,0.2,Good
195,25,0.1,2024-05-31 03:00,195,0.7,0.6,30.1,20.0,4.0,61,Hengchun,0.6,Good
196,16,0.09,2024-05-31 03:00,196,0.2,1.3,14.6,12.0,2.0,60,Chaozhou,0.9,Good
197,20,0.25,2024-05-31 03:00,197,1.1,3.0,18.0,17.0,2.0,59,Pingtung,0.6,Good
198,31,0.44,2024-05-31 03:00,198,2.2,6.8,20.0,19.0,6.0,58,Xiaogang,5.4,Good
199,17,0.51,2024-05-31 03:00,199,6.5,5.8,21.4,21.0,0.0,57,Qianzhen,1.6,Good
200,18,0.13,2024-05-31 03:00,200,1.2,4.3,21.9,17.0,2.0,56,Qianjin,1.6,Good
201,26,0.23,2024-05-31 03:00,201,1.4,4.1,21.8,14.0,5.0,54,Zuoying,1.5,Good
202,18,0.24,2024-05-31 03:00,202,1.4,7.4,20.1,22.0,3.0,53,Nanzi,0.5,Good
203,26,0.11,2024-05-31 03:00,203,0.9,1.8,19.0,20.0,5.0,52,Linyuan,0.8,Good
204,21,0.12,2024-05-31 03:00,204,0.9,3.1,16.9,17.0,4.0,51,Daliao,0.3,Good
205,21,0.43,2024-05-31 03:00,205,1.7,1.5,22.6,25.0,0.0,50,Fengshan,1.6,Good
206,23,0.24,2024-05-31 03:00,206,1.2,3.2,24.0,11.0,5.0,49,Renwu,0.0,Good
207,18,0.35,2024-05-31 03:00,207,1.0,3.5,18.7,14.0,0.0,48,Qiaotou,1.5,Good
208,17,0.11,2024-05-31 03:00,208,1.2,0.8,24.3,15.0,0.0,47,Meinong,0.7,Good
209,27,0.28,2024-05-31 03:00,209,1.1,5.3,20.6,21.0,6.0,46,Tainan,1.5,Good
210,24,0.29,2024-05-31 03:00,210,3.3,5.7,21.0,26.0,6.0,45,Annan,0.8,Good
211,24,0.11,2024-05-31 03:00,211,1.3,2.1,20.5,18.0,3.0,44,Shanhua,0.8,Good
212,19,0.25,2024-05-31 03:00,212,0.9,2.6,19.8,17.0,0.0,43,Xinying,0.3,Good
213,19,0.18,2024-05-31 03:00,213,1.2,1.1,21.9,15.0,2.0,42,Chiayi,1.4,Good
214,19,0.11,2024-05-31 03:00,214,1.3,3.8,20.6,17.0,3.0,41,Taixi,1.4,Good
215,17,0.24,2024-05-31 03:00,215,3.1,4.0,18.7,17.0,,40,Puzi,1.1,Good
216,22,0.14,2024-05-31 03:00,216,1.9,2.4,22.4,14.0,5.0,39,Xingang,0.8,Good
217,20,0.16,2024-05-31 03:00,217,1.6,1.7,20.6,9.0,5.0,38,Lunbei,1.1,Good
218,23,0.21,2024-05-31 03:00,218,1.8,7.9,7.5,10.0,5.0,37,Douliu,1.6,Good
219,28,0.18,2024-05-31 03:00,219,1.6,4.8,4.8,14.0,4.0,36,Nantou,0.5,Good
220,44,0.14,2024-05-31 03:00,220,1.8,7.3,11.7,17.0,13.0,35,Erlin,0.9,Good
221,28,0.18,2024-05-31 03:00,221,1.6,9.1,4.3,20.0,8.0,34,Xianxi,1.3,Good
222,23,0.21,2024-05-31 03:00,222,1.8,5.1,16.2,30.0,3.0,33,Changhua,0.5,Good
223,30,0.18,2024-05-31 03:00,223,0.9,6.5,6.8,28.0,8.0,32,Xitun,1.2,Good
224,26,0.28,2024-05-31 03:00,224,1.3,6.5,6.2,23.0,9.0,31,Zhongming,1.3,Good
225,31,0.35,2024-05-31 03:00,225,1.1,4.6,8.8,21.0,3.0,30,Dali,1.8,Good
226,26,0.27,2024-05-31 03:00,226,0.5,6.2,18.0,34.0,6.0,29,Shalu,1.5,Good
227,19,0.27,2024-05-31 03:00,227,2.5,3.6,19.6,24.0,2.0,28,Fengyuan,0.9,Good
228,24,0.25,2024-05-31 03:00,228,1.3,1.5,20.1,36.0,4.0,27,Sanyi,1.4,Good
229,44,0.22,2024-05-31 03:00,229,1.3,11.0,0.2,23.0,10.0,26,Miaoli,2.0,Good
230,36,0.28,2024-05-31 03:00,230,1.5,4.5,6.7,22.0,9.0,25,Toufen,1.5,Good
231,35,0.31,2024-05-31 03:00,231,0.9,9.4,17.4,15.0,9.0,24,Hsinchu,1.7,Good
232,54,0.29,2024-05-31 03:00,232,0.6,4.6,8.1,24.0,16.0,23,Zhudong,0.4,Moderate
233,51,0.21,2024-05-31 03:00,233,0.6,10.6,17.4,24.0,17.0,22,Hukou,6.1,Moderate
234,59,0.39,2024-05-31 03:00,234,0.7,15.8,4.8,31.0,18.0,21,Longtan,1.7,Moderate
235,44,0.36,2024-05-31 03:00,235,0.8,23.7,4.0,25.0,15.0,20,Pingzhen,0.8,Good
236,35,0.25,2024-05-31 03:00,236,0.4,8.6,19.3,15.0,19.0,19,Guanyin,3.0,Good
237,49,0.29,2024-05-31 03:00,237,1.9,9.8,17.8,20.0,16.0,18,Dayuan,1.5,Good
238,49,0.49,2024-05-31 03:00,238,2.0,20.0,8.0,25.0,22.0,17,Taoyuan,3.9,Good
239,38,1.33,2024-05-31 03:00,239,15.5,13.3,4.8,17.0,12.0,16,Datong,1.2,Good
240,44,0.35,2024-05-31 03:00,240,2.3,13.6,5.7,13.0,13.0,15,Songshan,0.8,Good
241,25,0.48,2024-05-31 03:00,241,1.2,3.6,7.7,16.0,7.0,14,Guting,,Good
242,31,0.63,2024-05-31 03:00,242,2.1,8.8,7.5,18.0,6.0,13,Wanhua,0.7,Good
243,31,0.59,2024-05-31 03:00,243,6.8,10.0,7.3,16.0,7.0,12,Zhongshan,1.3,Good
244,39,0.27,2024-05-31 03:00,244,1.5,11.1,9.0,14.0,11.0,11,Shilin,0.2,Good
245,36,0.19,2024-05-31 03:00,245,2.8,14.7,7.1,34.0,12.0,10,Tamsui,2.3,Good
246,33,0.15,2024-05-31 03:00,246,0.9,19.9,14.3,7.0,14.0,9,Linkou,1.0,Good
247,37,0.37,2024-05-31 03:00,247,1.0,19.1,2.5,12.0,11.0,8,Cailiao,1.1,Good
248,53,0.36,2024-05-31 03:00,248,1.8,16.2,7.8,20.0,20.0,7,Xinzhuang,0.5,Moderate
249,40,0.52,2024-05-31 03:00,249,1.7,18.4,4.6,24.0,10.0,6,Banqiao,1.0,Good
250,55,0.52,2024-05-31 03:00,250,1.2,14.7,3.8,34.0,12.0,5,Tucheng,1.4,Moderate
251,37,0.43,2024-05-31 03:00,251,1.8,2.7,9.2,14.0,14.0,4,Xindian,0.7,Good
252,24,0.25,2024-05-31 03:00,252,1.1,6.7,4.3,40.0,7.0,3,Wanli,0.5,Good
253,43,0.43,2024-05-31 03:00,253,3.9,15.5,1.6,23.0,16.0,2,Xizhi,5.3,Good
254,23,0.4,2024-05-31 03:00,254,2.3,11.3,2.1,12.0,11.0,1,Keelung,1.4,Good
255,25,,2024-05-31 02:00,255,,1.4,26.2,,0.0,313,Pingtung（fangshan）,,Good
256,26,,2024-05-31 02:00,256,,10.6,9.7,,6.0,312,Taichung（Rilana Elementary）,,Good
257,52,,2024-05-31 02:00,257,,11.3,3.4,,19.0,311,New Taipei(Shulin),,Moderate
258,25,,2024-05-31 02:00,258,,0.6,26.1,,8.0,204,Pingtung（Liuqiu）,,Good
259,18,,2024-05-31 02:00,259,,3.8,22.4,,6.0,203,Tainan（Madou）,,Good
260,16,,2024-05-31 02:00,260,,6.4,16.3,,6.0,202,Kaohsiung（Hunei）,,Good
261,40,,2024-05-31 02:00,261,,6.8,15.3,,10.0,201,Changhua（Yuanlin）,,Good
262,18,,2024-05-31 02:00,262,,5.6,15.0,,5.0,85,Dacheng,,Good
263,28,,2024-05-31 02:00,263,,9.5,21.2,,7.0,84,FugueiCape,,Good
264,22,,2024-05-31 02:00,264,,5.6,18.0,,7.0,83,Mailiao,,Good
265,21,,2024-05-31 02:00,265,,1.7,4.4,,3.0,80,Guanshan,,Good
266,27,,2024-05-31 02:00,266,,2.1,30.7,,1.0,78,Magong,,Good
267,78,,2024-05-31 02:00,267,,25.7,4.9,,26.0,77,Kinmen,,Moderate
268,38,,2024-05-31 02:00,268,,15.6,25.7,,9.0,75,Matsu,,Good
269,33,,2024-05-31 02:00,269,,3.1,7.1,,8.0,72,Puli,,Good
270,18,,2024-05-31 02:00,270,,5.6,21.3,,3.0,71,Fuxing,,Good
271,59,,2024-05-31 02:00,271,,5.4,7.6,,12.0,70,Yonghe,,Moderate
272,24,,2024-05-31 02:00,272,,5.7,3.6,,3.0,69,Zhushan,,Good
273,51,,2024-05-31 02:00,273,,26.1,8.8,,19.0,68,Zhongli,,Moderate
274,39,,2024-05-31 02:00,274,,17.0,2.5,,11.0,67,Sanchong,,Good
275,24,,2024-05-31 02:00,275,,4.0,6.9,,7.0,66,Dongshan,,Good
276,19,,2024-05-31 02:00,276,,2.8,8.8,,6.0,65,Yilan,,Good
277,25,,2024-05-31 02:00,277,,3.2,29.9,,8.0,64,Yangming,,Good
278,22,,2024-05-31 02:00,278,,1.1,17.0,,6.0,63,Hualien,,Good
279,17,,2024-05-31 02:00,279,,4.4,8.5,,1.0,62,Taitung,,Good
280,25,,2024-05-31 02:00,280,,1.0,24.7,,3.0,61,Hengchun,,Good
281,18,,2024-05-31 02:00,281,,1.4,16.4,,0.0,60,Chaozhou,,Good
282,21,,2024-05-31 02:00,282,,3.1,22.4,,1.0,59,Pingtung,,Good
283,33,,2024-05-31 02:00,283,,6.2,20.5,,4.0,58,Xiaogang,,Good
284,16,,2024-05-31 02:00,284,,6.9,20.0,,0.0,57,Qianzhen,,Good
285,18,,2024-05-31 02:00,285,,6.3,19.5,,2.0,56,Qianjin,,Good
286,29,,2024-05-31 02:00,286,,7.1,18.0,,6.0,54,Zuoying,,Good
287,22,,2024-05-31 02:00,287,,13.4,14.4,,3.0,53,Nanzi,,Good
288,27,,2024-05-31 02:00,288,,1.8,22.3,,5.0,52,Linyuan,,Good
289,23,,2024-05-31 02:00,289,,2.4,19.9,,5.0,51,Daliao,,Good
290,21,,2024-05-31 02:00,290,,1.7,23.9,,0.0,50,Fengshan,,Good
291,24,,2024-05-31 02:00,291,,3.5,23.4,,4.0,49,Renwu,,Good
292,18,,2024-05-31 02:00,292,,6.6,18.2,,3.0,48,Qiaotou,,Good
293,18,,2024-05-31 02:00,293,,1.5,23.1,,0.0,47,Meinong,,Good
294,28,,2024-05-31 02:00,294,,7.6,18.8,,9.0,46,Tainan,,Good
295,25,,2024-05-31 02:00,295,,8.0,18.9,,6.0,45,Annan,,Good
296,26,,2024-05-31 02:00,296,,1.5,22.3,,6.0,44,Shanhua,,Good
297,20,,2024-05-31 02:00,297,,3.4,18.7,,3.0,43,Xinying,,Good
298,20,,2024-05-31 02:00,298,,2.2,20.4,,3.0,42,Chiayi,,Good
299,21,,2024-05-31 02:00,299,,4.1,20.6,,3.0,41,Taixi,,Good
300,19,,2024-05-31 02:00,300,,5.5,16.8,,,40,Puzi,,Good
301,25,,2024-05-31 02:00,301,,2.4,22.1,,5.0,39,Xingang,,Good
302,22,,2024-05-31 02:00,302,,3.1,15.0,,4.0,38,Lunbei,,Good
303,23,,2024-05-31 02:00,303,,11.3,6.0,,5.0,37,Douliu,,Good
304,27,,2024-05-31 02:00,304,,7.0,3.2,,5.0,36,Nantou,,Good
305,45,,2024-05-31 02:00,305,,10.8,4.5,,15.0,35,Erlin,,Good
306,32,,2024-05-31 02:00,306,,9.0,6.6,,11.0,34,Xianxi,,Good
307,27,,2024-05-31 02:00,307,,5.0,20.3,,3.0,33,Changhua,,Good
308,31,,2024-05-31 02:00,308,,8.1,8.7,,6.0,32,Xitun,,Good
309,26,,2024-05-31 02:00,309,,5.2,11.4,,7.0,31,Zhongming,,Good
310,36,,2024-05-31 02:00,310,,5.0,10.1,,7.0,30,Dali,,Good
311,28,,2024-05-31 02:00,311,,9.3,15.6,,5.0,29,Shalu,,Good
312,22,,2024-05-31 02:00,312,,4.2,19.3,,3.0,28,Fengyuan,,Good
313,26,,2024-05-31 02:00,313,,2.9,18.0,,6.0,27,Sanyi,,Good
314,46,,2024-05-31 02:00,314,,10.8,5.2,,16.0,26,Miaoli,,Good
315,38,,2024-05-31 02:00,315,,5.9,9.4,,11.0,25,Toufen,,Good
316,34,,2024-05-31 02:00,316,,12.7,18.9,,11.0,24,Hsinchu,,Good
317,54,,2024-05-31 02:00,317,,4.5,8.3,,16.0,23,Zhudong,,Moderate
318,49,,2024-05-31 02:00,318,,16.8,12.0,,14.0,22,Hukou,,Good
319,59,,2024-05-31 02:00,319,,22.4,0.1,,20.0,21,Longtan,,Moderate
320,41,,2024-05-31 02:00,320,,20.6,15.5,,16.0,20,Pingzhen,,Good
321,31,,2024-05-31 02:00,321,,7.6,18.4,,11.0,19,Guanyin,,Good
322,46,,2024-05-31 02:00,322,,10.1,16.2,,21.0,18,Dayuan,,Good
323,45,,2024-05-31 02:00,323,,18.2,14.4,,18.0,17,Taoyuan,,Good
324,40,,2024-05-31 02:00,324,,18.1,2.3,,14.0,16,Datong,,Good
325,46,,2024-05-31 02:00,325,,12.0,9.7,,15.0,15,Songshan,,Good
326,25,,2024-05-31 02:00,326,,4.8,8.6,,5.0,14,Guting,,Good
327,35,,2024-05-31 02:00,327,,12.8,6.6,,9.0,13,Wanhua,,Good
328,34,,2024-05-31 02:00,328,,11.0,6.6,,11.0,12,Zhongshan,,Good
329,39,,2024-05-31 02:00,329,,14.5,8.9,,15.0,11,Shilin,,Good
330,36,,2024-05-31 02:00,330,,15.8,8.7,,11.0,10,Tamsui,,Good
331,31,,2024-05-31 02:00,331,,,14.3,,12.0,9,Linkou,,Good
332,36,,2024-05-31 02:00,332,,17.9,2.1,,12.0,8,Cailiao,,Good
333,50,,2024-05-31 02:00,333,,17.1,8.8,,15.0,7,Xinzhuang,,Good
334,42,,2024-05-31 02:00,334,,20.9,2.8,,14.0,6,Banqiao,,Good
335,57,,2024-05-31 02:00,335,,18.6,1.9,,16.0,5,Tucheng,,Moderate
336,35,,2024-05-31 02:00,336,,3.9,9.9,,9.0,4,Xindian,,Good
337,26,,2024-05-31 02:00,337,,10.9,6.3,,6.0,3,Wanli,,Good
338,43,,2024-05-31 02:00,338,,16.0,0.6,,11.0,2,Xizhi,,Good
339,22,,2024-05-31 02:00,339,,13.6,1.8,,4.0,1,Keelung,,Good
340,26,,2024-05-31 01:00,340,,1.8,29.2,,2.0,313,Pingtung（fangshan）,,Good
341,28,,2024-05-31 01:00,341,,8.8,19.7,,6.0,312,Taichung（Rilana Elementary）,,Good
342,51,,2024-05-31 01:00,342,,7.9,8.8,,12.0,311,New Taipei(Shulin),,Moderate
343,26,,2024-05-31 01:00,343,,0.9,24.2,,5.0,204,Pingtung（Liuqiu）,,Good
344,19,,2024-05-31 01:00,344,,4.6,18.2,,4.0,203,Tainan（Madou）,,Good
345,15,,2024-05-31 01:00,345,,8.3,15.6,,4.0,202,Kaohsiung（Hunei）,,Good
346,44,,2024-05-31 01:00,346,,7.9,14.4,,12.0,201,Changhua（Yuanlin）,,Good
347,20,,2024-05-31 01:00,347,,6.0,12.3,,5.0,85,Dacheng,,Good
348,30,,2024-05-31 01:00,348,,5.4,28.8,,5.0,84,FugueiCape,,Good
349,22,,2024-05-31 01:00,349,,6.1,17.0,,5.0,83,Mailiao,,Good
350,18,,2024-05-31 01:00,350,,1.7,6.0,,2.0,80,Guanshan,,Good
351,27,,2024-05-31 01:00,351,,2.6,29.7,,1.0,78,Magong,,Good
352,76,,2024-05-31 01:00,352,,25.9,2.8,,30.0,77,Kinmen,,Moderate
353,39,,2024-05-31 01:00,353,,14.9,28.6,,12.0,75,Matsu,,Good
354,35,,2024-05-31 01:00,354,,3.8,8.9,,10.0,72,Puli,,Good
355,20,,2024-05-31 01:00,355,,12.2,14.3,,5.0,71,Fuxing,,Good
356,59,,2024-05-31 01:00,356,,10.1,6.5,,16.0,70,Yonghe,,Moderate
357,30,,2024-05-31 01:00,357,,4.3,5.1,,5.0,69,Zhushan,,Good
358,46,,2024-05-31 01:00,358,,22.9,12.4,,13.0,68,Zhongli,,Good
359,50,,2024-05-31 01:00,359,,30.3,2.6,,16.0,67,Sanchong,,Good
360,24,,2024-05-31 01:00,360,,3.7,8.9,,12.0,66,Dongshan,,Good
361,23,,2024-05-31 01:00,361,,2.7,8.0,,9.0,65,Yilan,,Good
362,25,,2024-05-31 01:00,362,,2.3,29.9,,11.0,64,Yangming,,Good
363,25,,2024-05-31 01:00,363,,1.7,15.4,,7.0,63,Hualien,,Good
364,19,,2024-05-31 01:00,364,,1.9,9.7,,1.0,62,Taitung,,Good
365,27,,2024-05-31 01:00,365,,0.8,27.6,,1.0,61,Hengchun,,Good
366,19,,2024-05-31 01:00,366,,0.7,22.3,,0.0,60,Chaozhou,,Good
367,21,,2024-05-31 01:00,367,,2.5,24.8,,4.0,59,Pingtung,,Good
368,40,,2024-05-31 01:00,368,,20.1,13.3,,24.0,58,Xiaogang,,Good
369,18,,2024-05-31 01:00,369,,11.4,14.9,,3.0,57,Qianzhen,,Good
370,19,,2024-05-31 01:00,370,,9.5,17.8,,2.0,56,Qianjin,,Good
371,31,,2024-05-31 01:00,371,,7.7,17.7,,8.0,54,Zuoying,,Good
372,19,,2024-05-31 01:00,372,,11.2,17.4,,4.0,53,Nanzi,,Good
373,29,,2024-05-31 01:00,373,,0.8,26.9,,0.0,52,Linyuan,,Good
374,24,,2024-05-31 01:00,374,,1.8,23.5,,4.0,51,Daliao,,Good
375,21,,2024-05-31 01:00,375,,5.1,21.4,,3.0,50,Fengshan,,Good
376,24,,2024-05-31 01:00,376,,7.1,22.9,,5.0,49,Renwu,,Good
377,19,,2024-05-31 01:00,377,,9.9,16.5,,6.0,48,Qiaotou,,Good
378,19,,2024-05-31 01:00,378,,2.3,19.2,,4.0,47,Meinong,,Good
379,28,,2024-05-31 01:00,379,,11.3,15.5,,7.0,46,Tainan,,Good
380,26,,2024-05-31 01:00,380,,11.6,16.7,,6.0,45,Annan,,Good
381,27,,2024-05-31 01:00,381,,2.8,17.9,,9.0,44,Shanhua,,Good
382,22,,2024-05-31 01:00,382,,3.1,20.6,,2.0,43,Xinying,,Good
383,22,,2024-05-31 01:00,383,,5.7,13.8,,4.0,42,Chiayi,,Good
384,21,,2024-05-31 01:00,384,,4.9,18.4,,3.0,41,Taixi,,Good
385,19,,2024-05-31 01:00,385,,5.9,16.4,,,40,Puzi,,Good
386,27,,2024-05-31 01:00,386,,3.5,19.5,,7.0,39,Xingang,,Good
387,26,,2024-05-31 01:00,387,,2.7,13.8,,4.0,38,Lunbei,,Good
388,25,,2024-05-31 01:00,388,,2.7,9.4,,5.0,37,Douliu,,Good
389,26,,2024-05-31 01:00,389,,5.5,5.3,,5.0,36,Nantou,,Good
390,47,,2024-05-31 01:00,390,,8.3,8.8,,10.0,35,Erlin,,Good
391,35,,2024-05-31 01:00,391,,4.1,14.4,,5.0,34,Xianxi,,Good
392,33,,2024-05-31 01:00,392,,8.7,15.9,,6.0,33,Changhua,,Good
393,34,,2024-05-31 01:00,393,,9.8,7.7,,10.0,32,Xitun,,Good
394,27,,2024-05-31 01:00,394,,6.6,11.8,,6.0,31,Zhongming,,Good
395,39,,2024-05-31 01:00,395,,7.0,8.4,,9.0,30,Dali,,Good
396,33,,2024-05-31 01:00,396,,8.5,16.6,,8.0,29,Shalu,,Good
397,24,,2024-05-31 01:00,397,,4.9,18.3,,6.0,28,Fengyuan,,Good
398,29,,2024-05-31 01:00,398,,2.1,17.6,,6.0,27,Sanyi,,Good
399,44,,2024-05-31 01:00,399,,13.0,7.9,,13.0,26,Miaoli,,Good
400,40,,2024-05-31 01:00,400,,8.6,11.7,,12.0,25,Toufen,,Good
401,33,,2024-05-31 01:00,401,,10.8,25.6,,12.0,24,Hsinchu,,Good
402,53,,2024-05-31 01:00,402,,5.5,7.7,,19.0,23,Zhudong,,Moderate
403,50,,2024-05-31 01:00,403,,7.8,21.5,,13.0,22,Hukou,,Good
404,57,,2024-05-31 01:00,404,,24.2,0.5,,21.0,21,Longtan,,Moderate
405,40,,2024-05-31 01:00,405,,24.2,14.4,,12.0,20,Pingzhen,,Good
406,30,,2024-05-31 01:00,406,,4.9,31.9,,7.0,19,Guanyin,,Good
407,41,,2024-05-31 01:00,407,,11.2,22.6,,11.0,18,Dayuan,,Good
408,43,,2024-05-31 01:00,408,,12.0,22.3,,11.0,17,Taoyuan,,Good
409,37,,2024-05-31 01:00,409,,16.3,3.9,,10.0,16,Datong,,Good
410,46,,2024-05-31 01:00,410,,21.2,4.5,,12.0,15,Songshan,,Good
411,27,,2024-05-31 01:00,411,,6.7,8.3,,8.0,14,Guting,,Good
412,39,,2024-05-31 01:00,412,,10.9,8.1,,9.0,13,Wanhua,,Good
413,33,,2024-05-31 01:00,413,,13.3,8.2,,11.0,12,Zhongshan,,Good
414,38,,2024-05-31 01:00,414,,23.4,4.4,,12.0,11,Shilin,,Good
415,36,,2024-05-31 01:00,415,,11.5,11.8,,10.0,10,Tamsui,,Good
416,30,,2024-05-31 01:00,416,,,18.9,,9.0,9,Linkou,,Good
417,33,,2024-05-31 01:00,417,,18.3,7.8,,13.0,8,Cailiao,,Good
418,50,,2024-05-31 01:00,418,,20.4,8.7,,22.0,7,Xinzhuang,,Good
419,42,,2024-05-31 01:00,419,,25.0,2.9,,13.0,6,Banqiao,,Good
420,59,,2024-05-31 01:00,420,,20.4,4.0,,19.0,5,Tucheng,,Moderate
421,36,,2024-05-31 01:00,421,,5.0,8.6,,12.0,4,Xindian,,Good
422,28,,2024-05-31 01:00,422,,6.1,6.8,,9.0,3,Wanli,,Good
423,44,,2024-05-31 01:00,423,,18.7,0.4,,13.0,2,Xizhi,,Good
424,28,,2024-05-31 01:00,424,,17.5,0.7,,7.0,1,Keelung,,Good
425,27,,2024-05-31 00:00,425,,1.0,31.2,,3.0,313,Pingtung（fangshan）,,Good
426,31,,2024-05-31 00:00,426,,8.6,21.5,,7.0,312,Taichung（Rilana Elementary）,,Good
427,54,,2024-05-31 00:00,427,,13.1,4.6,,16.0,311,New Taipei(Shulin),,Moderate
428,26,,2024-05-31 00:00,428,,0.7,25.8,,6.0,204,Pingtung（Liuqiu）,,Good
429,22,,2024-05-31 00:00,429,,13.0,15.4,,3.0,203,Tainan（Madou）,,Good
430,17,,2024-05-31 00:00,430,,8.5,14.4,,6.0,202,Kaohsiung（Hunei）,,Good
431,44,,2024-05-31 00:00,431,,9.2,14.7,,11.0,201,Changhua（Yuanlin）,,Good
432,25,,2024-05-31 00:00,432,,5.8,13.7,,6.0,85,Dacheng,,Good
433,31,,2024-05-31 00:00,433,,5.5,27.1,,8.0,84,FugueiCape,,Good
434,24,,2024-05-31 00:00,434,,7.4,15.6,,7.0,83,Mailiao,,Good
435,15,,2024-05-31 00:00,435,,1.9,6.5,,2.0,80,Guanshan,,Good
436,27,,2024-05-31 00:00,436,,3.8,29.2,,1.0,78,Magong,,Good
437,73,,2024-05-31 00:00,437,,19.3,9.8,,25.0,77,Kinmen,,Moderate
438,39,,2024-05-31 00:00,438,,16.0,24.1,,11.0,75,Matsu,,Good
439,36,,2024-05-31 00:00,439,,5.6,7.1,,8.0,72,Puli,,Good
440,19,,2024-05-31 00:00,440,,8.3,20.1,,0.0,71,Fuxing,,Good
441,58,,2024-05-31 00:00,441,,8.8,8.2,,48.0,70,Yonghe,,Moderate
442,36,,2024-05-31 00:00,442,,4.6,5.2,,6.0,69,Zhushan,,Good
443,47,,2024-05-31 00:00,443,,22.8,13.6,,16.0,68,Zhongli,,Good
444,43,,2024-05-31 00:00,444,,26.6,2.2,,11.0,67,Sanchong,,Good
445,24,,2024-05-31 00:00,445,,2.7,12.2,,6.0,66,Dongshan,,Good
446,27,,2024-05-31 00:00,446,,3.0,11.6,,4.0,65,Yilan,,Good
447,25,,2024-05-31 00:00,447,,2.3,34.1,,7.0,64,Yangming,,Good
448,26,,2024-05-31 00:00,448,,2.2,17.2,,4.0,63,Hualien,,Good
449,20,,2024-05-31 00:00,449,,1.8,14.4,,3.0,62,Taitung,,Good
450,28,,2024-05-31 00:00,450,,0.9,28.4,,3.0,61,Hengchun,,Good
451,20,,2024-05-31 00:00,451,,2.6,21.3,,3.0,60,Chaozhou,,Good
452,22,,2024-05-31 00:00,452,,4.4,22.7,,4.0,59,Pingtung,,Good
453,26,,2024-05-31 00:00,453,,8.1,20.5,,7.0,58,Xiaogang,,Good
454,17,,2024-05-31 00:00,454,,9.9,20.0,,5.0,57,Qianzhen,,Good
455,19,,2024-05-31 00:00,455,,9.7,20.4,,0.0,56,Qianjin,,Good
456,31,,2024-05-31 00:00,456,,9.1,20.8,,12.0,54,Zuoying,,Good
457,25,,2024-05-31 00:00,457,,15.8,14.9,,6.0,53,Nanzi,,Good
458,30,,2024-05-31 00:00,458,,0.7,30.3,,1.0,52,Linyuan,,Good
459,25,,2024-05-31 00:00,459,,1.8,26.2,,3.0,51,Daliao,,Good
460,22,,2024-05-31 00:00,460,,5.9,23.5,,4.0,50,Fengshan,,Good
461,26,,2024-05-31 00:00,461,,9.5,20.9,,8.0,49,Renwu,,Good
462,19,,2024-05-31 00:00,462,,10.9,17.3,,7.0,48,Qiaotou,,Good
463,20,,2024-05-31 00:00,463,,2.7,11.8,,8.0,47,Meinong,,Good
464,29,,2024-05-31 00:00,464,,12.0,15.0,,10.0,46,Tainan,,Good
465,30,,2024-05-31 00:00,465,,12.8,15.5,,5.0,45,Annan,,Good
466,27,,2024-05-31 00:00,466,,2.8,17.4,,11.0,44,Shanhua,,Good
467,24,,2024-05-31 00:00,467,,3.5,19.5,,0.0,43,Xinying,,Good
468,24,,2024-05-31 00:00,468,,6.1,14.6,,4.0,42,Chiayi,,Good
469,23,,2024-05-31 00:00,469,,5.9,16.3,,3.0,41,Taixi,,Good
470,21,,2024-05-31 00:00,470,,5.4,18.1,,,40,Puzi,,Good
471,29,,2024-05-31 00:00,471,,3.8,19.9,,6.0,39,Xingang,,Good
472,31,,2024-05-31 00:00,472,,5.3,14.3,,7.0,38,Lunbei,,Good
473,28,,2024-05-31 00:00,473,,3.0,10.9,,7.0,37,Douliu,,Good
474,25,,2024-05-31 00:00,474,,5.7,7.0,,7.0,36,Nantou,,Good
475,51,,2024-05-31 00:00,475,,8.6,13.2,,11.0,35,Erlin,,Moderate
476,38,,2024-05-31 00:00,476,,3.7,20.0,,4.0,34,Xianxi,,Good
477,36,,2024-05-31 00:00,477,,11.1,12.4,,9.0,33,Changhua,,Good
478,35,,2024-05-31 00:00,478,,16.0,5.5,,11.0,32,Xitun,,Good
479,27,,2024-05-31 00:00,479,,9.3,12.0,,8.0,31,Zhongming,,Good
480,40,,2024-05-31 00:00,480,,8.2,9.7,,12.0,30,Dali,,Good
481,35,,2024-05-31 00:00,481,,8.0,22.6,,5.0,29,Shalu,,Good
482,27,,2024-05-31 00:00,482,,4.6,21.4,,5.0,28,Fengyuan,,Good
483,32,,2024-05-31 00:00,483,,1.5,23.7,,7.0,27,Sanyi,,Good
484,43,,2024-05-31 00:00,484,,6.8,25.8,,17.0,26,Miaoli,,Good
485,39,,2024-05-31 00:00,485,,7.2,22.4,,14.0,25,Toufen,,Good
486,35,,2024-05-31 00:00,486,,9.6,31.6,,13.0,24,Hsinchu,,Good
487,54,,2024-05-31 00:00,487,,6.3,8.6,,17.0,23,Zhudong,,Moderate
488,53,,2024-05-31 00:00,488,,15.8,13.1,,19.0,22,Hukou,,Moderate
489,56,,2024-05-31 00:00,489,,19.3,7.5,,19.0,21,Longtan,,Moderate
490,40,,2024-05-31 00:00,490,,24.0,13.8,,13.0,20,Pingzhen,,Good
491,30,,2024-05-31 00:00,491,,6.9,30.9,,10.0,19,Guanyin,,Good
492,41,,2024-05-31 00:00,492,,13.5,23.2,,19.0,18,Dayuan,,Good
493,44,,2024-05-31 00:00,493,,8.9,32.5,,13.0,17,Taoyuan,,Good
494,37,,2024-05-31 00:00,494,,20.0,1.8,,12.0,16,Datong,,Good
495,48,,2024-05-31 00:00,495,,25.7,2.9,,15.0,15,Songshan,,Good
496,28,,2024-05-31 00:00,496,,10.4,7.9,,9.0,14,Guting,,Good
497,39,,2024-05-31 00:00,497,,14.5,7.6,,10.0,13,Wanhua,,Good
498,32,,2024-05-31 00:00,498,,16.6,5.3,,9.0,12,Zhongshan,,Good
499,38,,2024-05-31 00:00,499,,23.0,3.0,,14.0,11,Shilin,,Good
500,37,,2024-05-31 00:00,500,,9.9,24.0,,12.0,10,Tamsui,,Good
501,31,,2024-05-31 00:00,501,,14.6,27.3,,11.0,9,Linkou,,Good
502,43,,2024-05-31 00:00,502,,26.0,3.4,,15.0,8,Cailiao,,Good
503,45,,2024-05-31 00:00,503,,19.4,13.1,,17.0,7,Xinzhuang,,Good
504,50,,2024-05-31 00:00,504,,30.0,1.7,,13.0,6,Banqiao,,Good
505,58,,2024-05-31 00:00,505,,21.7,4.2,,21.0,5,Tucheng,,Moderate
506,36,,2024-05-31 00:00,506,,6.3,10.6,,13.0,4,Xindian,,Good
507,28,,2024-05-31 00:00,507,,6.7,4.5,,6.0,3,Wanli,,Good
508,42,,2024-05-31 00:00,508,,19.8,0.5,,13.0,2,Xizhi,,Good
509,27,,2024-05-31 00:00,509,,16.7,0.4,,8.0,1,Keelung,,Good
510,28,,2024-05-30 23:00,510,,2.3,21.0,,1.0,313,Pingtung（fangshan）,,Good
511,33,,2024-05-30 23:00,511,,11.2,18.2,,9.0,312,Taichung（Rilana Elementary）,,Good
512,53,,2024-05-30 23:00,512,,11.5,9.0,,15.0,311,New Taipei(Shulin),,Moderate
513,27,,2024-05-30 23:00,513,,1.0,27.0,,4.0,204,Pingtung（Liuqiu）,,Good
514,23,,2024-05-30 23:00,514,,7.3,19.1,,4.0,203,Tainan（Madou）,,Good
515,18,,2024-05-30 23:00,515,,8.9,14.6,,3.0,202,Kaohsiung（Hunei）,,Good
516,44,,2024-05-30 23:00,516,,9.9,16.5,,14.0,201,Changhua（Yuanlin）,,Good
517,31,,2024-05-30 23:00,517,,5.3,15.1,,5.0,85,Dacheng,,Good
518,34,,2024-05-30 23:00,518,,4.6,27.2,,8.0,84,FugueiCape,,Good
519,25,,2024-05-30 23:00,519,,8.2,16.8,,8.0,83,Mailiao,,Good
520,18,,2024-05-30 23:00,520,,2.7,9.8,,1.0,80,Guanshan,,Good
521,28,,2024-05-30 23:00,521,,6.3,26.2,,0.0,78,Magong,,Good
522,74,,2024-05-30 23:00,522,,21.7,11.2,,24.0,77,Kinmen,,Moderate
523,41,,2024-05-30 23:00,523,,5.4,39.8,,11.0,75,Matsu,,Good
524,37,,2024-05-30 23:00,524,,6.9,8.8,,7.0,72,Puli,,Good
525,20,,2024-05-30 23:00,525,,8.2,20.1,,5.0,71,Fuxing,,Good
526,41,,2024-05-30 23:00,526,,10.4,5.9,,11.0,70,Yonghe,,Good
527,40,,2024-05-30 23:00,527,,4.5,7.4,,7.0,69,Zhushan,,Good
528,49,,2024-05-30 23:00,528,,24.3,14.5,,17.0,68,Zhongli,,Good
529,50,,2024-05-30 23:00,529,,30.9,8.2,,12.0,67,Sanchong,,Good
530,27,,2024-05-30 23:00,530,,14.7,7.5,,8.0,66,Dongshan,,Good
531,31,,2024-05-30 23:00,531,,4.1,18.9,,4.0,65,Yilan,,Good
532,24,,2024-05-30 23:00,532,,3.3,33.5,,9.0,64,Yangming,,Good
533,28,,2024-05-30 23:00,533,,3.5,18.3,,7.0,63,Hualien,,Good
534,22,,2024-05-30 23:00,534,,3.4,17.0,,4.0,62,Taitung,,Good
535,28,,2024-05-30 23:00,535,,2.0,24.3,,5.0,61,Hengchun,,Good
536,21,,2024-05-30 23:00,536,,4.1,11.0,,5.0,60,Chaozhou,,Good
537,23,,2024-05-30 23:00,537,,6.7,19.7,,4.0,59,Pingtung,,Good
538,26,,2024-05-30 23:00,538,,4.3,27.1,,10.0,58,Xiaogang,,Good
539,18,,2024-05-30 23:00,539,,11.1,18.8,,3.0,57,Qianzhen,,Good
540,23,,2024-05-30 23:00,540,,14.5,14.9,,1.0,56,Qianjin,,Good
541,29,,2024-05-30 23:00,541,,11.6,19.0,,9.0,54,Zuoying,,Good
542,22,,2024-05-30 23:00,542,,10.8,20.7,,7.0,53,Nanzi,,Good
543,30,,2024-05-30 23:00,543,,1.1,30.2,,3.0,52,Linyuan,,Good
544,25,,2024-05-30 23:00,544,,2.4,23.7,,2.0,51,Daliao,,Good
545,23,,2024-05-30 23:00,545,,5.9,22.6,,5.0,50,Fengshan,,Good
546,28,,2024-05-30 23:00,546,,4.9,26.3,,5.0,49,Renwu,,Good
547,21,,2024-05-30 23:00,547,,7.6,22.2,,3.0,48,Qiaotou,,Good
548,23,,2024-05-30 23:00,548,,2.7,14.3,,3.0,47,Meinong,,Good
549,27,,2024-05-30 23:00,549,,9.9,18.8,,7.0,46,Tainan,,Good
550,32,,2024-05-30 23:00,550,,10.2,19.6,,7.0,45,Annan,,Good
551,24,,2024-05-30 23:00,551,,2.5,20.6,,6.0,44,Shanhua,,Good
552,25,,2024-05-30 23:00,552,,3.9,20.1,,0.0,43,Xinying,,Good
553,26,,2024-05-30 23:00,553,,5.1,19.3,,5.0,42,Chiayi,,Good
554,27,,2024-05-30 23:00,554,,5.9,17.1,,5.0,41,Taixi,,Good
555,22,,2024-05-30 23:00,555,,8.5,14.5,,,40,Puzi,,Good
556,32,,2024-05-30 23:00,556,,3.4,21.9,,11.0,39,Xingang,,Good
557,35,,2024-05-30 23:00,557,,3.7,16.6,,8.0,38,Lunbei,,Good
558,29,,2024-05-30 23:00,558,,5.7,14.1,,12.0,37,Douliu,,Good
559,26,,2024-05-30 23:00,559,,7.7,7.2,,7.0,36,Nantou,,Good
560,55,,2024-05-30 23:00,560,,5.5,17.1,,14.0,35,Erlin,,Moderate
561,43,,2024-05-30 23:00,561,,5.4,22.9,,18.0,34,Xianxi,,Good
562,37,,2024-05-30 23:00,562,,10.2,15.8,,10.0,33,Changhua,,Good
563,34,,2024-05-30 23:00,563,,16.5,8.0,,7.0,32,Xitun,,Good
564,28,,2024-05-30 23:00,564,,11.0,14.1,,5.0,31,Zhongming,,Good
565,39,,2024-05-30 23:00,565,,10.0,10.8,,12.0,30,Dali,,Good
566,39,,2024-05-30 23:00,566,,11.7,22.6,,7.0,29,Shalu,,Good
567,31,,2024-05-30 23:00,567,,4.4,28.2,,4.0,28,Fengyuan,,Good
568,36,,2024-05-30 23:00,568,,0.4,30.9,,5.0,27,Sanyi,,Good
569,41,,2024-05-30 23:00,569,,7.7,27.3,,16.0,26,Miaoli,,Good
570,39,,2024-05-30 23:00,570,,8.3,19.6,,14.0,25,Toufen,,Good
571,36,,2024-05-30 23:00,571,,10.3,33.3,,7.0,24,Hsinchu,,Good
572,54,,2024-05-30 23:00,572,,7.2,10.5,,14.0,23,Zhudong,,Moderate
573,53,,2024-05-30 23:00,573,,9.1,25.0,,12.0,22,Hukou,,Moderate
574,56,,2024-05-30 23:00,574,,16.3,15.3,,19.0,21,Longtan,,Moderate
575,39,,2024-05-30 23:00,575,,19.2,19.0,,11.0,20,Pingzhen,,Good
576,31,,2024-05-30 23:00,576,,11.2,24.0,,12.0,19,Guanyin,,Good
577,39,,2024-05-30 23:00,577,,18.8,16.9,,12.0,18,Dayuan,,Good
578,44,,2024-05-30 23:00,578,,13.5,30.9,,15.0,17,Taoyuan,,Good
579,50,,2024-05-30 23:00,579,,30.6,3.5,,18.0,16,Datong,,Good
580,45,,2024-05-30 23:00,580,,23.6,9.0,,18.0,15,Songshan,,Good
581,28,,2024-05-30 23:00,581,,11.2,6.8,,4.0,14,Guting,,Good
582,38,,2024-05-30 23:00,582,,21.5,4.9,,11.0,13,Wanhua,,Good
583,35,,2024-05-30 23:00,583,,21.8,9.5,,13.0,12,Zhongshan,,Good
584,42,,2024-05-30 23:00,584,,25.2,8.4,,12.0,11,Shilin,,Good
585,36,,2024-05-30 23:00,585,,14.3,24.4,,12.0,10,Tamsui,,Good
586,31,,2024-05-30 23:00,586,,,30.5,,11.0,9,Linkou,,Good
587,38,,2024-05-30 23:00,587,,23.2,18.8,,9.0,8,Cailiao,,Good
588,42,,2024-05-30 23:00,588,,23.4,12.7,,17.0,7,Xinzhuang,,Good
589,43,,2024-05-30 23:00,589,,26.2,9.4,,17.0,6,Banqiao,,Good
590,57,,2024-05-30 23:00,590,,24.6,5.3,,19.0,5,Tucheng,,Moderate
591,34,,2024-05-30 23:00,591,,8.8,12.0,,9.0,4,Xindian,,Good
592,28,,2024-05-30 23:00,592,,7.1,5.4,,4.0,3,Wanli,,Good
593,43,,2024-05-30 23:00,593,,23.3,1.4,,17.0,2,Xizhi,,Good
594,30,,2024-05-30 23:00,594,,18.3,0.4,,8.0,1,Keelung,,Good
595,30,,2024-05-30 22:00,595,,2.7,22.7,,0.0,313,Pingtung（fangshan）,,Good
596,36,,2024-05-30 22:00,596,,12.7,17.4,,10.0,312,Taichung（Rilana Elementary）,,Good
597,52,,2024-05-30 22:00,597,,15.6,7.0,,19.0,311,New Taipei(Shulin),,Moderate
598,27,,2024-05-30 22:00,598,,1.3,28.6,,5.0,204,Pingtung（Liuqiu）,,Good
599,25,,2024-05-30 22:00,599,,7.5,19.2,,6.0,203,Tainan（Madou）,,Good
600,19,,2024-05-30 22:00,600,,8.8,16.3,,5.0,202,Kaohsiung（Hunei）,,Good
601,43,,2024-05-30 22:00,601,,12.3,16.2,,16.0,201,Changhua（Yuanlin）,,Good
602,35,,2024-05-30 22:00,602,,4.7,16.2,,3.0,85,Dacheng,,Good
603,36,,2024-05-30 22:00,603,,1.8,33.2,,5.0,84,FugueiCape,,Good
604,30,,2024-05-30 22:00,604,,8.9,17.4,,6.0,83,Mailiao,,Good
605,20,,2024-05-30 22:00,605,,3.2,14.8,,3.0,80,Guanshan,,Good
606,29,,2024-05-30 22:00,606,,7.8,24.8,,0.0,78,Magong,,Good
607,76,,2024-05-30 22:00,607,,17.1,16.4,,23.0,77,Kinmen,,Moderate
608,42,,2024-05-30 22:00,608,,8.7,37.1,,12.0,75,Matsu,,Good
609,39,,2024-05-30 22:00,609,,8.2,9.4,,10.0,72,Puli,,Good
610,20,,2024-05-30 22:00,610,,12.1,20.3,,6.0,71,Fuxing,,Good
611,42,,2024-05-30 22:00,611,,19.9,6.0,,13.0,70,Yonghe,,Good
612,41,,2024-05-30 22:00,612,,6.1,7.8,,11.0,69,Zhushan,,Good
613,48,,2024-05-30 22:00,613,,28.1,16.8,,12.0,68,Zhongli,,Good
614,54,,2024-05-30 22:00,614,,35.8,11.7,,11.0,67,Sanchong,,Moderate
615,31,,2024-05-30 22:00,615,,3.7,21.2,,7.0,66,Dongshan,,Good
616,34,,2024-05-30 22:00,616,,6.6,20.1,,4.0,65,Yilan,,Good
617,24,,2024-05-30 22:00,617,,3.6,27.9,,7.0,64,Yangming,,Good
618,29,,2024-05-30 22:00,618,,4.6,18.4,,10.0,63,Hualien,,Good
619,24,,2024-05-30 22:00,619,,3.9,22.3,,1.0,62,Taitung,,Good
620,29,,2024-05-30 22:00,620,,1.6,26.5,,1.0,61,Hengchun,,Good
621,24,,2024-05-30 22:00,621,,3.9,12.8,,2.0,60,Chaozhou,,Good
622,25,,2024-05-30 22:00,622,,7.5,23.1,,6.0,59,Pingtung,,Good
623,25,,2024-05-30 22:00,623,,9.7,23.9,,9.0,58,Xiaogang,,Good
624,22,,2024-05-30 22:00,624,,13.3,18.2,,2.0,57,Qianzhen,,Good
625,21,,2024-05-30 22:00,625,,10.2,19.9,,3.0,56,Qianjin,,Good
626,29,,2024-05-30 22:00,626,,13.6,18.2,,10.0,54,Zuoying,,Good
627,24,,2024-05-30 22:00,627,,9.7,23.5,,3.0,53,Nanzi,,Good
628,31,,2024-05-30 22:00,628,,1.0,30.5,,3.0,52,Linyuan,,Good
629,26,,2024-05-30 22:00,629,,3.1,25.1,,2.0,51,Daliao,,Good
630,24,,2024-05-30 22:00,630,,6.0,25.1,,6.0,50,Fengshan,,Good
631,28,,2024-05-30 22:00,631,,3.7,30.0,,5.0,49,Renwu,,Good
632,22,,2024-05-30 22:00,632,,8.6,21.7,,4.0,48,Qiaotou,,Good
633,26,,2024-05-30 22:00,633,,3.1,14.9,,4.0,47,Meinong,,Good
634,28,,2024-05-30 22:00,634,,13.7,17.2,,8.0,46,Tainan,,Good
635,34,,2024-05-30 22:00,635,,11.6,17.7,,7.0,45,Annan,,Good
636,25,,2024-05-30 22:00,636,,2.7,20.8,,9.0,44,Shanhua,,Good
637,26,,2024-05-30 22:00,637,,4.0,20.9,,2.0,43,Xinying,,Good
638,27,,2024-05-30 22:00,638,,4.9,21.2,,6.0,42,Chiayi,,Good
639,32,,2024-05-30 22:00,639,,5.0,20.2,,6.0,41,Taixi,,Good
640,25,,2024-05-30 22:00,640,,6.6,17.6,,,40,Puzi,,Good
641,33,,2024-05-30 22:00,641,,3.7,24.1,,8.0,39,Xingang,,Good
642,37,,2024-05-30 22:00,642,,4.0,19.8,,9.0,38,Lunbei,,Good
643,26,,2024-05-30 22:00,643,,10.3,16.1,,9.0,37,Douliu,,Good
644,29,,2024-05-30 22:00,644,,7.2,9.8,,4.0,36,Nantou,,Good
645,56,,2024-05-30 22:00,645,,5.1,20.5,,17.0,35,Erlin,,Moderate
646,39,,2024-05-30 22:00,646,,5.4,27.4,,16.0,34,Xianxi,,Good
647,39,,2024-05-30 22:00,647,,8.6,20.6,,12.0,33,Changhua,,Good
648,38,,2024-05-30 22:00,648,,14.9,15.4,,9.0,32,Xitun,,Good
649,30,,2024-05-30 22:00,649,,12.3,14.7,,8.0,31,Zhongming,,Good
650,37,,2024-05-30 22:00,650,,10.9,11.5,,11.0,30,Dali,,Good
651,41,,2024-05-30 22:00,651,,16.7,19.5,,13.0,29,Shalu,,Good
652,38,,2024-05-30 22:00,652,,6.7,20.4,,3.0,28,Fengyuan,,Good
653,39,,2024-05-30 22:00,653,,0.4,31.0,,5.0,27,Sanyi,,Good
654,41,,2024-05-30 22:00,654,,8.8,26.2,,10.0,26,Miaoli,,Good
655,39,,2024-05-30 22:00,655,,6.8,31.4,,13.0,25,Toufen,,Good
656,38,,2024-05-30 22:00,656,,12.3,34.3,,9.0,24,Hsinchu,,Good
657,55,,2024-05-30 22:00,657,,8.2,11.0,,13.0,23,Zhudong,,Moderate
658,56,,2024-05-30 22:00,658,,6.2,31.0,,16.0,22,Hukou,,Moderate
659,56,,2024-05-30 22:00,659,,18.4,20.6,,16.0,21,Longtan,,Moderate
660,40,,2024-05-30 22:00,660,,15.0,27.1,,9.0,20,Pingzhen,,Good
661,32,,2024-05-30 22:00,661,,7.7,31.2,,11.0,19,Guanyin,,Good
662,40,,2024-05-30 22:00,662,,18.1,18.2,,13.0,18,Dayuan,,Good
663,44,,2024-05-30 22:00,663,,19.5,23.7,,17.0,17,Taoyuan,,Good
664,52,,2024-05-30 22:00,664,,33.3,12.7,,9.0,16,Datong,,Moderate
665,43,,2024-05-30 22:00,665,,26.5,6.9,,17.0,15,Songshan,,Good
666,31,,2024-05-30 22:00,666,,14.0,10.6,,9.0,14,Guting,,Good
667,45,,2024-05-30 22:00,667,,27.3,23.0,,19.0,13,Wanhua,,Good
668,47,,2024-05-30 22:00,668,,28.1,16.6,,11.0,12,Zhongshan,,Good
669,38,,2024-05-30 22:00,669,,23.7,15.5,,11.0,11,Shilin,,Good
670,36,,2024-05-30 22:00,670,,16.8,13.9,,10.0,10,Tamsui,,Good
671,33,,2024-05-30 22:00,671,,15.8,34.0,,12.0,9,Linkou,,Good
672,33,,2024-05-30 22:00,672,,20.0,29.6,,8.0,8,Cailiao,,Good
673,40,,2024-05-30 22:00,673,,22.8,16.6,,17.0,7,Xinzhuang,,Good
674,43,,2024-05-30 22:00,674,,26.8,12.2,,12.0,6,Banqiao,,Good
675,56,,2024-05-30 22:00,675,,26.8,6.7,,18.0,5,Tucheng,,Moderate
676,33,,2024-05-30 22:00,676,,10.6,10.2,,13.0,4,Xindian,,Good
677,29,,2024-05-30 22:00,677,,7.8,7.4,,4.0,3,Wanli,,Good
678,43,,2024-05-30 22:00,678,,26.6,3.7,,14.0,2,Xizhi,,Good
679,30,,2024-05-30 22:00,679,,18.4,0.4,,9.0,1,Keelung,,Good
680,31,,2024-05-30 21:00,680,,3.6,25.5,,1.0,313,Pingtung（fangshan）,,Good
681,41,,2024-05-30 21:00,681,,8.0,28.5,,11.0,312,Taichung（Rilana Elementary）,,Good
682,52,,2024-05-30 21:00,682,,20.7,6.8,,19.0,311,New Taipei(Shulin),,Moderate
683,28,,2024-05-30 21:00,683,,1.0,28.8,,6.0,204,Pingtung（Liuqiu）,,Good
684,28,,2024-05-30 21:00,684,,17.4,12.2,,9.0,203,Tainan（Madou）,,Good
685,22,,2024-05-30 21:00,685,,13.2,12.4,,8.0,202,Kaohsiung（Hunei）,,Good
686,40,,2024-05-30 21:00,686,,11.3,19.2,,11.0,201,Changhua（Yuanlin）,,Good
687,41,,2024-05-30 21:00,687,,4.4,19.3,,4.0,85,Dacheng,,Good
688,38,,2024-05-30 21:00,688,,3.7,30.3,,9.0,84,FugueiCape,,Good
689,35,,2024-05-30 21:00,689,,6.9,20.8,,7.0,83,Mailiao,,Good
690,23,,2024-05-30 21:00,690,,3.5,18.1,,4.0,80,Guanshan,,Good
691,32,,2024-05-30 21:00,691,,5.7,28.7,,0.0,78,Magong,,Good
692,77,,2024-05-30 21:00,692,,13.7,26.5,,21.0,77,Kinmen,,Moderate
693,44,,2024-05-30 21:00,693,,5.8,36.5,,13.0,75,Matsu,,Good
694,41,,2024-05-30 21:00,694,,7.6,17.9,,11.0,72,Puli,,Good
695,21,,2024-05-30 21:00,695,,10.7,20.7,,6.0,71,Fuxing,,Good
696,50,,2024-05-30 21:00,696,,30.2,12.1,,14.0,70,Yonghe,,Good
697,39,,2024-05-30 21:00,697,,7.3,11.6,,14.0,69,Zhushan,,Good
698,48,,2024-05-30 21:00,698,,26.1,18.3,,14.0,68,Zhongli,,Good
699,60,,2024-05-30 21:00,699,,44.4,6.6,,11.0,67,Sanchong,,Moderate
700,34,,2024-05-30 21:00,700,,4.0,25.6,,5.0,66,Dongshan,,Good
701,38,,2024-05-30 21:00,701,,3.8,27.2,,8.0,65,Yilan,,Good
702,25,,2024-05-30 21:00,702,,1.6,29.4,,5.0,64,Yangming,,Good
703,29,,2024-05-30 21:00,703,,5.3,20.8,,12.0,63,Hualien,,Good
704,26,,2024-05-30 21:00,704,,5.0,24.0,,3.0,62,Taitung,,Good
705,30,,2024-05-30 21:00,705,,1.4,28.2,,2.0,61,Hengchun,,Good
706,26,,2024-05-30 21:00,706,,4.0,17.0,,4.0,60,Chaozhou,,Good
707,26,,2024-05-30 21:00,707,,8.6,22.5,,10.0,59,Pingtung,,Good
708,23,,2024-05-30 21:00,708,,14.0,18.6,,6.0,58,Xiaogang,,Good
709,23,,2024-05-30 21:00,709,,14.8,17.4,,6.0,57,Qianzhen,,Good
710,21,,2024-05-30 21:00,710,,9.5,22.6,,4.0,56,Qianjin,,Good
711,28,,2024-05-30 21:00,711,,10.2,21.6,,7.0,54,Zuoying,,Good
712,27,,2024-05-30 21:00,712,,12.9,19.9,,7.0,53,Nanzi,,Good
713,31,,2024-05-30 21:00,713,,1.0,32.1,,3.0,52,Linyuan,,Good
714,27,,2024-05-30 21:00,714,,3.8,26.5,,3.0,51,Daliao,,Good
715,24,,2024-05-30 21:00,715,,7.7,24.5,,9.0,50,Fengshan,,Good
716,28,,2024-05-30 21:00,716,,4.4,29.4,,8.0,49,Renwu,,Good
717,22,,2024-05-30 21:00,717,,9.2,20.9,,6.0,48,Qiaotou,,Good
718,28,,2024-05-30 21:00,718,,4.4,17.4,,6.0,47,Meinong,,Good
719,31,,2024-05-30 21:00,719,,16.0,13.5,,9.0,46,Tainan,,Good
720,38,,2024-05-30 21:00,720,,16.9,14.7,,17.0,45,Annan,,Good
721,26,,2024-05-30 21:00,721,,3.2,20.0,,7.0,44,Shanhua,,Good
722,29,,2024-05-30 21:00,722,,4.5,21.8,,0.0,43,Xinying,,Good
723,32,,2024-05-30 21:00,723,,3.9,25.2,,5.0,42,Chiayi,,Good
724,38,,2024-05-30 21:00,724,,3.7,26.1,,5.0,41,Taixi,,Good
725,27,,2024-05-30 21:00,725,,7.3,20.2,,,40,Puzi,,Good
726,35,,2024-05-30 21:00,726,,4.1,25.1,,10.0,39,Xingang,,Good
727,36,,2024-05-30 21:00,727,,4.5,24.3,,13.0,38,Lunbei,,Good
728,32,,2024-05-30 21:00,728,,12.0,13.9,,10.0,37,Douliu,,Good
729,35,,2024-05-30 21:00,729,,8.5,14.2,,6.0,36,Nantou,,Good
730,54,,2024-05-30 21:00,730,,5.2,21.2,,17.0,35,Erlin,,Moderate
731,41,,2024-05-30 21:00,731,,6.9,27.7,,12.0,34,Xianxi,,Good
732,46,,2024-05-30 21:00,732,,8.3,28.0,,9.0,33,Changhua,,Good
733,45,,2024-05-30 21:00,733,,12.7,24.8,,11.0,32,Xitun,,Good
734,32,,2024-05-30 21:00,734,,8.9,24.1,,5.0,31,Zhongming,,Good
735,42,,2024-05-30 21:00,735,,11.3,15.4,,9.0,30,Dali,,Good
736,44,,2024-05-30 21:00,736,,14.3,24.6,,12.0,29,Shalu,,Good
737,44,,2024-05-30 21:00,737,,8.3,16.1,,5.0,28,Fengyuan,,Good
738,44,,2024-05-30 21:00,738,,1.0,30.3,,7.0,27,Sanyi,,Good
739,45,,2024-05-30 21:00,739,,7.5,31.2,,10.0,26,Miaoli,,Good
740,44,,2024-05-30 21:00,740,,4.9,40.4,,9.0,25,Toufen,,Good
741,42,,2024-05-30 21:00,741,,8.1,39.6,,7.0,24,Hsinchu,,Good
742,56,,2024-05-30 21:00,742,,9.5,16.4,,19.0,23,Zhudong,,Moderate
743,56,,2024-05-30 21:00,743,,5.5,33.1,,18.0,22,Hukou,,Moderate
744,55,,2024-05-30 21:00,744,,18.6,23.0,,19.0,21,Longtan,,Moderate
745,43,,2024-05-30 21:00,745,,20.8,23.3,,15.0,20,Pingzhen,,Good
746,34,,2024-05-30 21:00,746,,8.5,33.6,,6.0,19,Guanyin,,Good
747,38,,2024-05-30 21:00,747,,15.7,21.9,,13.0,18,Dayuan,,Good
748,42,,2024-05-30 21:00,748,,18.6,26.9,,15.0,17,Taoyuan,,Good
749,47,,2024-05-30 21:00,749,,28.2,18.0,,10.0,16,Datong,,Good
750,45,,2024-05-30 21:00,750,,27.3,6.7,,17.0,15,Songshan,,Good
751,31,,2024-05-30 21:00,751,,18.2,10.6,,13.0,14,Guting,,Good
752,47,,2024-05-30 21:00,752,,28.6,16.3,,10.0,13,Wanhua,,Good
753,43,,2024-05-30 21:00,753,,26.6,18.7,,10.0,12,Zhongshan,,Good
754,42,,2024-05-30 21:00,754,,25.4,13.5,,14.0,11,Shilin,,Good
755,38,,2024-05-30 21:00,755,,23.5,12.0,,14.0,10,Tamsui,,Good
756,37,,2024-05-30 21:00,756,,22.7,25.5,,12.0,9,Linkou,,Good
757,32,,2024-05-30 21:00,757,,17.1,29.5,,10.0,8,Cailiao,,Good
758,35,,2024-05-30 21:00,758,,19.6,26.5,,14.0,7,Xinzhuang,,Good
759,38,,2024-05-30 21:00,759,,23.5,21.8,,18.0,6,Banqiao,,Good
760,57,,2024-05-30 21:00,760,,31.9,5.5,,18.0,5,Tucheng,,Moderate
761,32,,2024-05-30 21:00,761,,11.1,13.1,,12.0,4,Xindian,,Good
762,31,,2024-05-30 21:00,762,,5.7,10.4,,4.0,3,Wanli,,Good
763,43,,2024-05-30 21:00,763,,26.4,2.7,,11.0,2,Xizhi,,Good
764,28,,2024-05-30 21:00,764,,17.3,2.4,,11.0,1,Keelung,,Good
765,32,,2024-05-30 20:00,765,,4.5,30.6,,4.0,313,Pingtung（fangshan）,,Good
766,45,,2024-05-30 20:00,766,,5.7,38.1,,10.0,312,Taichung（Rilana Elementary）,,Good
767,54,,2024-05-30 20:00,767,,35.1,8.4,,18.0,311,New Taipei(Shulin),,Moderate
768,28,,2024-05-30 20:00,768,,1.4,29.6,,7.0,204,Pingtung（Liuqiu）,,Good
769,29,,2024-05-30 20:00,769,,10.5,20.1,,10.0,203,Tainan（Madou）,,Good
770,21,,2024-05-30 20:00,770,,11.7,15.1,,4.0,202,Kaohsiung（Hunei）,,Good
771,42,,2024-05-30 20:00,771,,10.6,27.7,,10.0,201,Changhua（Yuanlin）,,Good
772,46,,2024-05-30 20:00,772,,4.7,27.7,,5.0,85,Dacheng,,Good
773,41,,2024-05-30 20:00,773,,8.3,31.1,,8.0,84,FugueiCape,,Good
774,41,,2024-05-30 20:00,774,,5.7,23.2,,7.0,83,Mailiao,,Good
775,26,,2024-05-30 20:00,775,,2.9,23.4,,2.0,80,Guanshan,,Good
776,37,,2024-05-30 20:00,776,,4.8,32.4,,4.0,78,Magong,,Good
777,80,,2024-05-30 20:00,777,,15.1,33.0,,29.0,77,Kinmen,,Moderate
778,46,,2024-05-30 20:00,778,,3.3,39.9,,15.0,75,Matsu,,Good
779,43,,2024-05-30 20:00,779,,9.0,22.5,,9.0,72,Puli,,Good
780,21,,2024-05-30 20:00,780,,11.5,21.6,,7.0,71,Fuxing,,Good
781,45,,2024-05-30 20:00,781,,27.1,8.8,,15.0,70,Yonghe,,Good
782,40,,2024-05-30 20:00,782,,7.0,17.6,,7.0,69,Zhushan,,Good
783,52,,2024-05-30 20:00,783,,33.5,10.9,,21.0,68,Zhongli,,Moderate
784,62,,2024-05-30 20:00,784,,46.2,3.8,,12.0,67,Sanchong,,Moderate
785,36,,2024-05-30 20:00,785,,3.9,30.7,,6.0,66,Dongshan,,Good
786,41,,2024-05-30 20:00,786,,3.6,35.3,,6.0,65,Yilan,,Good
787,25,,2024-05-30 20:00,787,,1.7,14.9,,8.0,64,Yangming,,Good
788,31,,2024-05-30 20:00,788,,6.2,21.8,,8.0,63,Hualien,,Good
789,27,,2024-05-30 20:00,789,,6.0,23.9,,1.0,62,Taitung,,Good
790,31,,2024-05-30 20:00,790,,1.3,30.5,,3.0,61,Hengchun,,Good
791,28,,2024-05-30 20:00,791,,4.1,23.8,,6.0,60,Chaozhou,,Good
792,27,,2024-05-30 20:00,792,,8.2,24.2,,8.0,59,Pingtung,,Good
793,25,,2024-05-30 20:00,793,,10.1,24.2,,7.0,58,Xiaogang,,Good
794,25,,2024-05-30 20:00,794,,15.8,17.2,,6.0,57,Qianzhen,,Good
795,21,,2024-05-30 20:00,795,,12.7,18.7,,4.0,56,Qianjin,,Good
796,29,,2024-05-30 20:00,796,,13.0,19.7,,10.0,54,Zuoying,,Good
797,25,,2024-05-30 20:00,797,,11.5,23.5,,10.0,53,Nanzi,,Good
798,31,,2024-05-30 20:00,798,,0.7,33.4,,5.0,52,Linyuan,,Good
799,27,,2024-05-30 20:00,799,,3.4,27.2,,7.0,51,Daliao,,Good
800,24,,2024-05-30 20:00,800,,8.0,23.6,,7.0,50,Fengshan,,Good
801,28,,2024-05-30 20:00,801,,6.3,28.2,,7.0,49,Renwu,,Good
802,23,,2024-05-30 20:00,802,,13.7,17.9,,5.0,48,Qiaotou,,Good
803,30,,2024-05-30 20:00,803,,3.7,26.5,,8.0,47,Meinong,,Good
804,31,,2024-05-30 20:00,804,,10.1,22.3,,6.0,46,Tainan,,Good
805,33,,2024-05-30 20:00,805,,13.1,21.2,,10.0,45,Annan,,Good
806,29,,2024-05-30 20:00,806,,2.6,23.4,,5.0,44,Shanhua,,Good
807,33,,2024-05-30 20:00,807,,4.7,25.0,,1.0,43,Xinying,,Good
808,38,,2024-05-30 20:00,808,,4.2,28.6,,5.0,42,Chiayi,,Good
809,43,,2024-05-30 20:00,809,,2.1,30.0,,6.0,41,Taixi,,Good
810,30,,2024-05-30 20:00,810,,7.7,23.3,,,40,Puzi,,Good
811,38,,2024-05-30 20:00,811,,4.7,31.0,,9.0,39,Xingang,,Good
812,37,,2024-05-30 20:00,812,,4.6,28.8,,11.0,38,Lunbei,,Good
813,38,,2024-05-30 20:00,813,,7.6,27.2,,7.0,37,Douliu,,Good
814,41,,2024-05-30 20:00,814,,8.7,20.2,,7.0,36,Nantou,,Good
815,53,,2024-05-30 20:00,815,,5.7,26.8,,23.0,35,Erlin,,Moderate
816,46,,2024-05-30 20:00,816,,6.8,30.3,,11.0,34,Xianxi,,Good
817,54,,2024-05-30 20:00,817,,7.2,35.3,,12.0,33,Changhua,,Moderate
818,51,,2024-05-30 20:00,818,,9.2,31.6,,7.0,32,Xitun,,Moderate
819,35,,2024-05-30 20:00,819,,9.2,30.4,,8.0,31,Zhongming,,Good
820,47,,2024-05-30 20:00,820,,11.8,21.3,,9.0,30,Dali,,Good
821,49,,2024-05-30 20:00,821,,11.9,32.0,,11.0,29,Shalu,,Good
822,54,,2024-05-30 20:00,822,,6.7,22.9,,8.0,28,Fengyuan,,Moderate
823,48,,2024-05-30 20:00,823,,2.1,30.9,,13.0,27,Sanyi,,Good
824,50,,2024-05-30 20:00,824,,7.5,33.6,,11.0,26,Miaoli,,Good
825,46,,2024-05-30 20:00,825,,5.4,40.6,,11.0,25,Toufen,,Good
826,44,,2024-05-30 20:00,826,,8.7,42.9,,8.0,24,Hsinchu,,Good
827,54,,2024-05-30 20:00,827,,10.9,21.5,,18.0,23,Zhudong,,Moderate
828,55,,2024-05-30 20:00,828,,5.8,35.1,,18.0,22,Hukou,,Moderate
829,52,,2024-05-30 20:00,829,,19.8,25.7,,21.0,21,Longtan,,Moderate
830,43,,2024-05-30 20:00,830,,26.7,18.7,,16.0,20,Pingzhen,,Good
831,35,,2024-05-30 20:00,831,,7.5,34.1,,7.0,19,Guanyin,,Good
832,34,,2024-05-30 20:00,832,,19.5,21.1,,17.0,18,Dayuan,,Good
833,40,,2024-05-30 20:00,833,,23.0,26.6,,13.0,17,Taoyuan,,Good
834,51,,2024-05-30 20:00,834,,31.9,11.0,,12.0,16,Datong,,Moderate
835,42,,2024-05-30 20:00,835,,25.3,12.1,,12.0,15,Songshan,,Good
836,35,,2024-05-30 20:00,836,,16.1,17.3,,11.0,14,Guting,,Good
837,47,,2024-05-30 20:00,837,,28.0,18.3,,10.0,13,Wanhua,,Good
838,51,,2024-05-30 20:00,838,,31.8,10.2,,13.0,12,Zhongshan,,Moderate
839,38,,2024-05-30 20:00,839,,23.2,17.0,,11.0,11,Shilin,,Good
840,45,,2024-05-30 20:00,840,,27.5,17.5,,11.0,10,Tamsui,,Good
841,38,,2024-05-30 20:00,841,,7.2,31.5,,11.0,9,Linkou,,Good
842,35,,2024-05-30 20:00,842,,21.3,23.5,,7.0,8,Cailiao,,Good
843,38,,2024-05-30 20:00,843,,23.4,18.2,,11.0,7,Xinzhuang,,Good
844,42,,2024-05-30 20:00,844,,25.1,20.2,,8.0,6,Banqiao,,Good
845,55,,2024-05-30 20:00,845,,35.2,7.9,,21.0,5,Tucheng,,Moderate
846,38,,2024-05-30 20:00,846,,11.6,18.6,,10.0,4,Xindian,,Good
847,35,,2024-05-30 20:00,847,,7.7,14.4,,5.0,3,Wanli,,Good
848,51,,2024-05-30 20:00,848,,31.8,1.1,,16.0,2,Xizhi,,Moderate
849,28,,2024-05-30 20:00,849,,17.4,3.3,,8.0,1,Keelung,,Good
850,33,,2024-05-30 19:00,850,,2.3,35.1,,2.0,313,Pingtung（fangshan）,,Good
851,48,,2024-05-30 19:00,851,,5.1,41.3,,8.0,312,Taichung（Rilana Elementary）,,Good
852,52,,2024-05-30 19:00,852,,33.2,13.8,,13.0,311,New Taipei(Shulin),,Moderate
853,28,,2024-05-30 19:00,853,,1.7,30.6,,8.0,204,Pingtung（Liuqiu）,,Good
854,31,,2024-05-30 19:00,854,,7.5,26.3,,7.0,203,Tainan（Madou）,,Good
855,23,,2024-05-30 19:00,855,,8.7,19.9,,2.0,202,Kaohsiung（Hunei）,,Good
856,46,,2024-05-30 19:00,856,,8.7,31.6,,10.0,201,Changhua（Yuanlin）,,Good
857,51,,2024-05-30 19:00,857,,4.8,35.1,,5.0,85,Dacheng,,Moderate
858,43,,2024-05-30 19:00,858,,6.3,36.8,,8.0,84,FugueiCape,,Good
859,45,,2024-05-30 19:00,859,,3.6,26.6,,3.0,83,Mailiao,,Good
860,28,,2024-05-30 19:00,860,,3.6,23.4,,5.0,80,Guanshan,,Good
861,40,,2024-05-30 19:00,861,,5.0,31.7,,7.0,78,Magong,,Good
862,77,,2024-05-30 19:00,862,,15.5,39.4,,32.0,77,Kinmen,,Moderate
863,47,,2024-05-30 19:00,863,,2.0,44.6,,11.0,75,Matsu,,Good
864,47,,2024-05-30 19:00,864,,6.7,27.4,,12.0,72,Puli,,Good
865,25,,2024-05-30 19:00,865,,15.9,17.4,,6.0,71,Fuxing,,Good
866,35,,2024-05-30 19:00,866,,20.6,16.6,,12.0,70,Yonghe,,Good
867,45,,2024-05-30 19:00,867,,5.6,26.2,,7.0,69,Zhushan,,Good
868,52,,2024-05-30 19:00,868,,33.7,11.7,,15.0,68,Zhongli,,Moderate
869,60,,2024-05-30 19:00,869,,43.3,5.3,,11.0,67,Sanchong,,Moderate
870,38,,2024-05-30 19:00,870,,4.8,36.4,,7.0,66,Dongshan,,Good
871,43,,2024-05-30 19:00,871,,3.0,39.6,,5.0,65,Yilan,,Good
872,28,,2024-05-30 19:00,872,,1.5,19.7,,6.0,64,Yangming,,Good
873,32,,2024-05-30 19:00,873,,6.6,24.4,,9.0,63,Hualien,,Good
874,29,,2024-05-30 19:00,874,,6.2,24.8,,0.0,62,Taitung,,Good
875,31,,2024-05-30 19:00,875,,1.7,31.9,,2.0,61,Hengchun,,Good
876,29,,2024-05-30 19:00,876,,3.2,27.9,,2.0,60,Chaozhou,,Good
877,27,,2024-05-30 19:00,877,,7.3,25.6,,4.0,59,Pingtung,,Good
878,29,,2024-05-30 19:00,878,,10.1,22.7,,7.0,58,Xiaogang,,Good
879,32,,2024-05-30 19:00,879,,19.7,14.4,,2.0,57,Qianzhen,,Good
880,22,,2024-05-30 19:00,880,,11.3,21.2,,2.0,56,Qianjin,,Good
881,30,,2024-05-30 19:00,881,,12.2,22.1,,10.0,54,Zuoying,,Good
882,24,,2024-05-30 19:00,882,,12.6,24.0,,10.0,53,Nanzi,,Good
883,31,,2024-05-30 19:00,883,,0.8,33.8,,7.0,52,Linyuan,,Good
884,27,,2024-05-30 19:00,884,,3.8,28.4,,7.0,51,Daliao,,Good
885,25,,2024-05-30 19:00,885,,10.1,22.8,,11.0,50,Fengshan,,Good
886,28,,2024-05-30 19:00,886,,8.3,27.0,,6.0,49,Renwu,,Good
887,24,,2024-05-30 19:00,887,,12.9,20.5,,3.0,48,Qiaotou,,Good
888,31,,2024-05-30 19:00,888,,2.6,31.0,,4.0,47,Meinong,,Good
889,34,,2024-05-30 19:00,889,,10.5,25.3,,11.0,46,Tainan,,Good
890,34,,2024-05-30 19:00,890,,12.8,24.0,,11.0,45,Annan,,Good
891,31,,2024-05-30 19:00,891,,2.4,27.6,,8.0,44,Shanhua,,Good
892,39,,2024-05-30 19:00,892,,5.1,30.1,,4.0,43,Xinying,,Good
893,43,,2024-05-30 19:00,893,,4.9,33.4,,4.0,42,Chiayi,,Good
894,47,,2024-05-30 19:00,894,,1.8,31.3,,4.0,41,Taixi,,Good
895,34,,2024-05-30 19:00,895,,9.4,34.0,,,40,Puzi,,Good
896,43,,2024-05-30 19:00,896,,5.2,39.0,,12.0,39,Xingang,,Good
897,41,,2024-05-30 19:00,897,,4.2,34.5,,10.0,38,Lunbei,,Good
898,43,,2024-05-30 19:00,898,,6.3,34.5,,4.0,37,Douliu,,Good
899,45,,2024-05-30 19:00,899,,6.7,25.6,,7.0,36,Nantou,,Good
900,51,,2024-05-30 19:00,900,,3.8,37.7,,15.0,35,Erlin,,Moderate
901,50,,2024-05-30 19:00,901,,6.1,35.4,,11.0,34,Xianxi,,Good
902,67,,2024-05-30 19:00,902,,7.0,39.0,,12.0,33,Changhua,,Moderate
903,64,,2024-05-30 19:00,903,,6.5,37.5,,9.0,32,Xitun,,Moderate
904,37,,2024-05-30 19:00,904,,9.7,31.4,,9.0,31,Zhongming,,Good
905,58,,2024-05-30 19:00,905,,8.7,26.8,,8.0,30,Dali,,Moderate
906,58,,2024-05-30 19:00,906,,8.6,40.6,,11.0,29,Shalu,,Moderate
907,71,,2024-05-30 19:00,907,,6.0,35.2,,11.0,28,Fengyuan,,Moderate
908,51,,2024-05-30 19:00,908,,3.1,37.7,,10.0,27,Sanyi,,Moderate
909,67,,2024-05-30 19:00,909,,7.1,40.4,,13.0,26,Miaoli,,Moderate
910,50,,2024-05-30 19:00,910,,6.0,39.4,,10.0,25,Toufen,,Good
911,47,,2024-05-30 19:00,911,,18.5,35.7,,10.0,24,Hsinchu,,Good
912,58,,2024-05-30 19:00,912,,9.4,30.1,,17.0,23,Zhudong,,Moderate
913,54,,2024-05-30 19:00,913,,6.6,33.9,,20.0,22,Hukou,,Moderate
914,49,,2024-05-30 19:00,914,,16.0,35.4,,19.0,21,Longtan,,Good
915,38,,2024-05-30 19:00,915,,19.8,23.6,,13.0,20,Pingzhen,,Good
916,51,,2024-05-30 19:00,916,,12.9,31.8,,12.0,19,Guanyin,,Moderate
917,36,,2024-05-30 19:00,917,,19.5,26.0,,15.0,18,Dayuan,,Good
918,52,,2024-05-30 19:00,918,,33.4,12.0,,14.0,17,Taoyuan,,Moderate
919,48,,2024-05-30 19:00,919,,29.8,14.0,,10.0,16,Datong,,Good
920,36,,2024-05-30 19:00,920,,21.8,17.5,,12.0,15,Songshan,,Good
921,38,,2024-05-30 19:00,921,,15.3,24.8,,7.0,14,Guting,,Good
922,42,,2024-05-30 19:00,922,,25.5,21.2,,11.0,13,Wanhua,,Good
923,52,,2024-05-30 19:00,923,,32.7,11.4,,8.0,12,Zhongshan,,Moderate
924,35,,2024-05-30 19:00,924,,20.2,21.0,,11.0,11,Shilin,,Good
925,42,,2024-05-30 19:00,925,,25.4,21.2,,11.0,10,Tamsui,,Good
926,40,,2024-05-30 19:00,926,,3.9,36.3,,4.0,9,Linkou,,Good
927,38,,2024-05-30 19:00,927,,20.7,25.6,,8.0,8,Cailiao,,Good
928,40,,2024-05-30 19:00,928,,24.7,18.7,,11.0,7,Xinzhuang,,Good
929,41,,2024-05-30 19:00,929,,21.0,24.1,,8.0,6,Banqiao,,Good
930,51,,2024-05-30 19:00,930,,31.6,16.3,,18.0,5,Tucheng,,Moderate
931,42,,2024-05-30 19:00,931,,11.8,27.4,,6.0,4,Xindian,,Good
932,39,,2024-05-30 19:00,932,,12.6,18.9,,5.0,3,Wanli,,Good
933,52,,2024-05-30 19:00,933,,32.9,8.9,,14.0,2,Xizhi,,Moderate
934,27,,2024-05-30 19:00,934,,16.6,5.1,,4.0,1,Keelung,,Good
