pm10,o3,co,no2,no,so2,siteid,sitename,datacreationdate,aqi,status,pm2.5
10.0,20.6,0.09,1.7,0.2,0.0,313,Pingtung（fangshan）,2024-05-31 03:00,23,Good,
16.0,11.2,0.0,7.3,0.4,0.0,312,Taichung（Rilana Elementary）,2024-05-31 03:00,22,Good,
26.0,5.6,0.28,7.1,0.9,0.4,311,New Taipei(Shulin),2024-05-31 03:00,51,Moderate,
8.0,25.7,0.06,0.7,1.1,0.4,204,Pingtung（Liuqiu）,2024-05-31 03:00,24,Good,
11.0,19.4,0.09,3.2,0.3,0.4,203,Tainan（Madou）,2024-05-31 03:00,17,Good,
6.0,17.1,0.14,4.8,1.0,1.2,202,Kaohsiung（Hunei）,2024-05-31 03:00,18,Good,
27.0,8.7,0.21,8.4,1.5,1.5,201,Changhua（Yuanlin）,2024-05-31 03:00,35,Good,
8.0,20.0,0.07,4.1,0.7,1.2,85,Dacheng,2024-05-31 03:00,16,Good,
27.0,20.1,0.22,9.2,0.1,0.9,84,FugueiCape,2024-05-31 03:00,27,Good,
7.0,21.9,0.11,3.3,0.5,1.1,83,Mailiao,2024-05-31 03:00,21,Good,
28.0,5.2,0.1,1.6,1.2,0.3,80,Guanshan,2024-05-31 03:00,23,Good,
6.0,27.3,0.08,2.6,0.1,0.6,78,Magong,2024-05-31 03:00,26,Good,
36.0,4.0,0.38,27.3,1.6,1.7,77,Kinmen,2024-05-31 03:00,81,Moderate,
16.0,40.1,0.19,5.4,1.0,0.7,75,Matsu,2024-05-31 03:00,37,Good,
22.0,7.9,0.18,2.1,1.5,0.8,72,Puli,2024-05-31 03:00,33,Good,
4.0,21.1,0.11,4.0,1.3,4.2,71,Fuxing,2024-05-31 03:00,18,Good,
12.0,7.1,0.22,4.6,1.5,0.7,70,Yonghe,2024-05-31 03:00,57,Moderate,
31.0,3.6,0.1,4.7,1.3,0.7,69,Zhushan,2024-05-31 03:00,25,Good,
42.0,4.0,0.74,23.0,6.4,2.2,68,Zhongli,2024-05-31 03:00,53,Moderate,
27.0,4.1,0.45,15.1,4.3,0.6,67,Sanchong,2024-05-31 03:00,39,Good,
27.0,4.7,0.39,4.8,1.2,0.2,66,Dongshan,2024-05-31 03:00,24,Good,
17.0,9.0,0.15,2.4,0.5,1.6,65,Yilan,2024-05-31 03:00,17,Good,
13.0,30.5,0.15,2.3,0.7,0.6,64,Yangming,2024-05-31 03:00,26,Good,
10.0,11.4,0.16,1.1,0.7,0.1,63,Hualien,2024-05-31 03:00,20,Good,
17.0,13.0,0.09,2.8,1.3,0.6,62,Taitung,2024-05-31 03:00,17,Good,
12.0,30.1,0.07,0.6,0.3,0.1,61,Hengchun,2024-05-31 03:00,25,Good,
18.0,14.6,0.07,1.3,1.8,0.4,60,Chaozhou,2024-05-31 03:00,16,Good,
12.0,18.0,0.1,3.0,0.5,0.5,59,Pingtung,2024-05-31 03:00,20,Good,
9.0,20.0,0.11,6.8,0.4,1.4,58,Xiaogang,2024-05-31 03:00,31,Good,
5.0,21.4,0.09,5.8,0.3,6.8,57,Qianzhen,2024-05-31 03:00,17,Good,
4.0,21.9,0.12,4.3,0.2,1.3,56,Qianjin,2024-05-31 03:00,18,Good,
5.0,21.8,0.11,4.1,0.5,0.5,54,Zuoying,2024-05-31 03:00,26,Good,
9.0,20.1,0.1,7.4,0.8,0.9,53,Nanzi,2024-05-31 03:00,18,Good,
13.0,19.0,0.1,1.8,0.0,1.0,52,Linyuan,2024-05-31 03:00,26,Good,
7.0,16.9,0.09,3.1,0.3,0.4,51,Daliao,2024-05-31 03:00,21,Good,
4.0,22.6,0.1,1.5,0.1,0.5,50,Fengshan,2024-05-31 03:00,21,Good,
3.0,24.0,0.1,3.2,0.2,1.4,49,Renwu,2024-05-31 03:00,23,Good,
7.0,18.7,0.07,3.5,0.8,0.3,48,Qiaotou,2024-05-31 03:00,18,Good,
7.0,24.3,0.1,0.8,0.7,0.1,47,Meinong,2024-05-31 03:00,17,Good,
15.0,20.6,0.12,5.3,1.0,1.0,46,Tainan,2024-05-31 03:00,27,Good,
17.0,21.0,0.14,5.7,0.5,0.8,45,Annan,2024-05-31 03:00,24,Good,
7.0,20.5,0.06,2.1,0.5,0.3,44,Shanhua,2024-05-31 03:00,24,Good,
6.0,19.8,0.1,2.6,1.0,0.7,43,Xinying,2024-05-31 03:00,19,Good,
7.0,21.9,0.08,1.1,0.5,0.8,42,Chiayi,2024-05-31 03:00,19,Good,
12.0,20.6,0.11,3.8,0.5,1.1,41,Taixi,2024-05-31 03:00,19,Good,
12.0,18.7,0.1,4.0,1.2,1.1,40,Puzi,2024-05-31 03:00,17,Good,
11.0,22.4,0.09,2.4,0.5,0.9,39,Xingang,2024-05-31 03:00,22,Good,
13.0,20.6,0.11,1.7,0.0,0.2,38,Lunbei,2024-05-31 03:00,20,Good,
27.0,7.5,0.14,7.9,2.4,1.2,37,Douliu,2024-05-31 03:00,23,Good,
31.0,4.8,0.14,4.8,0.4,0.2,36,Nantou,2024-05-31 03:00,28,Good,
25.0,11.7,0.14,7.3,0.2,1.3,35,Erlin,2024-05-31 03:00,44,Good,
20.0,4.3,0.21,9.1,2.0,0.3,34,Xianxi,2024-05-31 03:00,28,Good,
13.0,16.2,0.13,5.1,0.8,0.6,33,Changhua,2024-05-31 03:00,23,Good,
25.0,6.8,0.17,6.5,1.0,0.7,32,Xitun,2024-05-31 03:00,30,Good,
19.0,6.2,0.22,6.5,0.9,1.4,31,Zhongming,2024-05-31 03:00,26,Good,
12.0,8.8,0.14,4.6,0.0,0.9,30,Dali,2024-05-31 03:00,31,Good,
12.0,18.0,0.17,6.2,1.0,0.7,29,Shalu,2024-05-31 03:00,26,Good,
14.0,19.6,0.14,3.6,0.9,0.7,28,Fengyuan,2024-05-31 03:00,19,Good,
12.0,20.1,0.12,1.5,0.9,0.7,27,Sanyi,2024-05-31 03:00,24,Good,
20.0,0.2,0.21,11.0,4.5,0.7,26,Miaoli,2024-05-31 03:00,44,Good,
26.0,6.7,0.2,4.5,1.2,0.9,25,Toufen,2024-05-31 03:00,36,Good,
25.0,17.4,0.27,9.4,0.9,0.5,24,Hsinchu,2024-05-31 03:00,35,Good,
22.0,8.1,0.24,4.6,0.7,0.8,23,Zhudong,2024-05-31 03:00,54,Moderate,
26.0,17.4,0.27,10.6,2.1,0.4,22,Hukou,2024-05-31 03:00,51,Moderate,
27.0,4.8,0.32,15.8,4.3,0.2,21,Longtan,2024-05-31 03:00,59,Moderate,
34.0,4.0,0.41,23.7,1.3,1.1,20,Pingzhen,2024-05-31 03:00,44,Good,
25.0,19.3,0.22,8.6,1.5,0.4,19,Guanyin,2024-05-31 03:00,35,Good,
32.0,17.8,0.3,9.8,0.1,1.4,18,Dayuan,2024-05-31 03:00,49,Good,
31.0,8.0,0.44,20.0,1.1,2.0,17,Taoyuan,2024-05-31 03:00,49,Good,
18.0,4.8,0.57,13.3,8.6,1.0,16,Datong,2024-05-31 03:00,38,Good,
18.0,5.7,0.34,13.6,2.0,0.0,15,Songshan,2024-05-31 03:00,44,Good,
15.0,7.7,0.19,3.6,1.0,2.4,14,Guting,2024-05-31 03:00,25,Good,
21.0,7.5,0.28,8.8,1.6,0.1,13,Wanhua,2024-05-31 03:00,31,Good,
18.0,7.3,0.3,10.0,1.0,0.3,12,Zhongshan,2024-05-31 03:00,31,Good,
21.0,9.0,0.32,11.1,0.4,0.8,11,Shilin,2024-05-31 03:00,39,Good,
22.0,7.1,0.34,14.7,1.0,1.6,10,Tamsui,2024-05-31 03:00,36,Good,
21.0,14.3,0.37,19.9,7.6,1.4,9,Linkou,2024-05-31 03:00,33,Good,
24.0,2.5,0.5,19.1,1.8,0.8,8,Cailiao,2024-05-31 03:00,37,Good,
19.0,7.8,0.41,16.2,0.4,0.8,7,Xinzhuang,2024-05-31 03:00,53,Moderate,
27.0,4.6,0.43,18.4,0.9,0.7,6,Banqiao,2024-05-31 03:00,40,Good,
30.0,3.8,0.38,14.7,1.8,0.1,5,Tucheng,2024-05-31 03:00,55,Moderate,
18.0,9.2,0.19,2.7,1.1,1.1,4,Xindian,2024-05-31 03:00,37,Good,
20.0,4.3,0.3,6.7,0.8,0.3,3,Wanli,2024-05-31 03:00,24,Good,
21.0,1.6,0.43,15.5,9.0,0.8,2,Xizhi,2024-05-31 03:00,43,Good,
22.0,2.1,0.37,11.3,2.0,0.5,1,Keelung,2024-05-31 03:00,23,Good,
10.0,26.2,0.09,1.4,0.0,0.0,313,Pingtung（fangshan）,2024-05-31 02:00,25,Good,
18.0,9.7,,10.6,0.8,0.1,312,Taichung（Rilana Elementary）,2024-05-31 02:00,26,Good,
24.0,3.4,0.33,11.3,4.4,0.4,311,New Taipei(Shulin),2024-05-31 02:00,52,Moderate,
5.0,26.1,0.07,0.6,1.3,0.4,204,Pingtung（Liuqiu）,2024-05-31 02:00,25,Good,
10.0,22.4,0.1,3.8,0.2,0.4,203,Tainan（Madou）,2024-05-31 02:00,18,Good,
6.0,16.3,0.24,6.4,1.0,,202,Kaohsiung（Hunei）,2024-05-31 02:00,16,Good,
17.0,15.3,0.2,6.8,1.0,1.7,201,Changhua（Yuanlin）,2024-05-31 02:00,40,Good,
10.0,15.0,0.1,5.6,0.3,1.3,85,Dacheng,2024-05-31 02:00,18,Good,
27.0,21.2,0.21,9.5,0.2,0.6,84,FugueiCape,2024-05-31 02:00,28,Good,
16.0,18.0,0.13,5.6,0.4,1.3,83,Mailiao,2024-05-31 02:00,22,Good,
30.0,4.4,0.1,1.7,1.9,0.1,80,Guanshan,2024-05-31 02:00,21,Good,
3.0,30.7,0.09,2.1,0.5,0.5,78,Magong,2024-05-31 02:00,27,Good,
30.0,4.9,0.36,25.7,1.6,1.2,77,Kinmen,2024-05-31 02:00,78,Moderate,
7.0,25.7,0.18,15.6,1.1,1.5,75,Matsu,2024-05-31 02:00,38,Good,
24.0,7.1,0.18,3.1,1.6,0.9,72,Puli,2024-05-31 02:00,33,Good,
7.0,21.3,0.12,5.6,0.8,3.7,71,Fuxing,2024-05-31 02:00,18,Good,
12.0,7.6,0.24,5.4,1.3,0.7,70,Yonghe,2024-05-31 02:00,59,Moderate,
25.0,3.6,0.11,5.7,1.0,0.7,69,Zhushan,2024-05-31 02:00,24,Good,
30.0,8.8,0.62,26.1,4.0,2.2,68,Zhongli,2024-05-31 02:00,51,Moderate,
18.0,2.5,0.52,17.0,4.8,0.7,67,Sanchong,2024-05-31 02:00,39,Good,
20.0,6.9,0.3,4.0,0.8,0.3,66,Dongshan,2024-05-31 02:00,24,Good,
19.0,8.8,0.15,2.8,0.5,1.6,65,Yilan,2024-05-31 02:00,19,Good,
14.0,29.9,0.17,3.2,0.8,0.7,64,Yangming,2024-05-31 02:00,25,Good,
6.0,17.0,0.16,1.1,0.8,0.3,63,Hualien,2024-05-31 02:00,22,Good,
22.0,8.5,0.1,4.4,1.6,0.6,62,Taitung,2024-05-31 02:00,17,Good,
18.0,24.7,0.07,1.0,0.3,0.1,61,Hengchun,2024-05-31 02:00,25,Good,
12.0,16.4,0.07,1.4,1.8,0.5,60,Chaozhou,2024-05-31 02:00,18,Good,
5.0,22.4,0.1,3.1,0.5,0.5,59,Pingtung,2024-05-31 02:00,21,Good,
7.0,20.5,0.1,6.2,0.6,1.0,58,Xiaogang,2024-05-31 02:00,33,Good,
8.0,20.0,0.11,6.9,0.8,4.8,57,Qianzhen,2024-05-31 02:00,16,Good,
9.0,19.5,0.14,6.3,0.4,1.8,56,Qianjin,2024-05-31 02:00,18,Good,
6.0,18.0,0.15,7.1,0.5,1.7,54,Zuoying,2024-05-31 02:00,29,Good,
5.0,14.4,0.12,13.4,0.9,4.4,53,Nanzi,2024-05-31 02:00,22,Good,
11.0,22.3,0.1,1.8,0.0,0.8,52,Linyuan,2024-05-31 02:00,27,Good,
7.0,19.9,0.09,2.4,0.2,0.4,51,Daliao,2024-05-31 02:00,23,Good,
5.0,23.9,0.1,1.7,0.1,0.5,50,Fengshan,2024-05-31 02:00,21,Good,
3.0,23.4,0.1,3.5,0.0,1.8,49,Renwu,2024-05-31 02:00,24,Good,
6.0,18.2,0.11,6.6,0.9,1.6,48,Qiaotou,2024-05-31 02:00,18,Good,
14.0,23.1,0.1,1.5,0.5,0.0,47,Meinong,2024-05-31 02:00,18,Good,
15.0,18.8,0.2,7.6,0.7,1.4,46,Tainan,2024-05-31 02:00,28,Good,
16.0,18.9,0.21,8.0,0.7,1.1,45,Annan,2024-05-31 02:00,25,Good,
10.0,22.3,0.07,1.5,0.5,0.3,44,Shanhua,2024-05-31 02:00,26,Good,
11.0,18.7,0.12,3.4,1.2,0.8,43,Xinying,2024-05-31 02:00,20,Good,
13.0,20.4,0.09,2.2,0.7,1.1,42,Chiayi,2024-05-31 02:00,20,Good,
17.0,20.6,0.13,4.1,0.3,1.0,41,Taixi,2024-05-31 02:00,21,Good,
21.0,16.8,0.12,5.5,1.3,1.4,40,Puzi,2024-05-31 02:00,19,Good,
15.0,22.1,0.11,2.4,1.3,1.0,39,Xingang,2024-05-31 02:00,25,Good,
15.0,15.0,0.13,3.1,0.1,0.4,38,Lunbei,2024-05-31 02:00,22,Good,
29.0,6.0,0.18,11.3,1.7,1.1,37,Douliu,2024-05-31 02:00,23,Good,
32.0,3.2,0.16,7.0,0.1,0.1,36,Nantou,2024-05-31 02:00,27,Good,
26.0,4.5,0.18,10.8,0.6,1.5,35,Erlin,2024-05-31 02:00,45,Good,
21.0,6.6,0.23,9.0,1.7,0.2,34,Xianxi,2024-05-31 02:00,32,Good,
17.0,20.3,0.12,5.0,0.4,0.6,33,Changhua,2024-05-31 02:00,27,Good,
21.0,8.7,0.18,8.1,1.3,0.7,32,Xitun,2024-05-31 02:00,31,Good,
19.0,11.4,0.22,5.2,0.6,1.4,31,Zhongming,2024-05-31 02:00,26,Good,
18.0,10.1,0.18,5.0,0.0,1.1,30,Dali,2024-05-31 02:00,36,Good,
15.0,15.6,0.18,9.3,1.0,0.9,29,Shalu,2024-05-31 02:00,28,Good,
15.0,19.3,0.15,4.2,0.6,0.9,28,Fengyuan,2024-05-31 02:00,22,Good,
15.0,18.0,0.15,2.9,0.7,0.6,27,Sanyi,2024-05-31 02:00,26,Good,
19.0,5.2,0.23,10.8,1.8,0.9,26,Miaoli,2024-05-31 02:00,46,Good,
23.0,9.4,0.22,5.9,1.1,0.6,25,Toufen,2024-05-31 02:00,38,Good,
22.0,18.9,0.28,12.7,0.9,0.6,24,Hsinchu,2024-05-31 02:00,34,Good,
29.0,8.3,0.24,4.5,0.8,0.7,23,Zhudong,2024-05-31 02:00,54,Moderate,
24.0,12.0,0.3,16.8,3.1,0.2,22,Hukou,2024-05-31 02:00,49,Good,
33.0,0.1,0.41,22.4,9.1,0.3,21,Longtan,2024-05-31 02:00,59,Moderate,
38.0,15.5,0.37,20.6,0.3,1.0,20,Pingzhen,2024-05-31 02:00,41,Good,
26.0,18.4,0.22,7.6,1.9,0.8,19,Guanyin,2024-05-31 02:00,31,Good,
27.0,16.2,0.3,10.1,0.0,1.2,18,Dayuan,2024-05-31 02:00,46,Good,
22.0,14.4,0.4,18.2,0.6,2.2,17,Taoyuan,2024-05-31 02:00,45,Good,
29.0,2.3,0.67,18.1,12.0,1.0,16,Datong,2024-05-31 02:00,40,Good,
18.0,9.7,0.33,12.0,0.9,0.3,15,Songshan,2024-05-31 02:00,46,Good,
13.0,8.6,0.22,4.8,1.1,,14,Guting,2024-05-31 02:00,25,Good,
21.0,6.6,0.34,12.8,2.6,0.2,13,Wanhua,2024-05-31 02:00,35,Good,
19.0,6.6,0.34,11.0,0.9,0.4,12,Zhongshan,2024-05-31 02:00,34,Good,
22.0,8.9,0.33,14.5,0.4,1.0,11,Shilin,2024-05-31 02:00,39,Good,
27.0,8.7,0.34,15.8,0.7,1.4,10,Tamsui,2024-05-31 02:00,36,Good,
26.0,14.3,0.33,,,2.0,9,Linkou,2024-05-31 02:00,31,Good,
15.0,2.1,0.52,17.9,1.4,1.0,8,Cailiao,2024-05-31 02:00,36,Good,
24.0,8.8,0.45,17.1,0.9,1.2,7,Xinzhuang,2024-05-31 02:00,50,Good,
26.0,2.8,0.5,20.9,1.5,0.6,6,Banqiao,2024-05-31 02:00,42,Good,
23.0,1.9,0.46,18.6,4.0,0.3,5,Tucheng,2024-05-31 02:00,57,Moderate,
21.0,9.9,0.21,3.9,1.3,1.1,4,Xindian,2024-05-31 02:00,35,Good,
21.0,6.3,0.34,10.9,0.8,0.4,3,Wanli,2024-05-31 02:00,26,Good,
19.0,0.6,0.49,16.0,13.2,1.2,2,Xizhi,2024-05-31 02:00,43,Good,
21.0,1.8,0.39,13.6,2.2,0.6,1,Keelung,2024-05-31 02:00,22,Good,
13.0,29.2,0.08,1.8,0.0,0.0,313,Pingtung（fangshan）,2024-05-31 01:00,26,Good,
12.0,19.7,0.03,8.8,2.1,0.3,312,Taichung（Rilana Elementary）,2024-05-31 01:00,28,Good,
27.0,8.8,0.28,7.9,0.6,0.8,311,New Taipei(Shulin),2024-05-31 01:00,51,Moderate,
7.0,24.2,0.06,0.9,1.2,0.6,204,Pingtung（Liuqiu）,2024-05-31 01:00,26,Good,
17.0,18.2,0.13,4.6,0.9,0.5,203,Tainan（Madou）,2024-05-31 01:00,19,Good,
10.0,15.6,0.17,8.3,1.1,1.1,202,Kaohsiung（Hunei）,2024-05-31 01:00,15,Good,
20.0,14.4,0.22,7.9,0.5,1.6,201,Changhua（Yuanlin）,2024-05-31 01:00,44,Good,
15.0,12.3,0.13,6.0,0.1,0.9,85,Dacheng,2024-05-31 01:00,20,Good,
23.0,28.8,0.16,5.4,0.1,0.5,84,FugueiCape,2024-05-31 01:00,30,Good,
15.0,17.0,0.16,6.1,0.3,1.5,83,Mailiao,2024-05-31 01:00,22,Good,
35.0,6.0,0.11,1.7,0.2,0.4,80,Guanshan,2024-05-31 01:00,18,Good,
4.0,29.7,0.1,2.6,1.0,1.0,78,Magong,2024-05-31 01:00,27,Good,
35.0,2.8,0.33,25.9,1.6,1.6,77,Kinmen,2024-05-31 01:00,76,Moderate,
18.0,28.6,0.2,14.9,0.8,1.3,75,Matsu,2024-05-31 01:00,39,Good,
22.0,8.9,0.19,3.8,1.4,0.9,72,Puli,2024-05-31 01:00,35,Good,
8.0,14.3,0.37,12.2,1.8,1.4,71,Fuxing,2024-05-31 01:00,20,Good,
8.0,6.5,0.37,10.1,1.7,0.9,70,Yonghe,2024-05-31 01:00,59,Moderate,
31.0,5.1,0.12,4.3,0.6,0.8,69,Zhushan,2024-05-31 01:00,30,Good,
34.0,12.4,0.61,22.9,4.5,1.7,68,Zhongli,2024-05-31 01:00,46,Good,
22.0,2.6,0.86,30.3,25.4,1.1,67,Sanchong,2024-05-31 01:00,50,Good,
21.0,8.9,0.31,3.7,0.6,0.6,66,Dongshan,2024-05-31 01:00,24,Good,
12.0,8.0,0.17,2.7,0.4,0.4,65,Yilan,2024-05-31 01:00,23,Good,
17.0,29.9,0.16,2.3,0.5,0.7,64,Yangming,2024-05-31 01:00,25,Good,
16.0,15.4,0.17,1.7,0.2,0.3,63,Hualien,2024-05-31 01:00,25,Good,
23.0,9.7,0.12,1.9,1.6,0.0,62,Taitung,2024-05-31 01:00,19,Good,
9.0,27.6,0.1,0.8,0.5,0.3,61,Hengchun,2024-05-31 01:00,27,Good,
10.0,22.3,0.06,0.7,0.2,0.5,60,Chaozhou,2024-05-31 01:00,19,Good,
8.0,24.8,0.1,2.5,0.4,0.4,59,Pingtung,2024-05-31 01:00,21,Good,
23.0,13.3,0.64,20.1,4.8,16.6,58,Xiaogang,2024-05-31 01:00,40,Good,
14.0,14.9,0.29,11.4,1.3,1.7,57,Qianzhen,2024-05-31 01:00,18,Good,
13.0,17.8,0.16,9.5,0.0,1.0,56,Qianjin,2024-05-31 01:00,19,Good,
3.0,17.7,0.18,7.7,0.0,1.6,54,Zuoying,2024-05-31 01:00,31,Good,
7.0,17.4,0.22,11.2,0.6,1.1,53,Nanzi,2024-05-31 01:00,19,Good,
14.0,26.9,0.1,0.8,0.7,0.6,52,Linyuan,2024-05-31 01:00,29,Good,
11.0,23.5,0.09,1.8,0.2,0.3,51,Daliao,2024-05-31 01:00,24,Good,
8.0,21.4,0.19,5.1,0.6,0.7,50,Fengshan,2024-05-31 01:00,21,Good,
6.0,22.9,0.2,7.1,0.8,3.3,49,Renwu,2024-05-31 01:00,24,Good,
7.0,16.5,0.3,9.9,0.3,1.7,48,Qiaotou,2024-05-31 01:00,19,Good,
14.0,19.2,0.12,2.3,1.2,0.5,47,Meinong,2024-05-31 01:00,19,Good,
16.0,15.5,0.19,11.3,0.5,2.3,46,Tainan,2024-05-31 01:00,28,Good,
11.0,16.7,0.24,11.6,1.7,2.4,45,Annan,2024-05-31 01:00,26,Good,
13.0,17.9,0.1,2.8,1.2,0.2,44,Shanhua,2024-05-31 01:00,27,Good,
13.0,20.6,0.12,3.1,0.4,0.0,43,Xinying,2024-05-31 01:00,22,Good,
18.0,13.8,0.14,5.7,1.2,1.3,42,Chiayi,2024-05-31 01:00,22,Good,
17.0,18.4,0.15,4.9,0.9,1.6,41,Taixi,2024-05-31 01:00,21,Good,
21.0,16.4,0.16,5.9,1.3,1.4,40,Puzi,2024-05-31 01:00,19,Good,
18.0,19.5,0.12,3.5,1.5,0.2,39,Xingang,2024-05-31 01:00,27,Good,
16.0,13.8,0.17,2.7,1.5,0.8,38,Lunbei,2024-05-31 01:00,26,Good,
23.0,9.4,0.13,2.7,1.1,0.9,37,Douliu,2024-05-31 01:00,25,Good,
32.0,5.3,0.15,5.5,0.8,0.2,36,Nantou,2024-05-31 01:00,26,Good,
29.0,8.8,0.16,8.3,0.8,0.4,35,Erlin,2024-05-31 01:00,47,Good,
31.0,14.4,0.18,4.1,1.2,0.4,34,Xianxi,2024-05-31 01:00,35,Good,
20.0,15.9,0.19,8.7,1.6,0.9,33,Changhua,2024-05-31 01:00,33,Good,
29.0,7.7,0.2,9.8,1.2,0.8,32,Xitun,2024-05-31 01:00,34,Good,
21.0,11.8,0.22,6.6,1.0,0.7,31,Zhongming,2024-05-31 01:00,27,Good,
20.0,8.4,0.23,7.0,0.6,1.2,30,Dali,2024-05-31 01:00,39,Good,
16.0,16.6,0.23,8.5,0.0,0.9,29,Shalu,2024-05-31 01:00,33,Good,
23.0,18.3,0.19,4.9,0.8,0.0,28,Fengyuan,2024-05-31 01:00,24,Good,
18.0,17.6,0.17,2.1,0.9,0.5,27,Sanyi,2024-05-31 01:00,29,Good,
22.0,7.9,0.25,13.0,1.5,1.2,26,Miaoli,2024-05-31 01:00,44,Good,
25.0,11.7,0.26,8.6,1.4,1.3,25,Toufen,2024-05-31 01:00,40,Good,
25.0,25.6,0.28,10.8,0.9,2.0,24,Hsinchu,2024-05-31 01:00,33,Good,
37.0,7.7,0.25,5.5,0.5,0.2,23,Zhudong,2024-05-31 01:00,53,Moderate,
23.0,21.5,0.24,7.8,0.6,0.5,22,Hukou,2024-05-31 01:00,50,Good,
44.0,0.5,0.43,24.2,5.1,0.9,21,Longtan,2024-05-31 01:00,57,Moderate,
46.0,14.4,0.31,24.2,0.0,0.8,20,Pingzhen,2024-05-31 01:00,40,Good,
18.0,31.9,0.14,4.9,0.2,0.8,19,Guanyin,2024-05-31 01:00,30,Good,
25.0,22.6,0.33,11.2,1.2,1.4,18,Dayuan,2024-05-31 01:00,41,Good,
25.0,22.3,0.33,12.0,0.5,1.4,17,Taoyuan,2024-05-31 01:00,43,Good,
20.0,3.9,0.83,16.3,10.1,0.8,16,Datong,2024-05-31 01:00,37,Good,
18.0,4.5,0.49,21.2,4.9,0.5,15,Songshan,2024-05-31 01:00,46,Good,
15.0,8.3,0.24,6.7,1.2,1.9,14,Guting,2024-05-31 01:00,27,Good,
14.0,8.1,0.33,10.9,1.3,0.3,13,Wanhua,2024-05-31 01:00,39,Good,
8.0,8.2,0.37,13.3,1.1,0.6,12,Zhongshan,2024-05-31 01:00,33,Good,
25.0,4.4,0.43,23.4,1.4,0.6,11,Shilin,2024-05-31 01:00,38,Good,
22.0,11.8,0.35,11.5,1.2,0.9,10,Tamsui,2024-05-31 01:00,36,Good,
25.0,18.9,0.27,,,3.1,9,Linkou,2024-05-31 01:00,30,Good,
21.0,7.8,0.46,18.3,1.4,1.0,8,Cailiao,2024-05-31 01:00,33,Good,
23.0,8.7,0.57,20.4,1.1,0.9,7,Xinzhuang,2024-05-31 01:00,50,Good,
28.0,2.9,0.55,25.0,2.7,0.9,6,Banqiao,2024-05-31 01:00,42,Good,
32.0,4.0,0.47,20.4,2.6,0.2,5,Tucheng,2024-05-31 01:00,59,Moderate,
28.0,8.6,0.23,5.0,1.3,0.8,4,Xindian,2024-05-31 01:00,36,Good,
27.0,6.8,0.28,6.1,1.1,0.0,3,Wanli,2024-05-31 01:00,28,Good,
25.0,0.4,0.48,18.7,14.9,1.7,2,Xizhi,2024-05-31 01:00,44,Good,
29.0,0.7,0.48,17.5,10.6,1.0,1,Keelung,2024-05-31 01:00,28,Good,
22.0,31.2,0.08,1.0,0.0,0.0,313,Pingtung（fangshan）,2024-05-31 00:00,27,Good,
13.0,21.5,0.05,8.6,2.2,0.1,312,Taichung（Rilana Elementary）,2024-05-31 00:00,31,Good,
26.0,4.6,0.39,13.1,2.0,0.9,311,New Taipei(Shulin),2024-05-31 00:00,54,Moderate,
11.0,25.8,0.06,0.7,1.1,0.5,204,Pingtung（Liuqiu）,2024-05-31 00:00,26,Good,
14.0,15.4,0.15,13.0,0.8,0.5,203,Tainan（Madou）,2024-05-31 00:00,22,Good,
13.0,14.4,0.26,8.5,1.3,1.1,202,Kaohsiung（Hunei）,2024-05-31 00:00,17,Good,
24.0,14.7,0.25,9.2,0.5,1.8,201,Changhua（Yuanlin）,2024-05-31 00:00,44,Good,
16.0,13.7,0.12,5.8,0.0,0.8,85,Dacheng,2024-05-31 00:00,25,Good,
30.0,27.1,0.17,5.5,0.1,0.5,84,FugueiCape,2024-05-31 00:00,31,Good,
22.0,15.6,0.18,7.4,0.7,1.4,83,Mailiao,2024-05-31 00:00,24,Good,
31.0,6.5,0.12,1.9,0.4,0.4,80,Guanshan,2024-05-31 00:00,15,Good,
5.0,29.2,0.1,3.8,1.0,1.1,78,Magong,2024-05-31 00:00,27,Good,
29.0,9.8,0.34,19.3,1.0,1.8,77,Kinmen,2024-05-31 00:00,73,Moderate,
19.0,24.1,0.21,16.0,0.8,1.3,75,Matsu,2024-05-31 00:00,39,Good,
26.0,7.1,0.21,5.6,1.6,0.9,72,Puli,2024-05-31 00:00,36,Good,
7.0,20.1,0.12,8.3,1.5,0.7,71,Fuxing,2024-05-31 00:00,19,Good,
,8.2,0.39,8.8,3.2,0.7,70,Yonghe,2024-05-31 00:00,58,Moderate,
25.0,5.2,0.13,4.6,0.7,0.7,69,Zhushan,2024-05-31 00:00,36,Good,
25.0,13.6,0.6,22.8,4.7,1.8,68,Zhongli,2024-05-31 00:00,47,Good,
21.0,2.2,0.86,26.6,30.9,0.8,67,Sanchong,2024-05-31 00:00,43,Good,
19.0,12.2,0.26,2.7,0.6,0.3,66,Dongshan,2024-05-31 00:00,24,Good,
18.0,11.6,0.19,3.0,0.5,0.5,65,Yilan,2024-05-31 00:00,27,Good,
12.0,34.1,0.17,2.3,0.6,0.8,64,Yangming,2024-05-31 00:00,25,Good,
9.0,17.2,0.18,2.2,0.4,0.4,63,Hualien,2024-05-31 00:00,26,Good,
23.0,14.4,0.11,1.8,1.8,0.0,62,Taitung,2024-05-31 00:00,20,Good,
15.0,28.4,0.1,0.9,0.5,0.6,61,Hengchun,2024-05-31 00:00,28,Good,
16.0,21.3,0.07,2.6,0.2,0.6,60,Chaozhou,2024-05-31 00:00,20,Good,
16.0,22.7,0.12,4.4,0.5,0.5,59,Pingtung,2024-05-31 00:00,22,Good,
7.0,20.5,0.21,8.1,0.8,8.3,58,Xiaogang,2024-05-31 00:00,26,Good,
11.0,20.0,0.13,9.9,2.1,0.9,57,Qianzhen,2024-05-31 00:00,17,Good,
5.0,20.4,0.1,9.7,0.0,1.3,56,Qianjin,2024-05-31 00:00,19,Good,
8.0,20.8,0.14,9.1,0.0,1.9,54,Zuoying,2024-05-31 00:00,31,Good,
15.0,14.9,0.36,15.8,0.7,1.6,53,Nanzi,2024-05-31 00:00,25,Good,
28.0,30.3,0.09,0.7,0.6,0.6,52,Linyuan,2024-05-31 00:00,30,Good,
11.0,26.2,0.09,1.8,0.2,0.3,51,Daliao,2024-05-31 00:00,25,Good,
12.0,23.5,0.2,5.9,0.4,0.9,50,Fengshan,2024-05-31 00:00,22,Good,
9.0,20.9,0.34,9.5,0.7,1.7,49,Renwu,2024-05-31 00:00,26,Good,
9.0,17.3,0.26,10.9,0.1,0.9,48,Qiaotou,2024-05-31 00:00,19,Good,
26.0,11.8,0.16,2.7,1.3,0.7,47,Meinong,2024-05-31 00:00,20,Good,
12.0,15.0,0.21,12.0,0.5,1.6,46,Tainan,2024-05-31 00:00,29,Good,
14.0,15.5,0.24,12.8,1.8,1.8,45,Annan,2024-05-31 00:00,30,Good,
12.0,17.4,0.09,2.8,1.2,0.2,44,Shanhua,2024-05-31 00:00,27,Good,
14.0,19.5,0.15,3.5,0.5,0.0,43,Xinying,2024-05-31 00:00,24,Good,
15.0,14.6,0.17,6.1,1.0,1.5,42,Chiayi,2024-05-31 00:00,24,Good,
21.0,16.3,0.17,5.9,1.0,1.5,41,Taixi,2024-05-31 00:00,23,Good,
17.0,18.1,0.15,5.4,1.4,1.2,40,Puzi,2024-05-31 00:00,21,Good,
15.0,19.9,0.12,3.8,1.5,0.4,39,Xingang,2024-05-31 00:00,29,Good,
13.0,14.3,0.15,5.3,3.6,1.0,38,Lunbei,2024-05-31 00:00,31,Good,
26.0,10.9,0.14,3.0,1.3,1.0,37,Douliu,2024-05-31 00:00,28,Good,
30.0,7.0,0.16,5.7,0.6,0.2,36,Nantou,2024-05-31 00:00,25,Good,
24.0,13.2,0.14,8.6,0.5,0.7,35,Erlin,2024-05-31 00:00,51,Moderate,
21.0,20.0,0.17,3.7,1.1,0.6,34,Xianxi,2024-05-31 00:00,38,Good,
23.0,12.4,0.26,11.1,1.3,1.0,33,Changhua,2024-05-31 00:00,36,Good,
28.0,5.5,0.28,16.0,1.4,1.0,32,Xitun,2024-05-31 00:00,35,Good,
20.0,12.0,0.27,9.3,1.0,0.9,31,Zhongming,2024-05-31 00:00,27,Good,
23.0,9.7,0.28,8.2,0.8,1.2,30,Dali,2024-05-31 00:00,40,Good,
13.0,22.6,0.21,8.0,0.0,0.8,29,Shalu,2024-05-31 00:00,35,Good,
15.0,21.4,0.2,4.6,0.8,0.4,28,Fengyuan,2024-05-31 00:00,27,Good,
11.0,23.7,0.15,1.5,0.9,0.5,27,Sanyi,2024-05-31 00:00,32,Good,
24.0,25.8,0.21,6.8,1.0,1.4,26,Miaoli,2024-05-31 00:00,43,Good,
32.0,22.4,0.25,7.2,1.3,1.5,25,Toufen,2024-05-31 00:00,39,Good,
23.0,31.6,0.28,9.6,0.8,1.2,24,Hsinchu,2024-05-31 00:00,35,Good,
29.0,8.6,0.25,6.3,0.8,0.4,23,Zhudong,2024-05-31 00:00,54,Moderate,
21.0,13.1,0.3,15.8,0.8,0.6,22,Hukou,2024-05-31 00:00,53,Moderate,
28.0,7.5,0.39,19.3,0.8,1.0,21,Longtan,2024-05-31 00:00,56,Moderate,
32.0,13.8,0.32,24.0,0.4,0.8,20,Pingzhen,2024-05-31 00:00,40,Good,
15.0,30.9,0.16,6.9,0.1,1.0,19,Guanyin,2024-05-31 00:00,30,Good,
24.0,23.2,0.33,13.5,0.8,3.0,18,Dayuan,2024-05-31 00:00,41,Good,
21.0,32.5,0.27,8.9,0.3,1.3,17,Taoyuan,2024-05-31 00:00,44,Good,
26.0,1.8,1.39,20.0,33.6,1.2,16,Datong,2024-05-31 00:00,37,Good,
21.0,2.9,0.61,25.7,13.6,0.8,15,Songshan,2024-05-31 00:00,48,Good,
17.0,7.9,0.32,10.4,1.7,0.4,14,Guting,2024-05-31 00:00,28,Good,
17.0,7.6,0.39,14.5,2.9,0.4,13,Wanhua,2024-05-31 00:00,39,Good,
17.0,5.3,0.49,16.6,2.4,0.6,12,Zhongshan,2024-05-31 00:00,32,Good,
21.0,3.0,0.51,23.0,1.7,0.5,11,Shilin,2024-05-31 00:00,38,Good,
19.0,24.0,0.29,9.9,1.0,1.3,10,Tamsui,2024-05-31 00:00,37,Good,
25.0,27.3,0.3,14.6,0.3,2.6,9,Linkou,2024-05-31 00:00,31,Good,
21.0,3.4,0.65,26.0,3.6,1.0,8,Cailiao,2024-05-31 00:00,43,Good,
21.0,13.1,0.5,19.4,0.1,0.9,7,Xinzhuang,2024-05-31 00:00,45,Good,
29.0,1.7,0.72,30.0,3.0,1.0,6,Banqiao,2024-05-31 00:00,50,Good,
27.0,4.2,0.5,21.7,2.8,0.3,5,Tucheng,2024-05-31 00:00,58,Moderate,
21.0,10.6,0.24,6.3,1.2,0.9,4,Xindian,2024-05-31 00:00,36,Good,
22.0,4.5,0.28,6.7,2.1,0.0,3,Wanli,2024-05-31 00:00,28,Good,
23.0,0.5,0.44,19.8,11.3,1.5,2,Xizhi,2024-05-31 00:00,42,Good,
21.0,0.4,0.51,16.7,9.2,1.0,1,Keelung,2024-05-31 00:00,27,Good,
14.0,21.0,0.1,2.3,0.3,0.0,313,Pingtung（fangshan）,2024-05-30 23:00,28,Good,
28.0,18.2,0.09,11.2,3.2,0.3,312,Taichung（Rilana Elementary）,2024-05-30 23:00,33,Good,
25.0,9.0,0.34,11.5,1.8,1.0,311,New Taipei(Shulin),2024-05-30 23:00,53,Moderate,
11.0,27.0,0.06,1.0,1.2,0.4,204,Pingtung（Liuqiu）,2024-05-30 23:00,27,Good,
15.0,19.1,0.15,7.3,1.0,,203,Tainan（Madou）,2024-05-30 23:00,23,Good,
17.0,14.6,0.31,8.9,1.4,1.7,202,Kaohsiung（Hunei）,2024-05-30 23:00,18,Good,
27.0,16.5,0.27,9.9,0.5,1.7,201,Changhua（Yuanlin）,2024-05-30 23:00,44,Good,
12.0,15.1,0.12,5.3,0.3,0.8,85,Dacheng,2024-05-30 23:00,31,Good,
29.0,27.2,0.16,4.6,0.1,0.3,84,FugueiCape,2024-05-30 23:00,34,Good,
19.0,16.8,0.2,8.2,1.0,1.3,83,Mailiao,2024-05-30 23:00,25,Good,
16.0,9.8,0.13,2.7,0.4,0.4,80,Guanshan,2024-05-30 23:00,18,Good,
4.0,26.2,0.15,6.3,1.4,0.9,78,Magong,2024-05-30 23:00,28,Good,
31.0,11.2,0.34,21.7,1.0,1.7,77,Kinmen,2024-05-30 23:00,74,Moderate,
24.0,39.8,0.21,5.4,0.5,1.1,75,Matsu,2024-05-30 23:00,41,Good,
20.0,8.8,0.25,6.9,1.6,0.9,72,Puli,2024-05-30 23:00,37,Good,
7.0,20.1,0.17,8.2,1.4,2.2,71,Fuxing,2024-05-30 23:00,20,Good,
16.0,5.9,0.49,10.4,5.4,1.0,70,Yonghe,2024-05-30 23:00,41,Good,
25.0,7.4,0.13,4.5,0.8,0.8,69,Zhushan,2024-05-30 23:00,40,Good,
30.0,14.5,0.63,24.3,16.7,2.0,68,Zhongli,2024-05-30 23:00,49,Good,
22.0,8.2,0.84,30.9,25.2,1.1,67,Sanchong,2024-05-30 23:00,50,Good,
28.0,7.5,0.7,14.7,1.7,0.4,66,Dongshan,2024-05-30 23:00,27,Good,
13.0,18.9,0.2,4.1,0.4,1.1,65,Yilan,2024-05-30 23:00,31,Good,
18.0,33.5,0.18,3.3,0.5,0.9,64,Yangming,2024-05-30 23:00,24,Good,
14.0,18.3,0.21,3.5,0.3,0.3,63,Hualien,2024-05-30 23:00,28,Good,
18.0,17.0,0.16,3.4,1.8,0.1,62,Taitung,2024-05-30 23:00,22,Good,
12.0,24.3,0.11,2.0,0.6,0.6,61,Hengchun,2024-05-30 23:00,28,Good,
26.0,11.0,0.09,4.1,0.0,0.5,60,Chaozhou,2024-05-30 23:00,21,Good,
20.0,19.7,0.21,6.7,0.5,0.6,59,Pingtung,2024-05-30 23:00,23,Good,
9.0,27.1,0.11,4.3,0.6,9.7,58,Xiaogang,2024-05-30 23:00,26,Good,
9.0,18.8,0.24,11.1,2.7,1.5,57,Qianzhen,2024-05-30 23:00,18,Good,
11.0,14.9,0.12,14.5,0.0,2.7,56,Qianjin,2024-05-30 23:00,23,Good,
14.0,19.0,0.3,11.6,0.1,3.1,54,Zuoying,2024-05-30 23:00,29,Good,
20.0,20.7,0.29,10.8,0.5,0.7,53,Nanzi,2024-05-30 23:00,22,Good,
17.0,30.2,0.1,1.1,0.7,0.8,52,Linyuan,2024-05-30 23:00,30,Good,
11.0,23.7,0.11,2.4,0.2,0.3,51,Daliao,2024-05-30 23:00,25,Good,
10.0,22.6,0.28,5.9,0.7,0.6,50,Fengshan,2024-05-30 23:00,23,Good,
7.0,26.3,0.22,4.9,0.7,0.8,49,Renwu,2024-05-30 23:00,28,Good,
16.0,22.2,0.26,7.6,0.2,0.5,48,Qiaotou,2024-05-30 23:00,21,Good,
19.0,14.3,0.15,2.7,1.1,0.6,47,Meinong,2024-05-30 23:00,23,Good,
14.0,18.8,0.19,9.9,0.6,1.6,46,Tainan,2024-05-30 23:00,27,Good,
15.0,19.6,0.24,10.2,1.8,1.4,45,Annan,2024-05-30 23:00,32,Good,
18.0,20.6,0.1,2.5,0.9,0.4,44,Shanhua,2024-05-30 23:00,24,Good,
20.0,20.1,0.14,3.9,0.5,0.0,43,Xinying,2024-05-30 23:00,25,Good,
11.0,19.3,0.16,5.1,0.8,1.4,42,Chiayi,2024-05-30 23:00,26,Good,
18.0,17.1,0.16,5.9,1.0,1.4,41,Taixi,2024-05-30 23:00,27,Good,
19.0,14.5,0.22,8.5,2.4,1.6,40,Puzi,2024-05-30 23:00,22,Good,
17.0,21.9,0.12,3.4,1.4,0.6,39,Xingang,2024-05-30 23:00,32,Good,
15.0,16.6,0.15,3.7,1.1,0.8,38,Lunbei,2024-05-30 23:00,35,Good,
23.0,14.1,0.19,5.7,1.3,1.2,37,Douliu,2024-05-30 23:00,29,Good,
27.0,7.2,0.21,7.7,0.6,0.3,36,Nantou,2024-05-30 23:00,26,Good,
38.0,17.1,0.13,5.5,1.6,0.5,35,Erlin,2024-05-30 23:00,55,Moderate,
28.0,22.9,0.23,5.4,1.3,0.6,34,Xianxi,2024-05-30 23:00,43,Good,
25.0,15.8,0.26,10.2,1.5,0.9,33,Changhua,2024-05-30 23:00,37,Good,
25.0,8.0,0.3,16.5,1.2,1.0,32,Xitun,2024-05-30 23:00,34,Good,
19.0,14.1,0.29,11.0,1.2,1.1,31,Zhongming,2024-05-30 23:00,28,Good,
22.0,10.8,0.27,10.0,1.1,1.2,30,Dali,2024-05-30 23:00,39,Good,
21.0,22.6,0.26,11.7,0.2,0.9,29,Shalu,2024-05-30 23:00,39,Good,
16.0,28.2,0.18,4.4,0.9,0.5,28,Fengyuan,2024-05-30 23:00,31,Good,
13.0,30.9,0.13,0.4,1.0,0.5,27,Sanyi,2024-05-30 23:00,36,Good,
30.0,27.3,0.19,7.7,1.2,1.4,26,Miaoli,2024-05-30 23:00,41,Good,
24.0,19.6,0.29,8.3,1.3,1.4,25,Toufen,2024-05-30 23:00,39,Good,
29.0,33.3,0.32,10.3,0.6,1.1,24,Hsinchu,2024-05-30 23:00,36,Good,
27.0,10.5,0.28,7.2,0.5,0.3,23,Zhudong,2024-05-30 23:00,54,Moderate,
25.0,25.0,0.26,9.1,0.4,0.8,22,Hukou,2024-05-30 23:00,53,Moderate,
31.0,15.3,0.39,16.3,0.3,1.7,21,Longtan,2024-05-30 23:00,56,Moderate,
28.0,19.0,0.32,19.2,0.0,0.7,20,Pingzhen,2024-05-30 23:00,39,Good,
17.0,24.0,0.18,11.2,0.1,1.0,19,Guanyin,2024-05-30 23:00,31,Good,
28.0,16.9,0.31,18.8,1.0,1.1,18,Dayuan,2024-05-30 23:00,39,Good,
21.0,30.9,0.28,13.5,0.4,1.5,17,Taoyuan,2024-05-30 23:00,44,Good,
28.0,3.5,1.91,30.6,55.1,1.8,16,Datong,2024-05-30 23:00,50,Good,
19.0,9.0,0.53,23.6,8.6,1.2,15,Songshan,2024-05-30 23:00,45,Good,
14.0,6.8,0.35,11.2,2.6,0.8,14,Guting,2024-05-30 23:00,28,Good,
18.0,4.9,0.54,21.5,3.4,0.8,13,Wanhua,2024-05-30 23:00,38,Good,
25.0,9.5,0.51,21.8,1.3,1.1,12,Zhongshan,2024-05-30 23:00,35,Good,
22.0,8.4,0.47,25.2,2.2,0.9,11,Shilin,2024-05-30 23:00,42,Good,
21.0,24.4,0.33,14.3,1.1,1.2,10,Tamsui,2024-05-30 23:00,36,Good,
22.0,30.5,0.34,,,2.5,9,Linkou,2024-05-30 23:00,31,Good,
20.0,18.8,0.58,23.2,0.5,1.7,8,Cailiao,2024-05-30 23:00,38,Good,
25.0,12.7,0.56,23.4,0.7,1.6,7,Xinzhuang,2024-05-30 23:00,42,Good,
30.0,9.4,0.59,26.2,1.0,1.2,6,Banqiao,2024-05-30 23:00,43,Good,
33.0,5.3,0.55,24.6,2.7,0.5,5,Tucheng,2024-05-30 23:00,57,Moderate,
12.0,12.0,0.31,8.8,1.8,0.8,4,Xindian,2024-05-30 23:00,34,Good,
21.0,5.4,0.27,7.1,2.0,0.2,3,Wanli,2024-05-30 23:00,28,Good,
26.0,1.4,0.56,23.3,13.6,0.7,2,Xizhi,2024-05-30 23:00,43,Good,
27.0,0.4,0.61,18.3,9.8,1.3,1,Keelung,2024-05-30 23:00,30,Good,
12.0,22.7,0.1,2.7,0.4,0.0,313,Pingtung（fangshan）,2024-05-30 22:00,30,Good,
25.0,17.4,0.1,12.7,2.7,0.3,312,Taichung（Rilana Elementary）,2024-05-30 22:00,36,Good,
26.0,7.0,0.39,15.6,2.1,1.0,311,New Taipei(Shulin),2024-05-30 22:00,52,Moderate,
6.0,28.6,0.07,1.3,1.1,0.5,204,Pingtung（Liuqiu）,2024-05-30 22:00,27,Good,
14.0,19.2,0.16,7.5,1.1,0.2,203,Tainan（Madou）,2024-05-30 22:00,25,Good,
10.0,16.3,0.26,8.8,1.3,1.8,202,Kaohsiung（Hunei）,2024-05-30 22:00,19,Good,
27.0,16.2,0.32,12.3,0.4,1.7,201,Changhua（Yuanlin）,2024-05-30 22:00,43,Good,
15.0,16.2,0.11,4.7,0.5,0.6,85,Dacheng,2024-05-30 22:00,35,Good,
27.0,33.2,0.13,1.8,0.0,0.3,84,FugueiCape,2024-05-30 22:00,36,Good,
16.0,17.4,0.24,8.9,1.8,1.1,83,Mailiao,2024-05-30 22:00,30,Good,
10.0,14.8,0.13,3.2,0.4,0.4,80,Guanshan,2024-05-30 22:00,20,Good,
7.0,24.8,0.2,7.8,1.7,0.8,78,Magong,2024-05-30 22:00,29,Good,
24.0,16.4,0.35,17.1,0.6,1.7,77,Kinmen,2024-05-30 22:00,76,Moderate,
23.0,37.1,0.22,8.7,0.8,1.4,75,Matsu,2024-05-30 22:00,42,Good,
25.0,9.4,0.31,8.2,1.5,0.9,72,Puli,2024-05-30 22:00,39,Good,
10.0,20.3,0.33,12.1,1.8,1.8,71,Fuxing,2024-05-30 22:00,20,Good,
18.0,6.0,0.72,19.9,6.3,1.5,70,Yonghe,2024-05-30 22:00,42,Good,
27.0,7.8,0.18,6.1,0.7,0.9,69,Zhushan,2024-05-30 22:00,41,Good,
25.0,16.8,0.86,28.1,27.2,2.3,68,Zhongli,2024-05-30 22:00,48,Good,
18.0,11.7,0.76,35.8,28.4,1.3,67,Sanchong,2024-05-30 22:00,54,Moderate,
24.0,21.2,0.32,3.7,0.8,0.3,66,Dongshan,2024-05-30 22:00,31,Good,
9.0,20.1,0.31,6.6,1.1,1.4,65,Yilan,2024-05-30 22:00,34,Good,
14.0,27.9,0.2,3.6,0.5,0.7,64,Yangming,2024-05-30 22:00,24,Good,
12.0,18.4,0.25,4.6,0.7,0.3,63,Hualien,2024-05-30 22:00,29,Good,
13.0,22.3,0.19,3.9,1.8,0.0,62,Taitung,2024-05-30 22:00,24,Good,
7.0,26.5,0.11,1.6,0.6,0.6,61,Hengchun,2024-05-30 22:00,29,Good,
23.0,12.8,0.1,3.9,0.3,0.6,60,Chaozhou,2024-05-30 22:00,24,Good,
19.0,23.1,0.24,7.5,0.7,0.6,59,Pingtung,2024-05-30 22:00,25,Good,
14.0,23.9,0.22,9.7,1.1,2.4,58,Xiaogang,2024-05-30 22:00,25,Good,
10.0,18.2,0.35,13.3,3.5,2.2,57,Qianzhen,2024-05-30 22:00,22,Good,
12.0,19.9,0.22,10.2,0.0,4.3,56,Qianjin,2024-05-30 22:00,21,Good,
15.0,18.2,0.4,13.6,0.1,2.3,54,Zuoying,2024-05-30 22:00,29,Good,
16.0,23.5,0.18,9.7,0.4,0.6,53,Nanzi,2024-05-30 22:00,24,Good,
15.0,30.5,0.1,1.0,0.6,0.7,52,Linyuan,2024-05-30 22:00,31,Good,
11.0,25.1,0.11,3.1,0.3,0.3,51,Daliao,2024-05-30 22:00,26,Good,
19.0,25.1,0.31,6.0,0.9,0.7,50,Fengshan,2024-05-30 22:00,24,Good,
7.0,30.0,0.17,3.7,0.8,0.8,49,Renwu,2024-05-30 22:00,28,Good,
10.0,21.7,0.39,8.6,0.4,0.9,48,Qiaotou,2024-05-30 22:00,22,Good,
19.0,14.9,0.14,3.1,1.3,0.6,47,Meinong,2024-05-30 22:00,26,Good,
22.0,17.2,0.24,13.7,0.6,1.6,46,Tainan,2024-05-30 22:00,28,Good,
21.0,17.7,0.24,11.6,2.0,1.3,45,Annan,2024-05-30 22:00,34,Good,
12.0,20.8,0.1,2.7,0.9,0.7,44,Shanhua,2024-05-30 22:00,25,Good,
15.0,20.9,0.15,4.0,0.3,0.0,43,Xinying,2024-05-30 22:00,26,Good,
15.0,21.2,0.14,4.9,1.0,1.4,42,Chiayi,2024-05-30 22:00,27,Good,
16.0,20.2,0.15,5.0,1.1,1.3,41,Taixi,2024-05-30 22:00,32,Good,
19.0,17.6,0.18,6.6,2.2,1.3,40,Puzi,2024-05-30 22:00,25,Good,
15.0,24.1,0.12,3.7,1.7,0.8,39,Xingang,2024-05-30 22:00,33,Good,
14.0,19.8,0.15,4.0,1.1,0.9,38,Lunbei,2024-05-30 22:00,37,Good,
24.0,16.1,0.25,10.3,1.3,1.7,37,Douliu,2024-05-30 22:00,26,Good,
22.0,9.8,0.2,7.2,0.9,0.2,36,Nantou,2024-05-30 22:00,29,Good,
26.0,20.5,0.18,5.1,1.9,0.6,35,Erlin,2024-05-30 22:00,56,Moderate,
32.0,27.4,0.23,5.4,1.6,0.9,34,Xianxi,2024-05-30 22:00,39,Good,
17.0,20.6,0.23,8.6,1.5,0.7,33,Changhua,2024-05-30 22:00,39,Good,
24.0,15.4,0.31,14.9,0.8,1.0,32,Xitun,2024-05-30 22:00,38,Good,
15.0,14.7,0.36,12.3,1.4,0.9,31,Zhongming,2024-05-30 22:00,30,Good,
16.0,11.5,0.33,10.9,2.0,1.3,30,Dali,2024-05-30 22:00,37,Good,
20.0,19.5,0.37,16.7,0.4,1.0,29,Shalu,2024-05-30 22:00,41,Good,
17.0,20.4,0.2,6.7,1.0,0.4,28,Fengyuan,2024-05-30 22:00,38,Good,
12.0,31.0,0.13,0.4,1.1,0.5,27,Sanyi,2024-05-30 22:00,39,Good,
28.0,26.2,0.2,8.8,1.2,1.3,26,Miaoli,2024-05-30 22:00,41,Good,
27.0,31.4,0.25,6.8,1.3,1.5,25,Toufen,2024-05-30 22:00,39,Good,
27.0,34.3,0.31,12.3,0.7,1.7,24,Hsinchu,2024-05-30 22:00,38,Good,
23.0,11.0,0.29,8.2,0.6,0.3,23,Zhudong,2024-05-30 22:00,55,Moderate,
23.0,31.0,0.23,6.2,0.2,1.0,22,Hukou,2024-05-30 22:00,56,Moderate,
30.0,20.6,0.4,18.4,0.3,2.1,21,Longtan,2024-05-30 22:00,56,Moderate,
28.0,27.1,0.29,15.0,0.0,1.0,20,Pingzhen,2024-05-30 22:00,40,Good,
15.0,31.2,0.16,7.7,0.2,0.7,19,Guanyin,2024-05-30 22:00,32,Good,
31.0,18.2,0.34,18.1,1.2,1.5,18,Dayuan,2024-05-30 22:00,40,Good,
27.0,23.7,0.39,19.5,0.4,2.3,17,Taoyuan,2024-05-30 22:00,44,Good,
20.0,12.7,1.45,33.3,19.1,1.7,16,Datong,2024-05-30 22:00,52,Moderate,
24.0,6.9,0.62,26.5,9.7,1.1,15,Songshan,2024-05-30 22:00,43,Good,
16.0,10.6,0.36,14.0,2.1,0.7,14,Guting,2024-05-30 22:00,31,Good,
26.0,23.0,0.64,27.3,1.0,1.8,13,Wanhua,2024-05-30 22:00,45,Good,
17.0,16.6,0.64,28.1,4.6,1.3,12,Zhongshan,2024-05-30 22:00,47,Good,
22.0,15.5,0.34,23.7,0.9,1.1,11,Shilin,2024-05-30 22:00,38,Good,
20.0,13.9,0.44,16.8,1.6,1.2,10,Tamsui,2024-05-30 22:00,36,Good,
21.0,34.0,0.31,15.8,0.0,2.1,9,Linkou,2024-05-30 22:00,33,Good,
22.0,29.6,0.42,20.0,0.4,1.6,8,Cailiao,2024-05-30 22:00,33,Good,
24.0,16.6,0.56,22.8,0.3,2.4,7,Xinzhuang,2024-05-30 22:00,40,Good,
29.0,12.2,0.55,26.8,0.9,1.9,6,Banqiao,2024-05-30 22:00,43,Good,
30.0,6.7,0.54,26.8,2.5,0.7,5,Tucheng,2024-05-30 22:00,56,Moderate,
18.0,10.2,0.33,10.6,2.3,0.7,4,Xindian,2024-05-30 22:00,33,Good,
30.0,7.4,0.25,7.8,2.0,0.1,3,Wanli,2024-05-30 22:00,29,Good,
25.0,3.7,0.56,26.6,7.3,0.8,2,Xizhi,2024-05-30 22:00,43,Good,
22.0,0.4,0.59,18.4,11.5,1.5,1,Keelung,2024-05-30 22:00,30,Good,
8.0,25.5,0.09,3.6,0.3,0.0,313,Pingtung（fangshan）,2024-05-30 21:00,31,Good,1.0
29.0,28.5,0.07,8.0,1.2,0.3,312,Taichung（Rilana Elementary）,2024-05-30 21:00,41,Good,11.0
33.0,6.8,0.46,20.7,3.1,1.2,311,New Taipei(Shulin),2024-05-30 21:00,52,Moderate,19.0
11.0,28.8,0.07,1.0,1.3,0.6,204,Pingtung（Liuqiu）,2024-05-30 21:00,28,Good,6.0
22.0,12.2,0.25,17.4,2.0,0.3,203,Tainan（Madou）,2024-05-30 21:00,28,Good,9.0
17.0,12.4,0.34,13.2,1.8,1.5,202,Kaohsiung（Hunei）,2024-05-30 21:00,22,Good,8.0
29.0,19.2,0.4,11.3,0.8,1.7,201,Changhua（Yuanlin）,2024-05-30 21:00,40,Good,11.0
13.0,19.3,0.09,4.4,0.2,0.6,85,Dacheng,2024-05-30 21:00,41,Good,4.0
21.0,30.3,0.15,3.7,0.1,0.2,84,FugueiCape,2024-05-30 21:00,38,Good,9.0
18.0,20.8,0.22,6.9,0.5,1.0,83,Mailiao,2024-05-30 21:00,35,Good,7.0
1.0,18.1,0.13,3.5,0.3,0.4,80,Guanshan,2024-05-30 21:00,23,Good,4.0
16.0,28.7,0.18,5.7,1.5,0.9,78,Magong,2024-05-30 21:00,32,Good,0.0
29.0,26.5,0.34,13.7,0.6,1.5,77,Kinmen,2024-05-30 21:00,77,Moderate,21.0
21.0,36.5,0.22,5.8,0.6,0.9,75,Matsu,2024-05-30 21:00,44,Good,13.0
23.0,17.9,0.32,7.6,1.5,1.1,72,Puli,2024-05-30 21:00,41,Good,11.0
16.0,20.7,0.28,10.7,1.9,4.3,71,Fuxing,2024-05-30 21:00,21,Good,6.0
18.0,12.1,0.97,30.2,7.2,1.8,70,Yonghe,2024-05-30 21:00,50,Good,14.0
21.0,11.6,0.22,7.3,0.8,0.9,69,Zhushan,2024-05-30 21:00,39,Good,14.0
32.0,18.3,0.76,26.1,21.0,3.4,68,Zhongli,2024-05-30 21:00,48,Good,14.0
21.0,6.6,1.44,44.4,71.3,1.3,67,Sanchong,2024-05-30 21:00,60,Moderate,11.0
14.0,25.6,0.19,4.0,0.7,0.3,66,Dongshan,2024-05-30 21:00,34,Good,5.0
10.0,27.2,0.23,3.8,0.4,1.0,65,Yilan,2024-05-30 21:00,38,Good,8.0
7.0,29.4,0.17,1.6,0.4,0.7,64,Yangming,2024-05-30 21:00,25,Good,5.0
4.0,20.8,0.26,5.3,0.6,0.3,63,Hualien,2024-05-30 21:00,29,Good,12.0
16.0,24.0,0.22,5.0,1.9,0.1,62,Taitung,2024-05-30 21:00,26,Good,3.0
5.0,28.2,0.1,1.4,0.6,0.6,61,Hengchun,2024-05-30 21:00,30,Good,2.0
21.0,17.0,0.1,4.0,0.1,0.7,60,Chaozhou,2024-05-30 21:00,26,Good,4.0
22.0,22.5,0.27,8.6,0.9,0.6,59,Pingtung,2024-05-30 21:00,26,Good,10.0
20.0,18.6,0.5,14.0,1.0,3.6,58,Xiaogang,2024-05-30 21:00,23,Good,6.0
16.0,17.4,0.41,14.8,6.7,5.2,57,Qianzhen,2024-05-30 21:00,23,Good,6.0
12.0,22.6,0.16,9.5,0.1,3.2,56,Qianjin,2024-05-30 21:00,21,Good,4.0
17.0,21.6,0.34,10.2,0.0,1.3,54,Zuoying,2024-05-30 21:00,28,Good,7.0
17.0,19.9,0.23,12.9,1.1,3.3,53,Nanzi,2024-05-30 21:00,27,Good,7.0
23.0,32.1,0.11,1.0,0.5,0.9,52,Linyuan,2024-05-30 21:00,31,Good,3.0
10.0,26.5,0.12,3.8,0.4,0.4,51,Daliao,2024-05-30 21:00,27,Good,3.0
19.0,24.5,0.34,7.7,1.2,1.8,50,Fengshan,2024-05-30 21:00,24,Good,9.0
8.0,29.4,0.18,4.4,0.8,0.9,49,Renwu,2024-05-30 21:00,28,Good,8.0
16.0,20.9,0.22,9.2,0.2,1.5,48,Qiaotou,2024-05-30 21:00,22,Good,6.0
19.0,17.4,0.17,4.4,1.0,0.6,47,Meinong,2024-05-30 21:00,28,Good,6.0
24.0,13.5,0.33,16.0,0.8,1.3,46,Tainan,2024-05-30 21:00,31,Good,9.0
28.0,14.7,0.35,16.9,2.3,1.3,45,Annan,2024-05-30 21:00,38,Good,17.0
14.0,20.0,0.1,3.2,0.9,0.5,44,Shanhua,2024-05-30 21:00,26,Good,7.0
16.0,21.8,0.15,4.5,0.5,0.2,43,Xinying,2024-05-30 21:00,29,Good,0.0
11.0,25.2,0.15,3.9,1.1,1.1,42,Chiayi,2024-05-30 21:00,32,Good,5.0
20.0,26.1,0.15,3.7,0.9,1.4,41,Taixi,2024-05-30 21:00,38,Good,5.0
14.0,20.2,0.19,7.3,2.3,1.1,40,Puzi,2024-05-30 21:00,27,Good,
20.0,25.1,0.12,4.1,1.4,0.7,39,Xingang,2024-05-30 21:00,35,Good,10.0
17.0,24.3,0.19,4.5,1.1,0.8,38,Lunbei,2024-05-30 21:00,36,Good,13.0
23.0,13.9,0.26,12.0,1.3,1.4,37,Douliu,2024-05-30 21:00,32,Good,10.0
21.0,14.2,0.24,8.5,0.9,0.3,36,Nantou,2024-05-30 21:00,35,Good,6.0
33.0,21.2,0.16,5.2,1.7,0.6,35,Erlin,2024-05-30 21:00,54,Moderate,17.0
27.0,27.7,0.22,6.9,1.5,1.3,34,Xianxi,2024-05-30 21:00,41,Good,12.0
21.0,28.0,0.28,8.3,1.5,0.7,33,Changhua,2024-05-30 21:00,46,Good,9.0
22.0,24.8,0.27,12.7,0.9,1.2,32,Xitun,2024-05-30 21:00,45,Good,11.0
14.0,24.1,0.31,8.9,0.8,1.1,31,Zhongming,2024-05-30 21:00,32,Good,5.0
14.0,15.4,0.38,11.3,1.9,1.1,30,Dali,2024-05-30 21:00,42,Good,9.0
28.0,24.6,0.38,14.3,0.2,1.2,29,Shalu,2024-05-30 21:00,44,Good,12.0
18.0,16.1,0.2,8.3,1.3,0.4,28,Fengyuan,2024-05-30 21:00,44,Good,5.0
12.0,30.3,0.14,1.0,1.1,0.5,27,Sanyi,2024-05-30 21:00,44,Good,7.0
30.0,31.2,0.23,7.5,1.2,1.0,26,Miaoli,2024-05-30 21:00,45,Good,10.0
23.0,40.4,0.24,4.9,1.4,1.6,25,Toufen,2024-05-30 21:00,44,Good,9.0
26.0,39.6,0.28,8.1,0.7,1.1,24,Hsinchu,2024-05-30 21:00,42,Good,7.0
28.0,16.4,0.3,9.5,0.5,0.8,23,Zhudong,2024-05-30 21:00,56,Moderate,19.0
24.0,33.1,0.24,5.5,0.6,0.8,22,Hukou,2024-05-30 21:00,56,Moderate,18.0
32.0,23.0,0.39,18.6,0.2,1.6,21,Longtan,2024-05-30 21:00,55,Moderate,19.0
32.0,23.3,0.32,20.8,0.0,2.5,20,Pingzhen,2024-05-30 21:00,43,Good,15.0
16.0,33.6,0.19,8.5,0.4,1.6,19,Guanyin,2024-05-30 21:00,34,Good,6.0
24.0,21.9,0.32,15.7,1.3,1.6,18,Dayuan,2024-05-30 21:00,38,Good,13.0
25.0,26.9,0.4,18.6,0.4,2.2,17,Taoyuan,2024-05-30 21:00,42,Good,15.0
21.0,18.0,1.26,28.2,18.8,1.6,16,Datong,2024-05-30 21:00,47,Good,10.0
22.0,6.7,0.62,27.3,10.9,0.9,15,Songshan,2024-05-30 21:00,45,Good,17.0
21.0,10.6,0.46,18.2,1.8,0.8,14,Guting,2024-05-30 21:00,31,Good,13.0
19.0,16.3,0.69,28.6,1.1,1.1,13,Wanhua,2024-05-30 21:00,47,Good,10.0
21.0,18.7,0.72,26.6,6.9,1.1,12,Zhongshan,2024-05-30 21:00,43,Good,10.0
24.0,13.5,0.37,25.4,0.8,1.2,11,Shilin,2024-05-30 21:00,42,Good,14.0
28.0,12.0,0.36,23.5,1.3,2.3,10,Tamsui,2024-05-30 21:00,38,Good,14.0
15.0,25.5,0.36,22.7,8.0,2.5,9,Linkou,2024-05-30 21:00,37,Good,12.0
15.0,29.5,0.39,17.1,0.9,1.2,8,Cailiao,2024-05-30 21:00,32,Good,10.0
15.0,26.5,0.44,19.6,0.3,1.6,7,Xinzhuang,2024-05-30 21:00,35,Good,14.0
26.0,21.8,0.55,23.5,0.9,2.9,6,Banqiao,2024-05-30 21:00,38,Good,18.0
27.0,5.5,0.56,31.9,2.6,1.1,5,Tucheng,2024-05-30 21:00,57,Moderate,18.0
12.0,13.1,0.36,11.1,2.8,0.7,4,Xindian,2024-05-30 21:00,32,Good,12.0
12.0,10.4,0.23,5.7,1.7,0.1,3,Wanli,2024-05-30 21:00,31,Good,4.0
22.0,2.7,0.63,26.4,15.1,1.0,2,Xizhi,2024-05-30 21:00,43,Good,11.0
24.0,2.4,0.58,17.3,6.3,1.3,1,Keelung,2024-05-30 21:00,28,Good,11.0
17.0,30.6,0.11,4.5,0.1,0.1,313,Pingtung（fangshan）,2024-05-30 20:00,32,Good,4.0
34.0,38.1,0.04,5.7,0.2,0.3,312,Taichung（Rilana Elementary）,2024-05-30 20:00,45,Good,10.0
31.0,8.4,0.55,35.1,3.8,1.8,311,New Taipei(Shulin),2024-05-30 20:00,54,Moderate,18.0
14.0,29.6,0.08,1.4,1.3,0.6,204,Pingtung（Liuqiu）,2024-05-30 20:00,28,Good,7.0
21.0,20.1,0.2,10.5,1.3,0.3,203,Tainan（Madou）,2024-05-30 20:00,29,Good,10.0
15.0,15.1,0.27,11.7,2.0,0.6,202,Kaohsiung（Hunei）,2024-05-30 20:00,21,Good,4.0
30.0,27.7,0.36,10.6,1.1,1.9,201,Changhua（Yuanlin）,2024-05-30 20:00,42,Good,10.0
13.0,27.7,0.1,4.7,0.6,0.7,85,Dacheng,2024-05-30 20:00,46,Good,5.0
27.0,31.1,0.15,8.3,0.2,0.3,84,FugueiCape,2024-05-30 20:00,41,Good,8.0
16.0,23.2,0.2,5.7,0.4,1.0,83,Mailiao,2024-05-30 20:00,41,Good,7.0
16.0,23.4,0.11,2.9,0.4,0.5,80,Guanshan,2024-05-30 20:00,26,Good,2.0
8.0,32.4,0.17,4.8,1.1,0.9,78,Magong,2024-05-30 20:00,37,Good,4.0
29.0,33.0,0.37,15.1,0.5,1.5,77,Kinmen,2024-05-30 20:00,80,Moderate,29.0
24.0,39.9,0.2,3.3,0.6,0.6,75,Matsu,2024-05-30 20:00,46,Good,15.0
19.0,22.5,0.38,9.0,1.6,1.0,72,Puli,2024-05-30 20:00,43,Good,9.0
16.0,21.6,0.31,11.5,1.9,4.2,71,Fuxing,2024-05-30 20:00,21,Good,7.0
21.0,8.8,1.13,27.1,11.2,1.1,70,Yonghe,2024-05-30 20:00,45,Good,15.0
25.0,17.6,0.25,7.0,0.7,1.0,69,Zhushan,2024-05-30 20:00,40,Good,7.0
36.0,10.9,0.97,33.5,19.8,2.4,68,Zhongli,2024-05-30 20:00,52,Moderate,21.0
17.0,3.8,1.75,46.2,83.5,1.4,67,Sanchong,2024-05-30 20:00,62,Moderate,12.0
24.0,30.7,0.21,3.9,0.7,0.4,66,Dongshan,2024-05-30 20:00,36,Good,6.0
6.0,35.3,0.24,3.6,0.3,0.9,65,Yilan,2024-05-30 20:00,41,Good,6.0
16.0,14.9,0.17,1.7,0.6,0.7,64,Yangming,2024-05-30 20:00,25,Good,8.0
8.0,21.8,0.28,6.2,0.7,0.2,63,Hualien,2024-05-30 20:00,31,Good,8.0
8.0,23.9,0.28,6.0,1.9,0.1,62,Taitung,2024-05-30 20:00,27,Good,1.0
10.0,30.5,0.1,1.3,0.5,0.7,61,Hengchun,2024-05-30 20:00,31,Good,3.0
23.0,23.8,0.11,4.1,0.2,0.8,60,Chaozhou,2024-05-30 20:00,28,Good,6.0
14.0,24.2,0.28,8.2,0.7,0.6,59,Pingtung,2024-05-30 20:00,27,Good,8.0
11.0,24.2,0.26,10.1,0.7,2.4,58,Xiaogang,2024-05-30 20:00,25,Good,7.0
16.0,17.2,0.5,15.8,5.5,6.1,57,Qianzhen,2024-05-30 20:00,25,Good,6.0
13.0,18.7,0.18,12.7,0.1,3.2,56,Qianjin,2024-05-30 20:00,21,Good,4.0
17.0,19.7,0.33,13.0,0.3,2.4,54,Zuoying,2024-05-30 20:00,29,Good,10.0
13.0,23.5,0.2,11.5,0.6,1.0,53,Nanzi,2024-05-30 20:00,25,Good,10.0
19.0,33.4,0.11,0.7,0.7,0.8,52,Linyuan,2024-05-30 20:00,31,Good,5.0
19.0,27.2,0.12,3.4,0.3,0.4,51,Daliao,2024-05-30 20:00,27,Good,7.0
16.0,23.6,0.32,8.0,0.8,2.1,50,Fengshan,2024-05-30 20:00,24,Good,7.0
6.0,28.2,0.21,6.3,0.9,,49,Renwu,2024-05-30 20:00,28,Good,7.0
13.0,17.9,0.31,13.7,0.1,1.3,48,Qiaotou,2024-05-30 20:00,23,Good,5.0
15.0,26.5,0.15,3.7,1.1,0.8,47,Meinong,2024-05-30 20:00,30,Good,8.0
14.0,22.3,0.26,10.1,0.6,1.0,46,Tainan,2024-05-30 20:00,31,Good,6.0
12.0,21.2,0.29,13.1,2.1,1.1,45,Annan,2024-05-30 20:00,33,Good,10.0
13.0,23.4,0.09,2.6,1.0,0.4,44,Shanhua,2024-05-30 20:00,29,Good,5.0
18.0,25.0,0.17,4.7,0.8,0.0,43,Xinying,2024-05-30 20:00,33,Good,1.0
13.0,28.6,0.15,4.2,0.7,1.3,42,Chiayi,2024-05-30 20:00,38,Good,5.0
16.0,30.0,0.12,2.1,0.8,1.3,41,Taixi,2024-05-30 20:00,43,Good,6.0
20.0,23.3,0.23,7.7,3.0,1.2,40,Puzi,2024-05-30 20:00,30,Good,
22.0,31.0,0.16,4.7,1.2,0.9,39,Xingang,2024-05-30 20:00,38,Good,9.0
19.0,28.8,0.17,4.6,0.7,0.9,38,Lunbei,2024-05-30 20:00,37,Good,11.0
25.0,27.2,0.25,7.6,1.4,2.1,37,Douliu,2024-05-30 20:00,38,Good,7.0
22.0,20.2,0.2,8.7,1.0,0.3,36,Nantou,2024-05-30 20:00,41,Good,7.0
30.0,26.8,0.17,5.7,1.7,0.6,35,Erlin,2024-05-30 20:00,53,Moderate,23.0
24.0,30.3,0.2,6.8,1.2,1.1,34,Xianxi,2024-05-30 20:00,46,Good,11.0
21.0,35.3,0.22,7.2,1.3,0.5,33,Changhua,2024-05-30 20:00,54,Moderate,12.0
19.0,31.6,0.24,9.2,0.7,0.9,32,Xitun,2024-05-30 20:00,51,Moderate,7.0
21.0,30.4,0.26,9.2,0.7,1.2,31,Zhongming,2024-05-30 20:00,35,Good,8.0
15.0,21.3,0.39,11.8,1.2,1.4,30,Dali,2024-05-30 20:00,47,Good,9.0
33.0,32.0,0.31,11.9,0.2,1.1,29,Shalu,2024-05-30 20:00,49,Good,11.0
16.0,22.9,0.22,6.7,1.0,0.7,28,Fengyuan,2024-05-30 20:00,54,Moderate,8.0
13.0,30.9,0.17,2.1,1.0,0.6,27,Sanyi,2024-05-30 20:00,48,Good,13.0
25.0,33.6,0.23,7.5,1.2,0.9,26,Miaoli,2024-05-30 20:00,50,Good,11.0
26.0,40.6,0.26,5.4,1.4,1.4,25,Toufen,2024-05-30 20:00,46,Good,11.0
15.0,42.9,0.28,8.7,0.8,1.0,24,Hsinchu,2024-05-30 20:00,44,Good,8.0
23.0,21.5,0.34,10.9,0.4,2.8,23,Zhudong,2024-05-30 20:00,54,Moderate,18.0
27.0,35.1,0.23,5.8,0.5,3.4,22,Hukou,2024-05-30 20:00,55,Moderate,18.0
32.0,25.7,0.4,19.8,0.3,1.2,21,Longtan,2024-05-30 20:00,52,Moderate,21.0
31.0,18.7,0.4,26.7,0.1,2.0,20,Pingzhen,2024-05-30 20:00,43,Good,16.0
18.0,34.1,0.19,7.5,0.1,2.2,19,Guanyin,2024-05-30 20:00,35,Good,7.0
26.0,21.1,0.36,19.5,1.3,2.2,18,Dayuan,2024-05-30 20:00,34,Good,17.0
26.0,26.6,0.39,23.0,0.9,1.5,17,Taoyuan,2024-05-30 20:00,40,Good,13.0
19.0,11.0,1.18,31.9,14.6,1.8,16,Datong,2024-05-30 20:00,51,Moderate,12.0
22.0,12.1,0.57,25.3,9.1,0.6,15,Songshan,2024-05-30 20:00,42,Good,12.0
17.0,17.3,0.45,16.1,1.6,0.7,14,Guting,2024-05-30 20:00,35,Good,11.0
21.0,18.3,0.55,28.0,1.6,0.5,13,Wanhua,2024-05-30 20:00,47,Good,10.0
20.0,10.2,0.86,31.8,7.5,0.7,12,Zhongshan,2024-05-30 20:00,51,Moderate,13.0
27.0,17.0,0.34,23.2,1.0,0.9,11,Shilin,2024-05-30 20:00,38,Good,11.0
28.0,17.5,0.25,27.5,1.3,3.6,10,Tamsui,2024-05-30 20:00,45,Good,11.0
30.0,31.5,0.24,7.2,7.0,1.3,9,Linkou,2024-05-30 20:00,38,Good,11.0
23.0,23.5,0.41,21.3,1.3,1.1,8,Cailiao,2024-05-30 20:00,35,Good,7.0
13.0,18.2,0.48,23.4,0.3,0.8,7,Xinzhuang,2024-05-30 20:00,38,Good,11.0
22.0,20.2,0.58,25.1,0.9,2.3,6,Banqiao,2024-05-30 20:00,42,Good,8.0
28.0,7.9,0.65,35.2,1.8,1.8,5,Tucheng,2024-05-30 20:00,55,Moderate,21.0
18.0,18.6,0.38,11.6,1.7,0.9,4,Xindian,2024-05-30 20:00,38,Good,10.0
18.0,14.4,0.24,7.7,1.7,0.2,3,Wanli,2024-05-30 20:00,35,Good,5.0
23.0,1.1,0.6,31.8,14.7,1.8,2,Xizhi,2024-05-30 20:00,51,Moderate,16.0
20.0,3.3,0.48,17.4,4.8,1.2,1,Keelung,2024-05-30 20:00,28,Good,8.0
19.0,35.1,0.09,2.3,0.0,0.0,313,Pingtung（fangshan）,2024-05-30 19:00,33,Good,2.0
40.0,41.3,0.05,5.1,0.2,0.5,312,Taichung（Rilana Elementary）,2024-05-30 19:00,48,Good,8.0
22.0,13.8,0.47,33.2,1.8,2.7,311,New Taipei(Shulin),2024-05-30 19:00,52,Moderate,13.0
9.0,30.6,0.11,1.7,1.3,0.7,204,Pingtung（Liuqiu）,2024-05-30 19:00,28,Good,8.0
15.0,26.3,0.17,7.5,1.2,0.4,203,Tainan（Madou）,2024-05-30 19:00,31,Good,7.0
15.0,19.9,0.18,8.7,2.6,0.5,202,Kaohsiung（Hunei）,2024-05-30 19:00,23,Good,2.0
26.0,31.6,0.28,8.7,0.9,2.2,201,Changhua（Yuanlin）,2024-05-30 19:00,46,Good,10.0
19.0,35.1,0.1,4.8,0.6,1.0,85,Dacheng,2024-05-30 19:00,51,Moderate,5.0
26.0,36.8,0.13,6.3,0.1,0.2,84,FugueiCape,2024-05-30 19:00,43,Good,8.0
17.0,26.6,0.17,3.6,0.0,1.2,83,Mailiao,2024-05-30 19:00,45,Good,3.0
6.0,23.4,0.12,3.6,0.3,0.6,80,Guanshan,2024-05-30 19:00,28,Good,5.0
4.0,31.7,0.18,5.0,1.3,1.0,78,Magong,2024-05-30 19:00,40,Good,7.0
38.0,39.4,0.37,15.5,0.5,1.7,77,Kinmen,2024-05-30 19:00,77,Moderate,32.0
19.0,44.6,0.18,2.0,0.5,0.7,75,Matsu,2024-05-30 19:00,47,Good,11.0
15.0,27.4,0.32,6.7,1.6,1.0,72,Puli,2024-05-30 19:00,47,Good,12.0
12.0,17.4,0.33,15.9,2.7,2.2,71,Fuxing,2024-05-30 19:00,25,Good,6.0
13.0,16.6,0.82,20.6,7.6,0.8,70,Yonghe,2024-05-30 19:00,35,Good,12.0
13.0,26.2,0.21,5.6,0.5,1.1,69,Zhushan,2024-05-30 19:00,45,Good,7.0
19.0,11.7,1.08,33.7,22.9,1.8,68,Zhongli,2024-05-30 19:00,52,Moderate,15.0
20.0,5.3,2.07,43.3,77.7,1.2,67,Sanchong,2024-05-30 19:00,60,Moderate,11.0
20.0,36.4,0.21,4.8,1.1,0.5,66,Dongshan,2024-05-30 19:00,38,Good,7.0
18.0,39.6,0.2,3.0,0.4,0.9,65,Yilan,2024-05-30 19:00,43,Good,5.0
10.0,19.7,0.16,1.5,0.5,1.0,64,Yangming,2024-05-30 19:00,28,Good,6.0
14.0,24.4,0.27,6.6,0.7,0.3,63,Hualien,2024-05-30 19:00,32,Good,9.0
7.0,24.8,0.3,6.2,2.3,0.3,62,Taitung,2024-05-30 19:00,29,Good,0.0
9.0,31.9,0.1,1.7,0.6,0.6,61,Hengchun,2024-05-30 19:00,31,Good,2.0
13.0,27.9,0.11,3.2,0.2,0.9,60,Chaozhou,2024-05-30 19:00,29,Good,2.0
13.0,25.6,0.28,7.3,0.8,0.5,59,Pingtung,2024-05-30 19:00,27,Good,4.0
11.0,22.7,0.5,10.1,1.2,3.7,58,Xiaogang,2024-05-30 19:00,29,Good,7.0
12.0,14.4,0.7,19.7,6.6,2.5,57,Qianzhen,2024-05-30 19:00,32,Good,2.0
11.0,21.2,0.16,11.3,0.5,1.2,56,Qianjin,2024-05-30 19:00,22,Good,2.0
14.0,22.1,0.25,12.2,0.7,1.6,54,Zuoying,2024-05-30 19:00,30,Good,10.0
17.0,24.0,0.28,12.6,0.8,0.6,53,Nanzi,2024-05-30 19:00,24,Good,10.0
21.0,33.8,0.1,0.8,0.7,0.8,52,Linyuan,2024-05-30 19:00,31,Good,7.0
21.0,28.4,0.12,3.8,0.3,0.3,51,Daliao,2024-05-30 19:00,27,Good,7.0
18.0,22.8,0.38,10.1,1.3,1.3,50,Fengshan,2024-05-30 19:00,25,Good,11.0
7.0,27.0,0.28,8.3,1.0,,49,Renwu,2024-05-30 19:00,28,Good,6.0
33.0,20.5,0.39,12.9,0.5,1.5,48,Qiaotou,2024-05-30 19:00,24,Good,3.0
17.0,31.0,0.13,2.6,1.3,0.7,47,Meinong,2024-05-30 19:00,31,Good,4.0
19.0,25.3,0.28,10.5,0.9,1.2,46,Tainan,2024-05-30 19:00,34,Good,11.0
22.0,24.0,0.32,12.8,2.6,1.2,45,Annan,2024-05-30 19:00,34,Good,11.0
14.0,27.6,0.09,2.4,1.2,0.2,44,Shanhua,2024-05-30 19:00,31,Good,8.0
15.0,30.1,0.19,5.1,0.9,0.1,43,Xinying,2024-05-30 19:00,39,Good,4.0
17.0,33.4,0.19,4.9,0.8,1.3,42,Chiayi,2024-05-30 19:00,43,Good,4.0
16.0,31.3,0.11,1.8,1.0,1.3,41,Taixi,2024-05-30 19:00,47,Good,4.0
22.0,34.0,0.27,9.4,2.4,1.2,40,Puzi,2024-05-30 19:00,34,Good,
15.0,39.0,0.18,5.2,1.3,0.9,39,Xingang,2024-05-30 19:00,43,Good,12.0
13.0,34.5,0.17,4.2,1.0,0.8,38,Lunbei,2024-05-30 19:00,41,Good,10.0
23.0,34.5,0.27,6.3,1.3,1.7,37,Douliu,2024-05-30 19:00,43,Good,4.0
14.0,25.6,0.21,6.7,1.1,0.5,36,Nantou,2024-05-30 19:00,45,Good,7.0
17.0,37.7,0.16,3.8,1.7,0.7,35,Erlin,2024-05-30 19:00,51,Moderate,15.0
11.0,35.4,0.19,6.1,1.4,0.5,34,Xianxi,2024-05-30 19:00,50,Good,11.0
20.0,39.0,0.19,7.0,1.7,0.4,33,Changhua,2024-05-30 19:00,67,Moderate,12.0
22.0,37.5,0.21,6.5,0.8,1.1,32,Xitun,2024-05-30 19:00,64,Moderate,9.0
18.0,31.4,0.29,9.7,1.0,1.2,31,Zhongming,2024-05-30 19:00,37,Good,9.0
14.0,26.8,0.28,8.7,0.6,1.6,30,Dali,2024-05-30 19:00,58,Moderate,8.0
31.0,40.6,0.27,8.6,0.3,1.2,29,Shalu,2024-05-30 19:00,58,Moderate,11.0
20.0,35.2,0.22,6.0,1.0,0.8,28,Fengyuan,2024-05-30 19:00,71,Moderate,11.0
18.0,37.7,0.19,3.1,1.2,0.8,27,Sanyi,2024-05-30 19:00,51,Moderate,10.0
20.0,40.4,0.22,7.1,1.0,1.2,26,Miaoli,2024-05-30 19:00,67,Moderate,13.0
26.0,39.4,0.27,6.0,1.5,1.3,25,Toufen,2024-05-30 19:00,50,Good,10.0
23.0,35.7,0.34,18.5,0.7,3.9,24,Hsinchu,2024-05-30 19:00,47,Good,10.0
21.0,30.1,0.31,9.4,0.5,0.1,23,Zhudong,2024-05-30 19:00,58,Moderate,17.0
24.0,33.9,0.24,6.6,0.8,6.7,22,Hukou,2024-05-30 19:00,54,Moderate,20.0
25.0,35.4,0.32,16.0,0.4,1.4,21,Longtan,2024-05-30 19:00,49,Good,19.0
28.0,23.6,0.35,19.8,0.2,0.7,20,Pingzhen,2024-05-30 19:00,38,Good,13.0
21.0,31.8,0.22,12.9,0.5,21.4,19,Guanyin,2024-05-30 19:00,51,Moderate,12.0
28.0,26.0,0.36,19.5,1.8,2.1,18,Dayuan,2024-05-30 19:00,36,Good,15.0
29.0,12.0,0.49,33.4,1.9,2.0,17,Taoyuan,2024-05-30 19:00,52,Moderate,14.0
21.0,14.0,1.41,29.8,20.6,1.8,16,Datong,2024-05-30 19:00,48,Good,10.0
13.0,17.5,0.47,21.8,6.1,0.2,15,Songshan,2024-05-30 19:00,36,Good,12.0
11.0,24.8,0.45,15.3,1.6,0.4,14,Guting,2024-05-30 19:00,38,Good,7.0
21.0,21.2,0.64,25.5,1.7,0.6,13,Wanhua,2024-05-30 19:00,42,Good,11.0
14.0,11.4,0.84,32.7,13.7,1.0,12,Zhongshan,2024-05-30 19:00,52,Moderate,8.0
23.0,21.0,0.35,20.2,1.1,0.5,11,Shilin,2024-05-30 19:00,35,Good,11.0
27.0,21.2,0.26,25.4,2.5,2.9,10,Tamsui,2024-05-30 19:00,42,Good,11.0
13.0,36.3,0.18,3.9,0.6,0.9,9,Linkou,2024-05-30 19:00,40,Good,4.0
18.0,25.6,0.48,20.7,1.1,0.9,8,Cailiao,2024-05-30 19:00,38,Good,8.0
13.0,18.7,0.55,24.7,3.3,0.7,7,Xinzhuang,2024-05-30 19:00,40,Good,11.0
17.0,24.1,0.55,21.0,1.3,1.0,6,Banqiao,2024-05-30 19:00,41,Good,8.0
28.0,16.3,0.65,31.6,1.5,2.3,5,Tucheng,2024-05-30 19:00,51,Moderate,18.0
13.0,27.4,0.39,11.8,1.6,0.6,4,Xindian,2024-05-30 19:00,42,Good,6.0
27.0,18.9,0.29,12.6,1.6,0.4,3,Wanli,2024-05-30 19:00,39,Good,5.0
27.0,8.9,0.44,32.9,3.6,4.0,2,Xizhi,2024-05-30 19:00,52,Moderate,14.0
19.0,5.1,0.47,16.6,5.2,1.4,1,Keelung,2024-05-30 19:00,27,Good,4.0
14.0,36.0,0.09,1.7,0.1,0.0,313,Pingtung（fangshan）,2024-05-30 18:00,33,Good,0.0
32.0,43.4,0.1,5.3,0.3,0.6,312,Taichung（Rilana Elementary）,2024-05-30 18:00,50,Good,10.0
23.0,16.8,0.41,24.7,1.5,5.9,311,New Taipei(Shulin),2024-05-30 18:00,49,Good,19.0
10.0,30.2,0.1,1.7,1.2,0.7,204,Pingtung（Liuqiu）,2024-05-30 18:00,27,Good,7.0
22.0,32.4,0.19,7.1,1.9,0.0,203,Tainan（Madou）,2024-05-30 18:00,32,Good,8.0
16.0,24.2,0.26,7.6,2.9,1.2,202,Kaohsiung（Hunei）,2024-05-30 18:00,26,Good,6.0
22.0,25.8,0.39,10.7,5.8,1.8,201,Changhua（Yuanlin）,2024-05-30 18:00,52,Moderate,10.0
18.0,43.0,0.09,3.8,0.5,1.0,85,Dacheng,2024-05-30 18:00,64,Moderate,4.0
39.0,42.9,0.14,2.9,0.2,0.2,84,FugueiCape,2024-05-30 18:00,44,Good,12.0
11.0,28.5,0.15,3.7,1.1,1.2,83,Mailiao,2024-05-30 18:00,49,Good,8.0
4.0,,0.15,2.7,0.4,0.4,80,Guanshan,2024-05-30 18:00,30,Good,5.0
7.0,31.6,0.23,4.9,1.9,1.1,78,Magong,2024-05-30 18:00,42,Good,8.0
37.0,46.7,0.35,13.8,0.5,1.7,77,Kinmen,2024-05-30 18:00,72,Moderate,29.0
24.0,50.5,0.18,1.8,0.5,0.9,75,Matsu,2024-05-30 18:00,47,Good,12.0
20.0,38.6,0.25,4.9,1.5,1.0,72,Puli,2024-05-30 18:00,50,Good,16.0
15.0,22.1,0.33,13.7,3.1,1.8,71,Fuxing,2024-05-30 18:00,23,Good,3.0
11.0,18.8,0.89,26.1,7.4,0.7,70,Yonghe,2024-05-30 18:00,43,Good,10.0
10.0,31.8,0.16,5.5,0.8,1.2,69,Zhushan,2024-05-30 18:00,53,Moderate,8.0
27.0,12.8,1.14,36.5,27.7,1.7,68,Zhongli,2024-05-30 18:00,55,Moderate,11.0
22.0,11.6,1.21,38.5,50.4,0.8,67,Sanchong,2024-05-30 18:00,56,Moderate,12.0
23.0,35.0,0.26,8.1,2.3,0.5,66,Dongshan,2024-05-30 18:00,39,Good,7.0
22.0,41.2,0.23,3.4,0.5,0.9,65,Yilan,2024-05-30 18:00,44,Good,6.0
10.0,30.2,0.15,1.3,0.7,0.9,64,Yangming,2024-05-30 18:00,29,Good,6.0
42.0,27.6,0.27,6.0,1.2,0.6,63,Hualien,2024-05-30 18:00,33,Good,11.0
7.0,25.3,0.34,6.4,2.9,0.2,62,Taitung,2024-05-30 18:00,31,Good,0.0
20.0,34.7,0.1,1.2,0.7,0.6,61,Hengchun,2024-05-30 18:00,31,Good,3.0
12.0,30.2,0.09,2.3,0.2,0.9,60,Chaozhou,2024-05-30 18:00,29,Good,4.0
17.0,27.0,0.25,6.4,1.1,0.6,59,Pingtung,2024-05-30 18:00,28,Good,3.0
19.0,24.1,0.44,10.8,2.2,5.4,58,Xiaogang,2024-05-30 18:00,31,Good,7.0
21.0,20.2,0.51,16.8,6.5,1.6,57,Qianzhen,2024-05-30 18:00,27,Good,2.0
17.0,25.1,0.13,8.7,1.2,1.6,56,Qianjin,2024-05-30 18:00,23,Good,1.0
14.0,25.6,0.23,10.1,1.4,1.5,54,Zuoying,2024-05-30 18:00,32,Good,7.0
22.0,26.4,0.24,11.3,1.4,0.5,53,Nanzi,2024-05-30 18:00,24,Good,7.0
20.0,34.1,0.11,0.7,0.9,0.8,52,Linyuan,2024-05-30 18:00,31,Good,3.0
17.0,29.0,0.12,3.9,0.9,0.3,51,Daliao,2024-05-30 18:00,27,Good,5.0
25.0,25.5,0.43,9.8,1.7,1.6,50,Fengshan,2024-05-30 18:00,26,Good,7.0
11.0,30.7,0.24,6.5,1.2,0.0,49,Renwu,2024-05-30 18:00,29,Good,4.0
14.0,24.2,0.35,9.8,1.0,1.5,48,Qiaotou,2024-05-30 18:00,26,Good,4.0
15.0,33.0,0.11,2.1,1.2,0.7,47,Meinong,2024-05-30 18:00,33,Good,2.0
21.0,31.6,0.28,9.2,1.1,1.5,46,Tainan,2024-05-30 18:00,36,Good,13.0
26.0,29.3,0.29,12.7,3.3,0.8,45,Annan,2024-05-30 18:00,37,Good,13.0
18.0,33.4,0.11,3.8,1.3,0.8,44,Shanhua,2024-05-30 18:00,35,Good,7.0
17.0,38.7,0.25,6.5,0.9,0.3,43,Xinying,2024-05-30 18:00,42,Good,5.0
15.0,36.6,0.18,4.4,1.2,1.4,42,Chiayi,2024-05-30 18:00,45,Good,4.0
17.0,31.5,0.11,1.9,1.3,1.4,41,Taixi,2024-05-30 18:00,50,Good,3.0
17.0,31.4,0.24,7.3,3.1,1.1,40,Puzi,2024-05-30 18:00,37,Good,
14.0,38.5,0.14,4.4,1.9,0.8,39,Xingang,2024-05-30 18:00,45,Good,8.0
9.0,32.6,0.16,4.3,1.6,1.1,38,Lunbei,2024-05-30 18:00,43,Good,5.0
10.0,30.7,0.21,4.2,1.8,1.6,37,Douliu,2024-05-30 18:00,46,Good,4.0
14.0,27.3,0.18,6.0,1.6,0.5,36,Nantou,2024-05-30 18:00,50,Good,6.0
17.0,43.7,0.14,3.5,1.8,0.9,35,Erlin,2024-05-30 18:00,61,Moderate,11.0
20.0,43.7,0.18,5.6,1.6,1.3,34,Xianxi,2024-05-30 18:00,54,Moderate,7.0
30.0,42.5,0.21,7.9,1.8,0.5,33,Changhua,2024-05-30 18:00,77,Moderate,10.0
28.0,42.9,0.18,5.8,0.9,1.2,32,Xitun,2024-05-30 18:00,71,Moderate,8.0
23.0,35.8,0.28,9.7,1.3,1.3,31,Zhongming,2024-05-30 18:00,43,Good,8.0
21.0,35.2,0.35,11.6,1.1,1.8,30,Dali,2024-05-30 18:00,71,Moderate,16.0
34.0,44.3,0.27,8.8,0.5,1.5,29,Shalu,2024-05-30 18:00,67,Moderate,10.0
24.0,43.4,0.27,9.0,2.5,0.9,28,Fengyuan,2024-05-30 18:00,80,Moderate,9.0
36.0,46.7,0.25,4.0,1.3,1.4,27,Sanyi,2024-05-30 18:00,58,Moderate,19.0
23.0,46.2,0.22,6.6,1.3,2.0,26,Miaoli,2024-05-30 18:00,74,Moderate,11.0
22.0,43.5,0.28,6.0,1.5,1.5,25,Toufen,2024-05-30 18:00,58,Moderate,8.0
15.0,45.2,0.31,8.7,0.9,1.7,24,Hsinchu,2024-05-30 18:00,51,Moderate,10.0
24.0,37.2,0.29,10.0,0.6,0.4,23,Zhudong,2024-05-30 18:00,64,Moderate,15.0
24.0,36.3,0.21,5.4,0.6,6.1,22,Hukou,2024-05-30 18:00,52,Moderate,17.0
31.0,30.2,0.39,20.9,0.7,1.7,21,Longtan,2024-05-30 18:00,46,Good,14.0
25.0,29.4,0.36,18.3,0.8,0.8,20,Pingzhen,2024-05-30 18:00,39,Good,13.0
15.0,36.0,0.25,8.0,0.4,3.0,19,Guanyin,2024-05-30 18:00,40,Good,10.0
20.0,31.0,0.29,17.1,1.9,1.5,18,Dayuan,2024-05-30 18:00,38,Good,10.0
25.0,21.5,0.49,25.7,2.0,3.9,17,Taoyuan,2024-05-30 18:00,42,Good,14.0
17.0,18.8,1.33,24.9,15.5,1.2,16,Datong,2024-05-30 18:00,40,Good,12.0
13.0,26.4,0.35,15.8,2.3,0.8,15,Songshan,2024-05-30 18:00,35,Good,11.0
16.0,28.5,0.48,16.9,1.2,,14,Guting,2024-05-30 18:00,38,Good,9.0
18.0,23.5,0.63,27.7,2.1,0.7,13,Wanhua,2024-05-30 18:00,45,Good,10.0
16.0,20.9,0.59,23.7,6.8,1.3,12,Zhongshan,2024-05-30 18:00,38,Good,8.0
14.0,28.3,0.27,14.3,1.5,0.2,11,Shilin,2024-05-30 18:00,36,Good,8.0
34.0,24.5,0.19,22.8,2.8,2.3,10,Tamsui,2024-05-30 18:00,37,Good,9.0
7.0,39.9,0.15,3.0,0.9,1.0,9,Linkou,2024-05-30 18:00,41,Good,2.0
12.0,30.8,0.37,14.3,1.0,1.1,8,Cailiao,2024-05-30 18:00,39,Good,10.0
20.0,27.6,0.36,16.2,1.8,0.5,7,Xinzhuang,2024-05-30 18:00,42,Good,8.0
24.0,27.2,0.52,23.0,1.7,1.0,6,Banqiao,2024-05-30 18:00,43,Good,11.0
34.0,29.1,0.52,24.5,1.2,1.4,5,Tucheng,2024-05-30 18:00,51,Moderate,21.0
14.0,30.5,0.43,12.8,1.8,0.7,4,Xindian,2024-05-30 18:00,44,Good,11.0
40.0,36.4,0.25,8.9,1.1,0.5,3,Wanli,2024-05-30 18:00,45,Good,7.0
23.0,14.4,0.43,29.0,3.9,5.3,2,Xizhi,2024-05-30 18:00,48,Good,11.0
12.0,15.3,0.4,13.0,2.3,1.4,1,Keelung,2024-05-30 18:00,28,Good,6.0
8.0,37.6,0.09,1.1,0.0,0.0,313,Pingtung（fangshan）,2024-05-30 17:00,33,Good,0.0
32.0,50.0,0.09,4.1,0.4,1.0,312,Taichung（Rilana Elementary）,2024-05-30 17:00,50,Good,8.0
25.0,21.3,0.35,26.5,2.3,3.8,311,New Taipei(Shulin),2024-05-30 17:00,46,Good,17.0
17.0,30.5,0.08,1.3,1.3,0.7,204,Pingtung（Liuqiu）,2024-05-30 17:00,27,Good,5.0
17.0,32.7,0.16,5.5,1.7,0.0,203,Tainan（Madou）,2024-05-30 17:00,32,Good,7.0
20.0,27.8,0.19,4.8,2.3,0.7,202,Kaohsiung（Hunei）,2024-05-30 17:00,25,Good,7.0
22.0,31.1,0.28,7.5,2.2,1.8,201,Changhua（Yuanlin）,2024-05-30 17:00,57,Moderate,12.0
9.0,48.8,0.1,2.7,0.3,0.7,85,Dacheng,2024-05-30 17:00,67,Moderate,6.0
39.0,46.6,0.14,1.4,0.1,0.3,84,FugueiCape,2024-05-30 17:00,44,Good,8.0
16.0,38.9,0.21,7.1,1.2,1.2,83,Mailiao,2024-05-30 17:00,54,Moderate,11.0
5.0,,0.12,2.7,0.6,0.2,80,Guanshan,2024-05-30 17:00,30,Good,1.0
7.0,34.7,0.18,4.3,2.1,1.1,78,Magong,2024-05-30 17:00,44,Good,5.0
37.0,52.7,0.33,12.3,0.9,1.8,77,Kinmen,2024-05-30 17:00,68,Moderate,33.0
35.0,55.0,0.23,5.7,1.4,0.9,75,Matsu,2024-05-30 17:00,45,Good,14.0
11.0,48.3,0.29,6.3,1.6,0.9,72,Puli,2024-05-30 17:00,49,Good,12.0
12.0,26.4,0.25,9.4,3.5,3.1,71,Fuxing,2024-05-30 17:00,23,Good,4.0
11.0,34.6,0.48,18.3,2.4,0.8,70,Yonghe,2024-05-30 17:00,36,Good,11.0
19.0,34.9,0.29,9.2,1.1,1.1,69,Zhushan,2024-05-30 17:00,58,Moderate,16.0
34.0,15.2,0.89,36.8,36.2,1.6,68,Zhongli,2024-05-30 17:00,55,Moderate,13.0
26.0,16.2,0.7,36.6,30.2,1.1,67,Sanchong,2024-05-30 17:00,55,Moderate,11.0
19.0,39.8,0.24,6.4,1.5,0.6,66,Dongshan,2024-05-30 17:00,38,Good,6.0
18.0,43.6,0.23,3.3,0.6,1.0,65,Yilan,2024-05-30 17:00,44,Good,5.0
10.0,29.1,0.17,1.6,0.6,1.9,64,Yangming,2024-05-30 17:00,28,Good,4.0
15.0,32.0,0.26,4.7,1.2,0.3,63,Hualien,2024-05-30 17:00,32,Good,7.0
9.0,26.0,0.26,4.7,2.8,0.2,62,Taitung,2024-05-30 17:00,32,Good,0.0
17.0,35.6,0.1,0.8,0.6,0.6,61,Hengchun,2024-05-30 17:00,31,Good,3.0
9.0,32.0,0.08,1.7,0.3,0.9,60,Chaozhou,2024-05-30 17:00,29,Good,3.0
11.0,30.4,0.19,4.8,1.2,0.6,59,Pingtung,2024-05-30 17:00,30,Good,3.0
16.0,25.1,0.54,10.4,3.4,3.5,58,Xiaogang,2024-05-30 17:00,32,Good,9.0
14.0,24.8,0.33,13.6,5.8,3.1,57,Qianzhen,2024-05-30 17:00,22,Good,4.0
17.0,26.4,0.14,9.7,2.4,2.4,56,Qianjin,2024-05-30 17:00,23,Good,4.0
18.0,28.4,0.24,9.3,1.7,2.0,54,Zuoying,2024-05-30 17:00,34,Good,9.0
23.0,29.6,0.17,9.4,2.4,0.4,53,Nanzi,2024-05-30 17:00,26,Good,3.0
16.0,34.2,0.1,0.2,0.9,0.7,52,Linyuan,2024-05-30 17:00,31,Good,1.0
11.0,30.6,0.11,3.2,0.8,0.3,51,Daliao,2024-05-30 17:00,28,Good,6.0
27.0,29.2,0.3,5.8,1.9,2.2,50,Fengshan,2024-05-30 17:00,27,Good,8.0
14.0,33.9,0.16,3.9,1.1,,49,Renwu,2024-05-30 17:00,30,Good,3.0
14.0,26.8,0.22,7.2,1.2,1.7,48,Qiaotou,2024-05-30 17:00,27,Good,
8.0,35.0,0.11,1.5,1.3,0.9,47,Meinong,2024-05-30 17:00,33,Good,3.0
15.0,32.7,0.17,5.5,1.1,0.7,46,Tainan,2024-05-30 17:00,38,Good,9.0
17.0,31.1,0.19,6.3,3.0,0.6,45,Annan,2024-05-30 17:00,38,Good,10.0
20.0,37.6,0.13,5.2,1.8,0.6,44,Shanhua,2024-05-30 17:00,36,Good,10.0
14.0,33.4,0.18,5.1,1.2,0.0,43,Xinying,2024-05-30 17:00,42,Good,4.0
13.0,30.8,0.15,4.0,1.3,1.4,42,Chiayi,2024-05-30 17:00,47,Good,4.0
15.0,32.2,0.13,3.1,1.4,1.5,41,Taixi,2024-05-30 17:00,54,Moderate,6.0
15.0,32.8,0.22,6.9,3.1,1.0,40,Puzi,2024-05-30 17:00,39,Good,
15.0,37.0,0.16,5.5,2.5,1.1,39,Xingang,2024-05-30 17:00,47,Good,5.0
17.0,32.2,0.15,3.1,1.7,0.9,38,Lunbei,2024-05-30 17:00,44,Good,6.0
6.0,29.3,0.18,3.7,1.6,1.5,37,Douliu,2024-05-30 17:00,49,Good,4.0
21.0,37.0,0.23,8.7,1.6,0.5,36,Nantou,2024-05-30 17:00,61,Moderate,9.0
21.0,47.0,0.16,3.5,1.7,1.3,35,Erlin,2024-05-30 17:00,67,Moderate,16.0
35.0,47.4,0.16,3.7,1.9,1.3,34,Xianxi,2024-05-30 17:00,54,Moderate,8.0
35.0,49.7,0.17,6.6,1.8,0.9,33,Changhua,2024-05-30 17:00,80,Moderate,10.0
42.0,51.0,0.17,6.7,1.1,1.8,32,Xitun,2024-05-30 17:00,77,Moderate,11.0
32.0,43.8,0.29,11.4,1.5,1.9,31,Zhongming,2024-05-30 17:00,46,Good,14.0
27.0,50.6,0.31,11.6,1.0,1.7,30,Dali,2024-05-30 17:00,84,Moderate,16.0
40.0,50.2,0.23,8.3,0.6,2.3,29,Shalu,2024-05-30 17:00,71,Moderate,13.0
32.0,51.7,0.35,9.5,1.2,1.9,28,Fengyuan,2024-05-30 17:00,84,Moderate,17.0
33.0,52.0,0.24,4.1,1.3,1.6,27,Sanyi,2024-05-30 17:00,58,Moderate,14.0
21.0,57.2,0.21,4.1,0.9,1.7,26,Miaoli,2024-05-30 17:00,74,Moderate,13.0
30.0,44.1,0.23,4.7,1.6,1.4,25,Toufen,2024-05-30 17:00,58,Moderate,8.0
19.0,48.2,0.28,8.2,1.2,1.2,24,Hsinchu,2024-05-30 17:00,49,Good,11.0
30.0,43.6,0.25,10.1,0.6,0.4,23,Zhudong,2024-05-30 17:00,64,Moderate,16.0
19.0,43.1,0.2,3.6,0.6,0.8,22,Hukou,2024-05-30 17:00,51,Moderate,13.0
27.0,39.5,0.34,16.2,0.8,1.5,21,Longtan,2024-05-30 17:00,44,Good,13.0
27.0,33.3,0.32,16.0,1.0,0.5,20,Pingzhen,2024-05-30 17:00,39,Good,12.0
18.0,39.4,0.18,5.5,0.7,0.4,19,Guanyin,2024-05-30 17:00,42,Good,6.0
15.0,38.8,0.24,8.7,1.8,1.4,18,Dayuan,2024-05-30 17:00,38,Good,5.0
25.0,32.0,0.32,17.4,1.7,3.5,17,Taoyuan,2024-05-30 17:00,44,Good,12.0
19.0,14.6,1.49,37.8,42.3,1.1,16,Datong,2024-05-30 17:00,55,Moderate,11.0
21.0,27.6,0.35,22.1,2.8,2.1,15,Songshan,2024-05-30 17:00,37,Good,14.0
16.0,43.5,0.34,13.7,1.7,,14,Guting,2024-05-30 17:00,37,Good,8.0
26.0,45.7,0.47,23.1,1.5,1.1,13,Wanhua,2024-05-30 17:00,39,Good,14.0
15.0,32.7,0.3,13.4,1.7,1.3,12,Zhongshan,2024-05-30 17:00,33,Good,9.0
13.0,33.2,0.21,13.3,1.9,0.5,11,Shilin,2024-05-30 17:00,36,Good,5.0
22.0,35.1,0.18,11.4,1.6,1.6,10,Tamsui,2024-05-30 17:00,37,Good,11.0
9.0,39.2,0.16,4.2,0.9,1.1,9,Linkou,2024-05-30 17:00,39,Good,5.0
21.0,38.1,0.4,18.3,1.4,1.3,8,Cailiao,2024-05-30 17:00,38,Good,10.0
17.0,34.0,0.27,14.4,1.2,0.7,7,Xinzhuang,2024-05-30 17:00,42,Good,7.0
23.0,51.9,0.46,18.2,1.5,1.1,6,Banqiao,2024-05-30 17:00,44,Good,9.0
16.0,58.7,0.36,12.1,1.0,1.0,5,Tucheng,2024-05-30 17:00,51,Moderate,12.0
19.0,39.3,0.37,12.1,2.2,0.9,4,Xindian,2024-05-30 17:00,44,Good,14.0
28.0,41.8,0.2,5.5,1.5,0.6,3,Wanli,2024-05-30 17:00,44,Good,10.0
27.0,22.6,0.34,22.8,3.4,2.9,2,Xizhi,2024-05-30 17:00,37,Good,9.0
15.0,21.4,0.29,14.6,3.6,2.2,1,Keelung,2024-05-30 17:00,29,Good,5.0
5.0,35.3,0.09,2.0,0.3,0.0,313,Pingtung（fangshan）,2024-05-30 16:00,32,Good,0.0
40.0,51.1,0.08,3.5,0.7,0.7,312,Taichung（Rilana Elementary）,2024-05-30 16:00,49,Good,13.0
24.0,32.5,0.32,16.4,1.3,2.9,311,New Taipei(Shulin),2024-05-30 16:00,43,Good,15.0
14.0,29.7,0.07,1.2,1.2,0.7,204,Pingtung（Liuqiu）,2024-05-30 16:00,27,Good,7.0
13.0,32.0,0.13,5.3,2.2,0.2,203,Tainan（Madou）,2024-05-30 16:00,31,Good,5.0
15.0,27.7,0.13,3.2,2.3,0.4,202,Kaohsiung（Hunei）,2024-05-30 16:00,25,Good,9.0
30.0,44.1,0.28,7.9,1.1,2.1,201,Changhua（Yuanlin）,2024-05-30 16:00,59,Moderate,16.0
30.0,59.9,0.12,2.5,0.3,0.9,85,Dacheng,2024-05-30 16:00,61,Moderate,10.0
35.0,48.5,0.13,1.3,0.3,0.5,84,FugueiCape,2024-05-30 16:00,44,Good,8.0
23.0,47.4,0.15,4.2,0.2,1.3,83,Mailiao,2024-05-30 16:00,54,Moderate,9.0
9.0,24.7,0.14,3.2,0.6,0.3,80,Guanshan,2024-05-30 16:00,28,Good,2.0
4.0,34.0,0.14,5.4,2.7,1.4,78,Magong,2024-05-30 16:00,44,Good,1.0
36.0,53.6,0.29,12.6,1.2,2.2,77,Kinmen,2024-05-30 16:00,64,Moderate,26.0
27.0,47.6,0.22,8.5,7.0,0.8,75,Matsu,2024-05-30 16:00,44,Good,15.0
24.0,55.3,0.26,4.2,1.6,1.1,72,Puli,2024-05-30 16:00,50,Good,24.0
11.0,28.8,0.31,8.4,3.6,2.9,71,Fuxing,2024-05-30 16:00,23,Good,4.0
,44.4,0.47,16.4,2.3,,70,Yonghe,2024-05-30 16:00,35,Good,8.0
16.0,38.4,0.18,6.8,0.7,1.0,69,Zhushan,2024-05-30 16:00,63,Moderate,15.0
33.0,15.6,0.6,34.2,31.4,1.5,68,Zhongli,2024-05-30 16:00,53,Moderate,17.0
21.0,13.5,0.86,38.5,53.9,1.4,67,Sanchong,2024-05-30 16:00,56,Moderate,10.0
22.0,43.0,0.23,5.6,2.1,0.5,66,Dongshan,2024-05-30 16:00,36,Good,7.0
24.0,45.7,0.21,3.2,0.6,1.1,65,Yilan,2024-05-30 16:00,44,Good,6.0
9.0,29.7,0.15,0.9,0.6,1.1,64,Yangming,2024-05-30 16:00,28,Good,4.0
4.0,38.2,0.18,1.1,0.4,0.1,63,Hualien,2024-05-30 16:00,31,Good,5.0
7.0,31.0,0.17,2.7,2.4,0.2,62,Taitung,2024-05-30 16:00,34,Good,2.0
9.0,32.4,0.1,0.7,0.6,0.6,61,Hengchun,2024-05-30 16:00,32,Good,2.0
12.0,32.2,0.07,1.1,0.1,0.9,60,Chaozhou,2024-05-30 16:00,29,Good,0.0
12.0,33.2,0.16,4.3,1.3,0.7,59,Pingtung,2024-05-30 16:00,29,Good,2.0
25.0,25.0,0.56,11.6,4.0,6.0,58,Xiaogang,2024-05-30 16:00,32,Good,13.0
16.0,28.3,0.31,10.0,5.4,2.5,57,Qianzhen,2024-05-30 16:00,21,Good,5.0
20.0,30.0,0.14,7.6,2.1,1.8,56,Qianjin,2024-05-30 16:00,23,Good,4.0
17.0,31.1,0.21,8.7,2.2,1.7,54,Zuoying,2024-05-30 16:00,36,Good,9.0
21.0,31.6,0.21,10.6,2.9,1.4,53,Nanzi,2024-05-30 16:00,27,Good,5.0
7.0,35.4,0.1,0.4,0.8,0.8,52,Linyuan,2024-05-30 16:00,31,Good,4.0
17.0,32.1,0.16,2.7,1.0,0.3,51,Daliao,2024-05-30 16:00,28,Good,4.0
18.0,30.8,0.28,6.3,2.3,2.0,50,Fengshan,2024-05-30 16:00,27,Good,3.0
15.0,34.8,0.18,6.4,2.3,0.1,49,Renwu,2024-05-30 16:00,30,Good,4.0
,33.2,0.15,5.8,1.5,0.6,48,Qiaotou,2024-05-30 16:00,27,Good,7.0
15.0,35.6,0.12,2.4,1.5,0.9,47,Meinong,2024-05-30 16:00,32,Good,4.0
17.0,33.3,0.13,4.2,1.1,0.8,46,Tainan,2024-05-30 16:00,40,Good,8.0
18.0,29.7,0.17,7.2,4.1,1.1,45,Annan,2024-05-30 16:00,38,Good,10.0
20.0,31.5,0.1,3.7,2.0,0.4,44,Shanhua,2024-05-30 16:00,35,Good,12.0
14.0,29.1,0.17,4.8,1.0,0.3,43,Xinying,2024-05-30 16:00,42,Good,2.0
8.0,30.3,0.13,3.6,1.3,1.3,42,Chiayi,2024-05-30 16:00,49,Good,0.0
58.0,50.6,0.14,3.7,1.4,1.6,41,Taixi,2024-05-30 16:00,58,Moderate,11.0
15.0,26.1,0.22,6.3,3.2,0.9,40,Puzi,2024-05-30 16:00,40,Good,
11.0,32.0,0.15,4.1,2.4,0.8,39,Xingang,2024-05-30 16:00,49,Good,7.0
13.0,30.5,0.14,2.7,1.8,0.8,38,Lunbei,2024-05-30 16:00,48,Good,8.0
20.0,29.0,0.17,4.4,1.5,1.4,37,Douliu,2024-05-30 16:00,51,Moderate,4.0
32.0,54.3,0.22,7.6,1.2,0.8,36,Nantou,2024-05-30 16:00,64,Moderate,16.0
34.0,52.2,0.15,1.8,1.6,1.1,35,Erlin,2024-05-30 16:00,64,Moderate,16.0
39.0,54.6,0.23,1.5,1.7,1.0,34,Xianxi,2024-05-30 16:00,54,Moderate,14.0
47.0,58.3,0.18,7.2,1.9,1.3,33,Changhua,2024-05-30 16:00,80,Moderate,12.0
43.0,56.5,0.32,10.4,1.3,3.8,32,Xitun,2024-05-30 16:00,74,Moderate,21.0
42.0,50.4,0.37,13.7,1.7,3.8,31,Zhongming,2024-05-30 16:00,44,Good,14.0
42.0,60.7,0.28,10.5,0.5,3.0,30,Dali,2024-05-30 16:00,87,Moderate,21.0
48.0,52.4,0.35,7.7,0.5,2.8,29,Shalu,2024-05-30 16:00,67,Moderate,19.0
47.0,60.9,0.23,6.3,0.9,1.4,28,Fengyuan,2024-05-30 16:00,77,Moderate,20.0
36.0,52.9,0.21,5.9,1.5,1.7,27,Sanyi,2024-05-30 16:00,50,Good,16.0
19.0,57.7,0.17,3.7,1.2,1.4,26,Miaoli,2024-05-30 16:00,61,Moderate,17.0
24.0,45.9,0.18,2.0,1.8,1.3,25,Toufen,2024-05-30 16:00,50,Good,10.0
17.0,40.1,0.24,6.3,1.3,0.6,24,Hsinchu,2024-05-30 16:00,45,Good,15.0
24.0,51.1,0.23,8.1,0.6,0.5,23,Zhudong,2024-05-30 16:00,60,Moderate,17.0
17.0,48.2,0.18,2.6,0.6,,22,Hukou,2024-05-30 16:00,54,Moderate,13.0
26.0,49.8,0.28,13.2,0.2,1.6,21,Longtan,2024-05-30 16:00,48,Good,16.0
,,,,,,20,Pingzhen,2024-05-30 16:00,38,Good,10.0
,,,,,,19,Guanyin,2024-05-30 16:00,41,Good,9.0
,,,,,,18,Dayuan,2024-05-30 16:00,36,Good,9.0
,,,,,,17,Taoyuan,2024-05-30 16:00,43,Good,9.0
,,,,,,16,Datong,2024-05-30 16:00,40,Good,8.0
,,,,,,15,Songshan,2024-05-30 16:00,31,Good,10.0
,,,,,,14,Guting,2024-05-30 16:00,34,Good,10.0
,,,,,,13,Wanhua,2024-05-30 16:00,35,Good,13.0
,,,,,,12,Zhongshan,2024-05-30 16:00,31,Good,7.0
,,,,,,11,Shilin,2024-05-30 16:00,34,Good,7.0
,,,,,,10,Tamsui,2024-05-30 16:00,38,Good,9.0
,,,,,,9,Linkou,2024-05-30 16:00,36,Good,5.0
,,,,,,8,Cailiao,2024-05-30 16:00,36,Good,6.0
,,,,,,7,Xinzhuang,2024-05-30 16:00,40,Good,11.0
,,,,,,6,Banqiao,2024-05-30 16:00,38,Good,11.0
,,,,,,5,Tucheng,2024-05-30 16:00,48,Good,13.0
,,,,,,4,Xindian,2024-05-30 16:00,42,Good,10.0
,,,,,,3,Wanli,2024-05-30 16:00,46,Good,8.0
,,,,,,2,Xizhi,2024-05-30 16:00,36,Good,15.0
,,,,,,1,Keelung,2024-05-30 16:00,29,Good,3.0
