siteid,datacreationdate,aqi,status,pm2.5,no2,so2,o3,co,pm10,no
313,2024-05-27 08:00,9,Good,1,3.1,0.2,14.4,0.08,9,2.3
312,2024-05-27 08:00,48,Good,10,7.7,0.4,12,0.26,21,9
311,2024-05-27 08:00,47,Good,18,19.7,0.5,4.7,0.64,36,19
204,2024-05-27 08:00,20,Good,9,6.6,0.9,3.5,0.14,19,5.4
203,2024-05-27 08:00,23,Good,4,8,0.6,2.1,0.31,27,11.7
202,2024-05-27 08:00,21,Good,5,11.4,1.2,2.3,0.64,18,13.2
201,2024-05-27 08:00,62,Moderate,16,9.3,1.8,10.2,0.32,25,3.5
85,2024-05-27 08:00,47,Good,6,6.7,1,10.2,0.12,32,5.7
84,2024-05-27 08:00,29,Good,3,3.1,0.4,22.5,0.13,18,0.9
83,2024-05-27 08:00,53,Moderate,7,4.4,1.7,9.1,0.25,17,5.6
80,2024-05-27 08:00,20,Good,3,2.4,1,6.8,0.13,22,1.9
78,2024-05-27 08:00,16,Good,1,4.8,1,16.5,0.14,5,1.5
77,2024-05-27 08:00,10,Good,3,4.7,0.5,12.6,0.19,0,2
75,2024-05-27 08:00,33,Good,8,4.3,0.7,19.1,0.11,17,1.2
72,2024-05-27 08:00,67,Moderate,21,4.7,1,3.7,0.36,42,4.8
71,2024-05-27 08:00,18,Good,1,11,0.8,4.2,0.59,15,10.8
70,2024-05-27 08:00,28,Good,9,10.1,0.9,6.3,1.02,24,15.4
69,2024-05-27 08:00,45,Good,14,6.4,1.2,5.1,0.2,36,5.5
68,2024-05-27 08:00,55,Moderate,17,20.6,1.6,3.9,1.99,37,48.4
67,2024-05-27 08:00,37,Good,8,22,1.3,4.6,1.13,26,49.7
66,2024-05-27 08:00,30,Good,9,7.2,0.7,6.6,0.3,42,12
65,2024-05-27 08:00,20,Good,5,2.6,1.3,12.6,0.2,12,1.8
64,2024-05-27 08:00,22,Good,6,2.1,0.7,21.3,0.15,10,0.8
63,2024-05-27 08:00,27,Good,11,3.1,0.5,12.2,0.18,11,2.6
62,2024-05-27 08:00,18,Good,4,3.4,0.4,6,0.17,19,3.2
61,2024-05-27 08:00,13,Good,5,1.5,,13.9,0.11,11,1.3
60,2024-05-27 08:00,24,Good,6,5,0.7,3.1,0.14,24,5.9
59,2024-05-27 08:00,17,Good,2,6.7,0.3,5.1,0.31,19,5
58,2024-05-27 08:00,28,Good,10,12.5,0.6,1.6,0.43,24,18.2
57,2024-05-27 08:00,18,Good,2,11,1.5,4.3,0.52,14,8.4
56,2024-05-27 08:00,17,Good,5,10.9,0.3,7.1,0.45,17,5
54,2024-05-27 08:00,26,Good,8,9.1,0.8,6,0.35,14,5.7
53,2024-05-27 08:00,23,Good,8,14.7,1.3,1.7,0.4,24,19.3
52,2024-05-27 08:00,24,Good,5,5.4,1,4.6,0.19,25,3.1
51,2024-05-27 08:00,21,Good,13,8.3,3.5,1.6,0.28,31,12.4
50,2024-05-27 08:00,18,Good,6,7.8,1.5,4.4,0.44,17,6.3
49,2024-05-27 08:00,45,Good,19,14.8,9,4.2,0.46,50,11.8
48,2024-05-27 08:00,19,Good,5,10.2,1.7,3.7,0.33,15,10.7
47,2024-05-27 08:00,14,Good,1,3.7,1.1,8.4,0.15,15,2.1
46,2024-05-27 08:00,41,Good,12,10.3,0.7,6.1,0.39,14,6.1
45,2024-05-27 08:00,31,Good,9,9.8,0.3,6.6,0.47,18,8.4
44,2024-05-27 08:00,19,Good,4,7.2,0.8,6.8,0.18,12,4.7
43,2024-05-27 08:00,24,Good,2,5.1,0.4,6.7,0.32,19,4
42,2024-05-27 08:00,24,Good,5,6.2,1.1,8.9,0.19,16,4.2
41,2024-05-27 08:00,46,Good,7,7.6,1.4,9.2,0.16,20,2.8
40,2024-05-27 08:00,42,Good,9,13.2,1.1,5.4,0.3,23,8.1
39,2024-05-27 08:00,43,Good,8,5.3,0.3,11.9,0.2,22,4.3
38,2024-05-27 08:00,53,Moderate,9,3.3,1.2,7.9,0.16,20,3.9
37,2024-05-27 08:00,41,Good,10,9.1,1.4,10.4,0.29,21,6.5
36,2024-05-27 08:00,45,Good,9,6.8,0.5,3.1,0.32,33,7.1
35,2024-05-27 08:00,58,Moderate,14,6.3,0.4,7.3,0.23,47,5.1
34,2024-05-27 08:00,58,Moderate,11,8.2,1.1,11.6,0.26,25,2.9
33,2024-05-27 08:00,43,Good,9,9,2.3,11.7,0.29,13,3.4
32,2024-05-27 08:00,60,Moderate,14,11.2,1.3,3.3,0.35,30,9
31,2024-05-27 08:00,56,Moderate,16,11.8,1.2,6.8,0.48,26,6.6
30,2024-05-27 08:00,65,Moderate,19,12.8,1.2,4.6,0.63,28,10
29,2024-05-27 08:00,58,Moderate,16,9.5,0.7,9.4,0.29,28,3.9
28,2024-05-27 08:00,41,Good,3,2.7,1.2,20.2,0.18,11,1.6
27,2024-05-27 08:00,37,Good,5,1.1,0.8,19.2,0.12,10,1.5
26,2024-05-27 08:00,51,Moderate,5,3.7,0.9,15.4,0.17,12,3.1
25,2024-05-27 08:00,56,Moderate,19,9.8,1.4,7.4,0.41,33,7.5
24,2024-05-27 08:00,51,Moderate,16,13.8,0.4,6.9,0.46,33,12.7
23,2024-05-27 08:00,44,Good,11,5.6,3.9,8,0.26,27,3.6
22,2024-05-27 08:00,68,Moderate,22,11.4,1.7,14,0.31,28,5
21,2024-05-27 08:00,45,Good,11,11.3,1,7.8,0.31,21,9.2
20,2024-05-27 08:00,44,Good,11,13.2,0.4,9.2,0.49,25,7
19,2024-05-27 08:00,69,Moderate,21,10.7,1.6,17,0.27,36,3.3
18,2024-05-27 08:00,49,Good,13,15,1.4,10.8,0.36,32,8.1
17,2024-05-27 08:00,53,Moderate,14,23.8,4.2,5.9,0.82,38,16.3
16,2024-05-27 08:00,43,Good,18,19,0.8,3.9,1.36,28,48.3
15,2024-05-27 08:00,44,Good,16,9.5,0.6,10.3,0.35,26,8.5
14,2024-05-27 08:00,18,Good,2,7.3,0.9,8.7,0.31,18,6.2
13,2024-05-27 08:00,30,Good,12,11.2,0.3,8.6,0.41,15,9.5
12,2024-05-27 08:00,34,Good,12,15.7,0.5,7.5,0.7,22,15.7
11,2024-05-27 08:00,37,Good,14,15.1,0.9,9,0.45,22,8.9
10,2024-05-27 08:00,38,Good,10,10,0.2,10.5,0.38,35,6.2
9,2024-05-27 08:00,40,Good,8,15.5,0.5,6.8,0.48,20,17.9
8,2024-05-27 08:00,25,Good,10,13.2,0.6,8.3,0.56,19,9.2
7,2024-05-27 08:00,39,Good,8,8.7,0.1,7.8,0.41,21,7.3
6,2024-05-27 08:00,23,Good,7,11.6,0.3,5.3,0.53,24,12.4
5,2024-05-27 08:00,44,Good,15,16.7,0.4,7.5,0.61,33,13.8
4,2024-05-27 08:00,29,Good,12,8.4,0.5,6.5,0.38,22,9.4
3,2024-05-27 08:00,17,Good,6,5.2,1.2,17.1,0.24,15,3.6
2,2024-05-27 08:00,48,Good,19,29.6,0.4,16.3,0.51,35,10.1
1,2024-05-27 08:00,23,Good,5,7.8,1,11.9,0.31,21,5.7
313,2024-05-27 07:00,9,Good,0,4.1,0.2,9,0.09,14,2.9
312,2024-05-27 07:00,51,Moderate,9,8.2,0.3,9.5,0.24,22,3.5
311,2024-05-27 07:00,45,Good,18,8.4,0.1,3.8,0.33,32,9.7
204,2024-05-27 07:00,17,Good,7,6.3,0.9,2.2,0.14,17,3.5
203,2024-05-27 07:00,22,Good,2,5,0.7,3,0.15,19,3.2
202,2024-05-27 07:00,23,Good,5,10,1.2,1.4,0.21,15,10.6
201,2024-05-27 07:00,65,Moderate,13,9.2,1.8,9.5,0.27,24,2.1
85,2024-05-27 07:00,55,Moderate,6,7.7,1,7.4,0.15,23,3.1
84,2024-05-27 07:00,30,Good,4,2.4,0.3,20.9,0.14,17,0.3
83,2024-05-27 07:00,59,Moderate,13,5.8,1.8,5.9,0.3,27,4.3
80,2024-05-27 07:00,20,Good,4,2.5,0.9,4.8,0.11,20,1.7
78,2024-05-27 07:00,16,Good,0,4.2,1,18.5,0.13,4,0.9
77,2024-05-27 07:00,9,Good,4,3.6,0.4,14,0.15,3,0.8
75,2024-05-27 07:00,34,Good,10,3.9,0.8,21.8,0.11,15,0.4
72,2024-05-27 07:00,68,Moderate,18,3.9,1,3.3,0.27,40,3.4
71,2024-05-27 07:00,14,Good,1,8.3,0.7,5.9,0.28,11,4.1
70,2024-05-27 07:00,29,Good,11,6.6,0.9,4.6,0.44,20,6.8
69,2024-05-27 07:00,46,Good,8,6.5,1.1,4.7,0.2,28,2.9
68,2024-05-27 07:00,55,Moderate,19,17,0.9,2.6,1.48,28,68.5
67,2024-05-27 07:00,32,Good,8,16.7,1.1,2.5,1,26,54.5
66,2024-05-27 07:00,27,Good,6,3.6,0.1,3,0.2,35,4.8
65,2024-05-27 07:00,23,Good,6,3,2,6.4,0.18,18,2
64,2024-05-27 07:00,22,Good,5,2.2,0.7,19.1,0.17,9,0.7
63,2024-05-27 07:00,26,Good,8,2.3,0.4,4,0.15,12,2.2
62,2024-05-27 07:00,18,Good,3,3.1,0.2,4.8,0.14,25,2
61,2024-05-27 07:00,12,Good,4,1.4,,14,0.1,8,0.9
60,2024-05-27 07:00,25,Good,8,4.1,0.8,1,0.13,21,9.5
59,2024-05-27 07:00,17,Good,2,4.9,0.3,5.1,0.14,20,2.3
58,2024-05-27 07:00,26,Good,8,9.7,0.2,1.6,0.23,10,9.3
57,2024-05-27 07:00,17,Good,3,9.4,1.3,5.4,0.31,14,5
56,2024-05-27 07:00,17,Good,6,7.4,0.3,6.3,0.29,18,2.7
54,2024-05-27 07:00,26,Good,7,5.6,0.7,8.6,0.2,9,1.6
53,2024-05-27 07:00,22,Good,7,13.2,0.9,1.6,0.21,17,10.9
52,2024-05-27 07:00,26,Good,5,4.6,0.9,4.3,0.14,25,1.9
51,2024-05-27 07:00,25,Good,5,7.8,10.2,1.6,0.2,18,6.7
50,2024-05-27 07:00,18,Good,2,5.9,1.1,5.1,0.24,20,2.6
49,2024-05-27 07:00,39,Good,22,10,5.9,5.6,0.25,38,3.7
48,2024-05-27 07:00,21,Good,7,8.3,0.8,4,0.16,8,4.6
47,2024-05-27 07:00,13,Good,0,4.6,1.1,4,0.17,17,3.7
46,2024-05-27 07:00,43,Good,12,7.1,0.6,8.1,0.15,12,2.2
45,2024-05-27 07:00,33,Good,7,7.6,0.2,5.2,0.21,14,4.8
44,2024-05-27 07:00,21,Good,3,4.5,0.8,4.2,0.11,13,3.4
43,2024-05-27 07:00,26,Good,0,4.5,0.3,5.7,0.2,21,3.1
42,2024-05-27 07:00,27,Good,9,7.5,1.1,4.9,0.23,27,3.3
41,2024-05-27 07:00,53,Moderate,12,11,1.3,5.4,0.29,27,3.1
40,2024-05-27 07:00,45,Good,7,12.3,1.2,3.9,0.21,26,7.5
39,2024-05-27 07:00,45,Good,8,6.2,0.3,6.8,0.21,27,4.1
38,2024-05-27 07:00,60,Moderate,14,5.9,1.1,3.1,0.22,25,3.3
37,2024-05-27 07:00,42,Good,8,5.2,0.9,8.2,0.18,19,1.9
36,2024-05-27 07:00,48,Good,8,5.1,0.4,3,0.19,28,3.1
35,2024-05-27 07:00,60,Moderate,18,7.5,0.5,4.5,0.22,36,3.5
34,2024-05-27 07:00,61,Moderate,21,9.5,1.1,8.1,0.3,34,1.4
33,2024-05-27 07:00,47,Good,12,8.3,2.6,10.6,0.24,16,1.8
32,2024-05-27 07:00,64,Moderate,22,7.5,0.9,4.7,0.25,40,3.2
31,2024-05-27 07:00,58,Moderate,16,7.2,0.8,7.6,0.32,29,2.6
30,2024-05-27 07:00,67,Moderate,18,9.3,1,3.6,0.35,28,4.3
29,2024-05-27 07:00,61,Moderate,15,8.2,0.4,10.8,0.25,28,1.6
28,2024-05-27 07:00,48,Good,6,3.9,1.4,19,0.16,14,2
27,2024-05-27 07:00,41,Good,7,1.8,0.8,18.9,0.14,13,1.3
26,2024-05-27 07:00,54,Moderate,17,7.1,0.9,6.7,0.23,20,5.7
25,2024-05-27 07:00,54,Moderate,14,6.3,0.9,4.4,0.29,32,4.8
24,2024-05-27 07:00,50,Good,18,12.1,0.4,3.3,0.37,31,7.3
23,2024-05-27 07:00,47,Good,10,4.7,1,6.9,0.22,26,2.6
22,2024-05-27 07:00,66,Moderate,23,15,0.8,6.7,0.31,31,7.5
21,2024-05-27 07:00,48,Good,12,7.8,0.7,5.2,0.27,22,10.7
20,2024-05-27 07:00,45,Good,11,10.3,0.7,8.4,0.33,24,3.6
19,2024-05-27 07:00,70,Moderate,23,16.2,1.8,6.7,0.35,42,9.4
18,2024-05-27 07:00,53,Moderate,13,13.4,1.5,7.4,0.36,30,6.3
17,2024-05-27 07:00,54,Moderate,16,18.1,3.6,3.8,0.55,33,10.4
16,2024-05-27 07:00,39,Good,15,12.9,0.5,3.2,0.6,28,19.5
15,2024-05-27 07:00,41,Good,15,8.3,0.4,4.7,0.32,32,7.9
14,2024-05-27 07:00,19,Good,3,4.3,1,6.8,0.25,20,3.1
13,2024-05-27 07:00,30,Good,11,8.1,0.2,6.9,0.29,23,4.7
12,2024-05-27 07:00,32,Good,10,11.8,0.3,4.3,0.45,22,9.9
11,2024-05-27 07:00,39,Good,16,8.2,0.7,5.9,0.33,21,4.1
10,2024-05-27 07:00,40,Good,9,8.7,0.1,5.8,0.31,24,3.3
9,2024-05-27 07:00,42,Good,7,7.4,0.4,10.6,0.23,17,5.8
8,2024-05-27 07:00,24,Good,10,8,0.5,7.9,0.35,21,3.3
7,2024-05-27 07:00,44,Good,9,6.5,0.1,5.4,0.27,22,5.1
6,2024-05-27 07:00,23,Good,6,7.1,0.2,3.4,0.35,23,6.6
5,2024-05-27 07:00,44,Good,17,11.7,0.2,2.6,0.42,32,13.9
4,2024-05-27 07:00,27,Good,9,6.4,0.5,5.9,0.25,22,4.7
3,2024-05-27 07:00,17,Good,2,2,1,9.9,0.18,17,2.1
2,2024-05-27 07:00,32,Good,10,14.4,0.3,5,0.37,30,13.1
1,2024-05-27 07:00,24,Good,6,8.9,0.8,3.5,0.39,25,16
313,2024-05-27 06:00,8,Good,0,4.8,0.1,4.8,0.08,9,2.1
312,2024-05-27 06:00,55,Moderate,17,11.3,0.3,5.1,0.3,36,5.2
311,2024-05-27 06:00,44,Good,12,3.8,0,4.8,0.21,31,1.9
204,2024-05-27 06:00,16,Good,4,7.2,0.8,2.3,0.12,17,1.4
203,2024-05-27 06:00,23,Good,1,7.7,1.6,1.6,0.14,23,3
202,2024-05-27 06:00,26,Good,9,9.6,1.1,1.7,0.17,19,5.3
201,2024-05-27 06:00,70,Moderate,14,9.8,1.6,8.2,0.25,28,1.1
85,2024-05-27 06:00,58,Moderate,24,11.1,0.8,4.4,0.26,37,3.4
84,2024-05-27 06:00,31,Good,5,1.3,0.3,20.9,0.12,23,0.1
83,2024-05-27 06:00,62,Moderate,18,8.4,1.8,5.3,0.28,31,1.5
80,2024-05-27 06:00,20,Good,2,2.4,0.8,4.2,0.09,18,0.8
78,2024-05-27 06:00,16,Good,0,3.5,0.9,20.1,0.13,6,0.4
77,2024-05-27 06:00,12,Good,5,7.3,0.7,14.5,0.14,7,0.9
75,2024-05-27 06:00,35,Good,10,4.2,0.9,24.6,0.12,17,0.3
72,2024-05-27 06:00,71,Moderate,17,3.9,0.9,3,0.24,39,2.1
71,2024-05-27 06:00,14,Good,0,6.8,0.9,7,0.18,16,2.1
70,2024-05-27 06:00,28,Good,8,5.1,0.8,6.1,0.29,19,2.9
69,2024-05-27 06:00,51,Moderate,11,6.1,1.1,3.9,0.16,34,1.6
68,2024-05-27 06:00,55,Moderate,18,12.6,0.7,4.9,0.67,36,15.3
67,2024-05-27 06:00,33,Good,9,8.7,0.9,3.8,0.36,19,13.9
66,2024-05-27 06:00,25,Good,3,4.8,0.2,1.3,0.17,31,4.3
65,2024-05-27 06:00,22,Good,9,3.8,2.3,3.7,0.17,17,1
64,2024-05-27 06:00,22,Good,4,2.2,0.8,19.5,0.15,8,0.6
63,2024-05-27 06:00,28,Good,6,3.1,0.4,3,0.13,10,1.1
62,2024-05-27 06:00,17,Good,1,2.8,0.2,5.3,0.1,19,0.8
61,2024-05-27 06:00,12,Good,5,1.9,,13.3,0.1,11,0.7
60,2024-05-27 06:00,26,Good,3,4.4,0.5,1.4,0.13,22,8.5
59,2024-05-27 06:00,18,Good,4,4.2,0.1,5.6,0.11,11,0.8
58,2024-05-27 06:00,28,Good,6,8.3,0.2,2.4,0.16,11,2.2
57,2024-05-27 06:00,19,Good,3,7.3,1.5,6.9,0.15,13,0.8
56,2024-05-27 06:00,18,Good,5,7.7,0.3,5.5,0.21,15,0.7
54,2024-05-27 06:00,27,Good,5,5.2,1,9.3,0.15,10,0.8
53,2024-05-27 06:00,18,Good,2,11.8,0.8,2.4,0.15,14,4.3
52,2024-05-27 06:00,25,Good,7,5.7,0.7,2.1,0.14,27,1
51,2024-05-27 06:00,19,Good,5,7.5,2.2,1.6,0.12,19,3.4
50,2024-05-27 06:00,18,Good,2,4.8,1.3,7.3,0.17,18,1.1
49,2024-05-27 06:00,32,Good,15,8.3,3.1,9.8,0.15,26,0.3
48,2024-05-27 06:00,23,Good,5,7,0.7,6,0.11,10,1.3
47,2024-05-27 06:00,13,Good,1,4.3,1.1,5.6,0.15,15,1.4
46,2024-05-27 06:00,42,Good,13,7.4,1.3,8.5,0.11,14,1
45,2024-05-27 06:00,36,Good,7,6.2,0,5.9,0.17,16,1.2
44,2024-05-27 06:00,24,Good,6,4.2,0.9,4.2,0.09,10,1.5
43,2024-05-27 06:00,29,Good,2,3.9,0.4,6,0.13,22,1.9
42,2024-05-27 06:00,27,Good,8,5.6,1.3,5.3,0.15,26,0.9
41,2024-05-27 06:00,57,Moderate,15,13.1,1.2,3.9,0.29,33,1
40,2024-05-27 06:00,49,Good,8,14.6,1,5,0.2,28,6.9
39,2024-05-27 06:00,51,Moderate,8,7.1,0.5,10.6,0.23,28,2.3
38,2024-05-27 06:00,63,Moderate,15,8,1.1,2,0.27,29,3.2
37,2024-05-27 06:00,43,Good,9,6.3,1,9.2,0.13,20,1.1
36,2024-05-27 06:00,53,Moderate,10,5.2,0.3,3.4,0.17,34,1.4
35,2024-05-27 06:00,62,Moderate,14,7.5,0.2,3.5,0.21,43,2
34,2024-05-27 06:00,57,Moderate,24,12.1,0.9,3.9,0.34,45,1.7
33,2024-05-27 06:00,51,Moderate,11,6.5,2,9.9,0.18,14,1.6
32,2024-05-27 06:00,65,Moderate,17,8,1,4.3,0.23,40,1.6
31,2024-05-27 06:00,58,Moderate,21,5.8,0.6,9.3,0.29,25,1.4
30,2024-05-27 06:00,69,Moderate,23,9.8,1,4.4,0.32,32,2.5
29,2024-05-27 06:00,65,Moderate,17,6.9,0.4,12.4,0.23,25,0.8
28,2024-05-27 06:00,54,Moderate,11,3.8,1.2,22.2,0.18,15,0.8
27,2024-05-27 06:00,48,Good,8,1.9,0.7,19.4,0.15,14,1.1
26,2024-05-27 06:00,56,Moderate,13,6.7,0.7,3.8,0.19,26,2.3
25,2024-05-27 06:00,54,Moderate,21,5.1,0.8,5.2,0.22,36,1.7
24,2024-05-27 06:00,48,Good,16,10.5,0,3.6,0.27,30,2.2
23,2024-05-27 06:00,48,Good,12,4.4,0.8,4.2,0.2,25,1.3
22,2024-05-27 06:00,67,Moderate,23,10.3,0.7,8,0.25,30,1.9
21,2024-05-27 06:00,52,Moderate,11,8.7,0.6,3.5,0.24,26,3.4
20,2024-05-27 06:00,49,Good,11,7.8,0.4,7.1,0.28,27,1.4
19,2024-05-27 06:00,69,Moderate,22,16,0.9,3.9,0.38,43,2.7
18,2024-05-27 06:00,55,Moderate,7,11.5,1,7,0.3,26,3.2
17,2024-05-27 06:00,54,Moderate,14,14.9,2.4,3.6,0.46,29,3.2
16,2024-05-27 06:00,40,Good,10,9.8,0.5,3.3,0.44,20,18.4
15,2024-05-27 06:00,38,Good,14,8.9,0.4,3.5,0.3,27,3.7
14,2024-05-27 06:00,19,Good,4,3.6,0.9,5,0.18,21,1.4
13,2024-05-27 06:00,30,Good,8,6.2,0.3,6.7,0.23,19,1.8
12,2024-05-27 06:00,34,Good,12,12.3,0.3,3.2,0.36,20,5.3
11,2024-05-27 06:00,36,Good,5,7.1,0.6,3.5,0.25,21,2.1
10,2024-05-27 06:00,42,Good,10,14.5,0,7.4,0.44,26,4
9,2024-05-27 06:00,46,Good,10,9.7,0.7,14.7,0.27,16,4.3
8,2024-05-27 06:00,24,Good,5,6.3,0.5,5.9,0.27,21,1.1
7,2024-05-27 06:00,45,Good,13,11.4,0.2,1.9,0.37,24,9.1
6,2024-05-27 06:00,24,Good,6,6.7,0.3,3.6,0.25,21,2.3
5,2024-05-27 06:00,41,Good,14,8.1,0.2,3.6,0.28,26,5.1
4,2024-05-27 06:00,27,Good,9,3.5,0.4,7.9,0.18,23,1.3
3,2024-05-27 06:00,17,Good,5,1.7,0.8,8.4,0.16,19,1
2,2024-05-27 06:00,32,Good,11,8.9,0.3,1.8,0.3,27,12.2
1,2024-05-27 06:00,22,Good,4,6.3,0.9,1.4,0.29,28,6.9
313,2024-05-27 05:00,9,Good,0,4.6,0,5.1,0.07,10,1
312,2024-05-27 05:00,56,Moderate,16,7.9,0.5,7.4,0.22,24,1.2
311,2024-05-27 05:00,44,Good,15,3.4,0,4.8,0.2,40,0.6
204,2024-05-27 05:00,19,Good,6,8.3,0.9,0.7,0.12,17,1.3
203,2024-05-27 05:00,24,Good,3,5.9,0.6,1.4,0.14,23,1.3
202,2024-05-27 05:00,23,Good,8,10.1,1.1,1.6,0.17,15,3.2
201,2024-05-27 05:00,75,Moderate,28,10.5,1.5,2.7,0.32,39,1.3
85,2024-05-27 05:00,53,Moderate,21,9.7,0.7,2.9,0.26,31,2.1
84,2024-05-27 05:00,33,Good,4,0.6,0.4,24.7,0.11,22,0
83,2024-05-27 05:00,63,Moderate,24,9.8,1.7,2.9,0.32,37,2.8
80,2024-05-27 05:00,21,Good,1,2.4,0.9,4.5,0.08,25,0.7
78,2024-05-27 05:00,22,Good,0,3.7,1,17.7,0.09,7,0.5
77,2024-05-27 05:00,18,Good,3,11.1,1.4,2.9,0.17,12,1.3
75,2024-05-27 05:00,35,Good,12,4.6,0.8,23.9,0.13,20,0.5
72,2024-05-27 05:00,73,Moderate,23,3.6,1.1,3.1,0.23,38,1.6
71,2024-05-27 05:00,17,Good,3,7.1,0.3,4.9,0.15,12,1.6
70,2024-05-27 05:00,30,Good,6,5.6,0.6,2.7,0.21,20,1.2
69,2024-05-27 05:00,55,Moderate,12,4.8,1.1,4.6,0.1,25,0.9
68,2024-05-27 05:00,56,Moderate,10,6.6,0.6,8.6,0.35,24,3.2
67,2024-05-27 05:00,35,Good,10,10,1.1,3,0.34,18,27.8
66,2024-05-27 05:00,23,Good,5,4.1,0.1,1.5,0.2,28,2
65,2024-05-27 05:00,20,Good,6,3.3,1.2,4.5,0.15,17,0.5
64,2024-05-27 05:00,23,Good,6,3.2,1.2,28,0.17,17,0.8
63,2024-05-27 05:00,29,Good,7,2.3,0.5,2.7,0.13,19,0.8
62,2024-05-27 05:00,16,Good,1,2.7,0.3,4.7,0.08,17,1
61,2024-05-27 05:00,13,Good,4,2.1,,11.1,0.1,11,0.9
60,2024-05-27 05:00,26,Good,5,5.1,0.5,0,0.13,26,6.4
59,2024-05-27 05:00,19,Good,5,3.5,0.1,6.2,0.09,16,0.7
58,2024-05-27 05:00,31,Good,6,7.2,0.1,3,0.12,12,1.3
57,2024-05-27 05:00,21,Good,3,8.1,1.1,4.2,0.14,14,1
56,2024-05-27 05:00,18,Good,3,8.9,0.6,3.3,0.25,16,0.5
54,2024-05-27 05:00,29,Good,9,7.6,1,4.8,0.16,9,0.9
53,2024-05-27 05:00,20,Good,4,9.6,1,1.7,0.14,18,3
52,2024-05-27 05:00,25,Good,8,6.6,0.5,1.2,0.14,21,0.6
51,2024-05-27 05:00,22,Good,3,7.5,4.5,1.5,0.12,20,3.2
50,2024-05-27 05:00,19,Good,3,4.7,1.2,6.7,0.15,16,1
49,2024-05-27 05:00,29,Good,11,7.9,2.6,3.6,0.14,22,0.2
48,2024-05-27 05:00,24,Good,7,7.1,1.8,2.2,0.1,15,2
47,2024-05-27 05:00,13,Good,2,3.6,1,4,0.12,11,0.6
46,2024-05-27 05:00,40,Good,14,7.3,0.8,7.6,0.12,14,0.8
45,2024-05-27 05:00,38,Good,7,7.1,0.2,3.9,0.16,18,1.5
44,2024-05-27 05:00,25,Good,6,3.7,0.6,7,0.08,18,1.1
43,2024-05-27 05:00,31,Good,4,3.6,0.5,4.6,0.13,22,1.7
42,2024-05-27 05:00,28,Good,6,4.9,1.3,9.1,0.13,18,0.7
41,2024-05-27 05:00,57,Moderate,17,13.2,1,1.9,0.3,34,1.2
40,2024-05-27 05:00,55,Moderate,12,14.5,1.4,0,0.23,29,5.4
39,2024-05-27 05:00,58,Moderate,10,8.4,0.7,0,0.2,27,1.7
38,2024-05-27 05:00,63,Moderate,18,8.7,1.3,0.4,0.33,31,2.9
37,2024-05-27 05:00,48,Good,8,6.9,0.9,9.4,0.15,24,1
36,2024-05-27 05:00,60,Moderate,10,5.3,0.4,4.1,0.17,34,1.2
35,2024-05-27 05:00,65,Moderate,22,7.9,0.2,2.2,0.25,41,2.2
34,2024-05-27 05:00,54,Moderate,25,14.3,1,1.8,0.34,39,1.1
33,2024-05-27 05:00,56,Moderate,16,9.1,2.1,6.1,0.23,25,1.5
32,2024-05-27 05:00,67,Moderate,22,7.4,1,8.3,0.25,42,0.6
31,2024-05-27 05:00,56,Moderate,18,6.8,0.9,9.9,0.3,31,1.4
30,2024-05-27 05:00,69,Moderate,24,6,1,7.7,0.26,29,0.7
29,2024-05-27 05:00,65,Moderate,21,6.5,0.4,15.3,0.24,32,0.5
28,2024-05-27 05:00,58,Moderate,14,4.9,1.2,14.3,0.22,19,0.9
27,2024-05-27 05:00,56,Moderate,9,2.6,0.7,14.8,0.17,20,0.9
26,2024-05-27 05:00,59,Moderate,19,5.2,0.7,6.1,0.2,23,1.9
25,2024-05-27 05:00,53,Moderate,18,4.6,0.8,6.3,0.21,26,1.3
24,2024-05-27 05:00,47,Good,16,9.2,0.1,4.4,0.28,27,1.3
23,2024-05-27 05:00,52,Moderate,14,3.6,1.2,6.4,0.18,25,0.6
22,2024-05-27 05:00,65,Moderate,25,9.9,0.8,11,0.23,27,1.4
21,2024-05-27 05:00,54,Moderate,11,6.9,0.7,9.7,0.2,23,1
20,2024-05-27 05:00,52,Moderate,14,6.7,0,11.6,0.23,22,0.8
19,2024-05-27 05:00,69,Moderate,25,13,0.3,3.6,0.32,31,0.9
18,2024-05-27 05:00,62,Moderate,16,20.4,0.6,1.5,0.39,38,3.9
17,2024-05-27 05:00,54,Moderate,21,16.6,5.9,2.2,0.5,35,2
16,2024-05-27 05:00,41,Good,8,6.7,0.4,5.5,0.33,23,3.7
15,2024-05-27 05:00,38,Good,12,10,0.5,3.4,0.36,23,1.8
14,2024-05-27 05:00,20,Good,7,4.2,0.8,4.6,0.16,16,1.1
13,2024-05-27 05:00,31,Good,5,5.9,0.2,5.8,0.22,21,1.2
12,2024-05-27 05:00,35,Good,6,8.7,0.2,6.4,0.27,20,0.9
11,2024-05-27 05:00,41,Good,6,7.7,0.7,2.6,0.25,15,0.9
10,2024-05-27 05:00,44,Good,13,16.6,0.1,0.7,0.5,24,2.6
9,2024-05-27 05:00,51,Moderate,14,12.2,0.7,7.8,0.39,22,11
8,2024-05-27 05:00,27,Good,4,6.6,0.5,4.5,0.23,21,0.5
7,2024-05-27 05:00,46,Good,15,15.2,0.4,0,0.52,21,7
6,2024-05-27 05:00,25,Good,8,9.7,0.3,2.2,0.29,19,1.7
5,2024-05-27 05:00,41,Good,10,8.6,0.2,1.3,0.27,32,4.4
4,2024-05-27 05:00,26,Good,6,3.3,0.4,7.1,0.17,26,1.2
3,2024-05-27 05:00,17,Good,6,1.5,0.7,8.3,0.16,19,0.8
2,2024-05-27 05:00,32,Good,9,9.1,0.2,0.7,0.26,34,8.8
1,2024-05-27 05:00,23,Good,8,7.1,0.8,2.2,0.28,22,0.9
313,2024-05-27 04:00,9,Good,0,3.8,0.2,6.3,0.06,9,0.8
312,2024-05-27 04:00,60,Moderate,17,9,0.6,7.3,0.23,28,0.8
311,2024-05-27 04:00,44,Good,14,3.7,0,5.1,0.2,27,0.6
204,2024-05-27 04:00,24,Good,2,2.6,0.8,8.7,0.06,8,0.6
203,2024-05-27 04:00,27,Good,2,5.3,0.2,0.8,0.13,19,1.5
202,2024-05-27 04:00,21,Good,8,8,1.3,3.5,0.22,11,1.9
201,2024-05-27 04:00,74,Moderate,24,9.2,1.6,6.6,0.29,33,1
85,2024-05-27 04:00,50,Good,23,8.3,0.8,5.3,0.21,33,1.6
84,2024-05-27 04:00,36,Good,7,0.6,0.4,30.2,0.11,14,0
83,2024-05-27 04:00,60,Moderate,24,8.9,1.5,3.4,0.32,38,0.9
80,2024-05-27 04:00,19,Good,2,2.1,0.8,5.5,0.08,19,0.4
78,2024-05-27 04:00,27,Good,3,5.4,1,15.5,0.12,8,0.3
77,2024-05-27 04:00,17,Good,0,10.1,1,4.6,0.2,9,0.9
75,2024-05-27 04:00,32,Good,13,6.2,0.8,25.8,0.13,25,0.4
72,2024-05-27 04:00,74,Moderate,22,5.1,1,2.7,0.25,44,1.5
71,2024-05-27 04:00,20,Good,4,8.7,0.2,3.2,0.19,15,1.5
70,2024-05-27 04:00,33,Good,9,6.6,0.6,2.5,0.27,20,1.5
69,2024-05-27 04:00,60,Moderate,8,4.6,1,6.8,0.11,27,0.8
68,2024-05-27 04:00,60,Moderate,16,8.1,0,11.4,0.4,33,3.2
67,2024-05-27 04:00,34,Good,8,8.7,1,4.9,0.33,23,5.8
66,2024-05-27 04:00,22,Good,5,4.2,0.2,1.4,0.16,29,2.4
65,2024-05-27 04:00,18,Good,10,3.4,3.4,4.5,0.16,16,0.5
64,2024-05-27 04:00,23,Good,5,1.5,0.6,29.1,0.17,11,0.8
63,2024-05-27 04:00,29,Good,8,2,0.4,1.9,0.13,15,0.7
62,2024-05-27 04:00,17,Good,0,2.6,0.3,5.3,0.07,19,0.8
61,2024-05-27 04:00,13,Good,2,1.6,0,11.6,0.09,9,0.7
60,2024-05-27 04:00,29,Good,6,5.7,0.7,0.1,0.13,34,5.3
59,2024-05-27 04:00,20,Good,5,4.6,0.2,4.8,0.1,18,0.9
58,2024-05-27 04:00,34,Good,6,8.2,0.2,2.8,0.13,16,1.2
57,2024-05-27 04:00,23,Good,4,8.8,1,3.4,0.17,15,1
56,2024-05-27 04:00,19,Good,4,9.5,0.2,3.3,0.25,14,0.9
54,2024-05-27 04:00,28,Good,9,8.5,0.9,3.2,0.21,12,1
53,2024-05-27 04:00,20,Good,8,9.3,0.8,1.8,0.18,21,1.2
52,2024-05-27 04:00,27,Good,11,7.4,0.5,1.2,0.16,44,1
51,2024-05-27 04:00,25,Good,6,8,3.7,0.3,0.16,19,3
50,2024-05-27 04:00,22,Good,4,6.3,1.1,3.6,0.16,13,1
49,2024-05-27 04:00,27,Good,8,6.8,1.6,5.9,0.14,21,0.1
48,2024-05-27 04:00,23,Good,9,7.3,1.3,2.6,0.12,19,1.1
47,2024-05-27 04:00,13,Good,1,3.1,1.1,6.1,0.11,11,0.5
46,2024-05-27 04:00,37,Good,12,8.2,0.7,7.4,0.13,14,0.7
45,2024-05-27 04:00,37,Good,8,9.1,0.5,3.1,0.18,17,1
44,2024-05-27 04:00,26,Good,5,4.5,0.7,2.6,0.09,17,1.4
43,2024-05-27 04:00,32,Good,5,6.3,0.3,0.7,0.2,27,3.2
42,2024-05-27 04:00,31,Good,4,4.5,1.1,8.3,0.12,21,0.8
41,2024-05-27 04:00,55,Moderate,21,13.1,1,1.1,0.32,36,1.4
40,2024-05-27 04:00,59,Moderate,14,13.4,1.2,0,0.25,32,2.9
39,2024-05-27 04:00,64,Moderate,10,9.6,0.8,3,0.2,36,2.4
38,2024-05-27 04:00,63,Moderate,26,9,1,0.2,0.35,38,3
37,2024-05-27 04:00,55,Moderate,6,6.6,1,9,0.14,21,1.1
36,2024-05-27 04:00,66,Moderate,12,7,0.3,2.8,0.17,36,1.1
35,2024-05-27 04:00,65,Moderate,20,8.1,0.4,3,0.28,45,1.7
34,2024-05-27 04:00,47,Good,20,13.7,0.9,2.5,0.32,27,0.4
33,2024-05-27 04:00,55,Moderate,20,9.7,2.8,8.5,0.26,30,1.4
32,2024-05-27 04:00,65,Moderate,24,8.2,1,9.1,0.29,37,0.9
31,2024-05-27 04:00,54,Moderate,24,8.6,0.8,11.1,0.33,32,1.4
30,2024-05-27 04:00,69,Moderate,27,5.4,1.1,10.5,0.24,22,0.4
29,2024-05-27 04:00,65,Moderate,26,8.3,0.5,15.3,0.27,45,0.5
28,2024-05-27 04:00,62,Moderate,13,4.6,1.1,14.3,0.19,24,0.7
27,2024-05-27 04:00,64,Moderate,9,2.8,0.9,15,0.19,18,1.2
26,2024-05-27 04:00,57,Moderate,15,5.2,0.8,5.7,0.21,28,1.7
25,2024-05-27 04:00,53,Moderate,15,3.8,0.7,7.2,0.21,25,1.3
24,2024-05-27 04:00,46,Good,17,10,0,11.4,0.25,26,1.4
23,2024-05-27 04:00,55,Moderate,16,3.1,1,5.6,0.18,27,0.8
22,2024-05-27 04:00,62,Moderate,17,7.1,0.8,14.4,0.22,24,1
21,2024-05-27 04:00,55,Moderate,15,7.8,0.9,13.1,0.23,25,1
20,2024-05-27 04:00,53,Moderate,13,9.9,0,12.9,0.3,25,0.6
19,2024-05-27 04:00,68,Moderate,27,10.5,0.4,8.5,0.3,32,0.8
18,2024-05-27 04:00,63,Moderate,23,20.6,0.7,2.7,0.46,35,3.4
17,2024-05-27 04:00,51,Moderate,19,22.2,3.4,1.6,0.49,26,2.8
16,2024-05-27 04:00,43,Good,6,9.3,0.5,4.7,0.37,21,3.2
15,2024-05-27 04:00,40,Good,8,11.5,0.3,3.1,0.36,23,2.3
14,2024-05-27 04:00,20,Good,5,6.2,1,4.1,0.2,18,1
13,2024-05-27 04:00,33,Good,8,6.7,0.3,5.7,0.23,19,1.4
12,2024-05-27 04:00,38,Good,9,8.7,0.3,6,0.26,23,0.8
11,2024-05-27 04:00,41,Good,16,11.3,0.6,1.8,0.31,24,0.9
10,2024-05-27 04:00,44,Good,12,17.9,0.1,1.1,0.54,26,2
9,2024-05-27 04:00,53,Moderate,12,16.4,1.1,11.7,0.4,25,4.9
8,2024-05-27 04:00,30,Good,7,9.1,0.6,4.3,0.28,25,0.6
7,2024-05-27 04:00,44,Good,18,16.1,0.5,1,0.5,21,3.9
6,2024-05-27 04:00,25,Good,7,12.9,0.3,3.1,0.37,23,1.5
5,2024-05-27 04:00,44,Good,15,8.4,0.3,3.3,0.27,35,2
4,2024-05-27 04:00,28,Good,8,2.7,0.4,7.3,0.16,17,1
3,2024-05-27 04:00,17,Good,3,1.8,0.8,8.4,0.16,18,0.9
2,2024-05-27 04:00,32,Good,9,10,0.4,0.6,0.28,23,10.3
1,2024-05-27 04:00,23,Good,7,8.7,0.8,2.9,0.29,24,0.9
313,2024-05-27 03:00,10,Good,0,3.1,0.2,8.4,0.06,9,0.6
312,2024-05-27 03:00,59,Moderate,23,8.1,0.6,6.4,0.23,35,1.1
311,2024-05-27 03:00,44,Good,16,4.1,0,6.2,0.2,33,0.5
204,2024-05-27 03:00,30,Good,5,1.4,0.9,13.3,0.03,8,0.6
203,2024-05-27 03:00,31,Good,2,6,0.2,0.5,0.15,23,1.6
202,2024-05-27 03:00,21,Good,10,8.5,1.4,2.2,0.22,15,2.6
201,2024-05-27 03:00,73,Moderate,29,11.6,1.6,4.8,0.35,41,1
85,2024-05-27 03:00,44,Good,16,7.1,0.8,6.2,0.17,26,1
84,2024-05-27 03:00,36,Good,6,1.1,0.6,34,0.14,13,0
83,2024-05-27 03:00,55,Moderate,24,7.1,1.4,8.1,0.28,35,0.4
80,2024-05-27 03:00,19,Good,3,2.6,0.7,4.1,0.08,27,0.4
78,2024-05-27 03:00,30,Good,8,7.2,1.1,15.4,0.19,19,0.4
77,2024-05-27 03:00,20,Good,2,12.2,1.1,3.5,0.2,6,1.3
75,2024-05-27 03:00,29,Good,15,6.7,1,28.7,0.13,23,0.3
72,2024-05-27 03:00,74,Moderate,25,5.7,1,3.3,0.29,42,1.5
71,2024-05-27 03:00,23,Good,3,7.9,0.3,4.9,0.2,12,1.2
70,2024-05-27 03:00,33,Good,8,5.2,0.7,5.1,0.23,23,0.8
69,2024-05-27 03:00,67,Moderate,12,4.5,1,7.8,0.12,28,0.9
68,2024-05-27 03:00,60,Moderate,20,12.1,0.1,9.3,0.55,30,3.7
67,2024-05-27 03:00,38,Good,9,18,1.2,4.4,0.45,19,3.2
66,2024-05-27 03:00,21,Good,6,3.4,0.2,2.9,0.16,23,0.5
65,2024-05-27 03:00,16,Good,5,3.3,0.7,5.2,0.15,13,0.5
64,2024-05-27 03:00,23,Good,3,1.2,0.6,32.2,0.16,9,0.7
63,2024-05-27 03:00,29,Good,11,2.2,0.4,4.9,0.13,16,0.8
62,2024-05-27 03:00,16,Good,0,2.9,0.3,4.3,0.09,20,1.1
61,2024-05-27 03:00,14,Good,1,1,0,13.1,0.09,8,0.8
60,2024-05-27 03:00,32,Good,7,5.3,0.6,0,0.15,23,3.9
59,2024-05-27 03:00,20,Good,3,6.9,0.1,2.1,0.13,22,1.2
58,2024-05-27 03:00,38,Good,11,9.8,0.4,2.9,0.17,20,1.1
57,2024-05-27 03:00,26,Good,6,8.8,1.2,4,0.19,17,1.1
56,2024-05-27 03:00,21,Good,7,9.6,0.3,4.9,0.25,18,0.5
54,2024-05-27 03:00,30,Good,9,7.7,1,6.5,0.19,16,0.7
53,2024-05-27 03:00,19,Good,7,9.8,0.6,4.2,0.17,21,1.5
52,2024-05-27 03:00,25,Good,6,7.1,0.4,2,0.17,21,0.8
51,2024-05-27 03:00,25,Good,8,8.7,1,0.7,0.18,18,2.2
50,2024-05-27 03:00,26,Good,4,6.5,1.3,4.5,0.15,18,1
49,2024-05-27 03:00,26,Good,10,6.8,1.5,7.7,0.15,16,0
48,2024-05-27 03:00,22,Good,11,8.6,1.9,1.4,0.15,20,1.8
47,2024-05-27 03:00,15,Good,0,3.3,1.2,5.6,0.12,13,0.4
46,2024-05-27 03:00,35,Good,8,11,0.7,4.3,0.17,22,1.5
45,2024-05-27 03:00,39,Good,9,6.9,0.1,3.3,0.18,23,1
44,2024-05-27 03:00,29,Good,3,3.9,0.7,2.5,0.09,19,1.2
43,2024-05-27 03:00,37,Good,8,6.7,0.2,1.5,0.24,35,2.6
42,2024-05-27 03:00,36,Good,5,3.9,1,7.6,0.1,29,0.9
41,2024-05-27 03:00,51,Moderate,22,13.1,1,4.6,0.26,40,0.9
40,2024-05-27 03:00,64,Moderate,13,10.4,1.1,0,0.24,28,2.3
39,2024-05-27 03:00,70,Moderate,17,10,0.7,0.2,0.3,34,6
38,2024-05-27 03:00,60,Moderate,24,8.2,1,1,0.3,38,2.4
37,2024-05-27 03:00,63,Moderate,5,5.9,0.9,9.6,0.16,21,1
36,2024-05-27 03:00,72,Moderate,17,9,0.3,1,0.23,35,2.2
35,2024-05-27 03:00,64,Moderate,24,9.8,0.3,2.5,0.31,51,2.9
34,2024-05-27 03:00,46,Good,14,14.5,0.8,4.8,0.3,30,0.5
33,2024-05-27 03:00,52,Moderate,22,8.6,0.8,7.4,0.25,25,1.2
32,2024-05-27 03:00,63,Moderate,30,11.6,1.2,8,0.32,39,1.1
31,2024-05-27 03:00,52,Moderate,18,6.2,0.8,14.8,0.33,30,0.9
30,2024-05-27 03:00,68,Moderate,26,8.9,1.3,7.2,0.34,34,0.6
29,2024-05-27 03:00,62,Moderate,26,15.5,0.6,8.4,0.33,36,1.3
28,2024-05-27 03:00,67,Moderate,15,5,1.2,12.1,0.21,20,0.8
27,2024-05-27 03:00,72,Moderate,18,5.3,0.8,15.6,0.26,28,1
26,2024-05-27 03:00,60,Moderate,23,4.2,0.8,8.2,0.19,30,1.8
25,2024-05-27 03:00,52,Moderate,17,3.7,0.6,8.2,0.21,29,1.3
24,2024-05-27 03:00,44,Good,16,18.2,0,4.6,0.32,24,1.5
23,2024-05-27 03:00,55,Moderate,11,2.9,0.6,6.3,0.19,23,0.6
22,2024-05-27 03:00,63,Moderate,26,7.8,0.7,17.3,0.24,25,1.1
21,2024-05-27 03:00,56,Moderate,18,8.1,0.9,16.4,0.24,28,0.9
20,2024-05-27 03:00,55,Moderate,20,14.1,0.2,11.4,0.35,22,0.8
19,2024-05-27 03:00,65,Moderate,24,9.7,0.5,10.9,0.28,30,0.9
18,2024-05-27 03:00,63,Moderate,21,12.9,0.7,12.2,0.38,44,1.5
17,2024-05-27 03:00,49,Good,16,17.8,1.8,4,0.48,26,1.5
16,2024-05-27 03:00,48,Good,16,14.6,0.6,3.5,0.58,23,5.7
15,2024-05-27 03:00,43,Good,10,10,0,5.8,0.29,23,1.6
14,2024-05-27 03:00,21,Good,4,6.1,0.8,3.9,0.22,22,1
13,2024-05-27 03:00,35,Good,11,10.4,0.1,5.4,0.29,28,1.7
12,2024-05-27 03:00,39,Good,13,12.6,0.4,5.2,0.31,23,0.9
11,2024-05-27 03:00,41,Good,10,11.6,0.7,3.1,0.32,18,0.8
10,2024-05-27 03:00,45,Good,14,17.9,0.2,2.5,0.53,29,1.6
9,2024-05-27 03:00,54,Moderate,14,18.8,1.4,8.9,0.44,17,7.9
8,2024-05-27 03:00,31,Good,9,17.3,1,4.1,0.43,21,0.8
7,2024-05-27 03:00,42,Good,13,15.1,0.7,1.4,0.41,22,1.9
6,2024-05-27 03:00,26,Good,8,10.8,0.4,6.4,0.35,24,1.2
5,2024-05-27 03:00,43,Good,12,9.6,0.1,1.3,0.33,29,1.6
4,2024-05-27 03:00,31,Good,7,3.3,0.4,5.8,0.17,24,1.1
3,2024-05-27 03:00,21,Good,2,1.4,0.6,9.2,0.15,16,0.8
2,2024-05-27 03:00,33,Good,10,9.4,0.3,0.5,0.28,32,7.5
1,2024-05-27 03:00,26,Good,5,10.2,1.1,2.7,0.31,12,0.7
313,2024-05-27 02:00,11,Good,0,3.1,0.2,9.4,0.07,6,0.7
312,2024-05-27 02:00,57,Moderate,21,10.9,0.9,5.7,0.25,38,1.2
311,2024-05-27 02:00,42,Good,9,4,0,7.1,0.2,27,0.4
204,2024-05-27 02:00,34,Good,8,1.4,0.9,13.9,0.04,7,0.8
203,2024-05-27 02:00,36,Good,3,5.6,0.3,1.1,0.13,21,1
202,2024-05-27 02:00,20,Good,4,7,0.8,1.6,0.19,14,3.3
201,2024-05-27 02:00,70,Moderate,27,15.3,1.7,2.9,0.39,36,1.1
85,2024-05-27 02:00,42,Good,13,7.4,0.9,6.4,0.17,25,1.1
84,2024-05-27 02:00,38,Good,7,1.2,0.4,49.3,0.17,15,0.1
83,2024-05-27 02:00,49,Good,22,9,1.5,7.2,0.29,34,1.1
80,2024-05-27 02:00,20,Good,6,2.1,0.9,6,0.08,21,0.4
78,2024-05-27 02:00,31,Good,15,7.5,1.2,17.8,0.26,21,0.4
77,2024-05-27 02:00,22,Good,4,13,1.1,5,0.16,5,1.3
75,2024-05-27 02:00,29,Good,10,5.3,0.8,30.9,0.14,16,0.1
72,2024-05-27 02:00,75,Moderate,23,6.9,1,4.2,0.31,44,1.3
71,2024-05-27 02:00,27,Good,8,7.8,0.9,8.1,0.19,14,1.6
70,2024-05-27 02:00,35,Good,11,8.2,0.9,6,0.27,23,0.7
69,2024-05-27 02:00,72,Moderate,14,5.4,1,6.5,0.14,29,1.2
68,2024-05-27 02:00,59,Moderate,21,16.2,0.5,9.5,0.7,30,1.9
67,2024-05-27 02:00,40,Good,11,19.5,1.2,3.7,0.59,17,9.2
66,2024-05-27 02:00,21,Good,5,4.1,0,3.9,0.17,26,0.6
65,2024-05-27 02:00,17,Good,6,3.8,2.3,6.7,0.16,16,0.4
64,2024-05-27 02:00,21,Good,3,1.2,0.6,20,0.16,9,0.7
63,2024-05-27 02:00,27,Good,6,2.4,0.4,6.8,0.14,14,0.8
62,2024-05-27 02:00,15,Good,3,3,0.4,4.9,0.09,16,0.6
61,2024-05-27 02:00,14,Good,1,0.8,0.1,13.9,0.09,4,0.6
60,2024-05-27 02:00,34,Good,4,4.9,0.7,1.5,0.1,20,1.3
59,2024-05-27 02:00,20,Good,1,7.3,0.3,3.1,0.13,17,1.1
58,2024-05-27 02:00,40,Good,11,11.8,2.2,3.8,0.17,13,0.8
57,2024-05-27 02:00,29,Good,7,8.8,2,7.1,0.19,17,0.8
56,2024-05-27 02:00,22,Good,5,11.1,1.2,3.7,0.29,21,0.7
54,2024-05-27 02:00,32,Good,8,10,1.1,3.8,0.23,18,1.4
53,2024-05-27 02:00,19,Good,6,11.6,0.9,0,0.24,16,5.1
52,2024-05-27 02:00,26,Good,9,7.2,0.4,3.3,0.17,27,0.7
51,2024-05-27 02:00,26,Good,9,8.1,0.9,1.9,0.16,28,1.4
50,2024-05-27 02:00,30,Good,5,7.7,1.3,5.1,0.18,21,1
49,2024-05-27 02:00,25,Good,10,7.3,0.8,5.9,0.18,20,0.1
48,2024-05-27 02:00,20,Good,6,9.1,1.9,0.9,0.18,18,2
47,2024-05-27 02:00,16,Good,0,4.9,1.1,4,0.12,14,1
46,2024-05-27 02:00,39,Good,9,12.8,0.5,1.7,0.21,14,2
45,2024-05-27 02:00,43,Good,7,6.2,0.2,4.6,0.18,22,0.7
44,2024-05-27 02:00,33,Good,3,4.1,0.7,2.3,0.1,22,1.7
43,2024-05-27 02:00,41,Good,9,6.1,0.4,7.3,0.2,25,1.6
42,2024-05-27 02:00,40,Good,6,5,1,6.3,0.11,25,0.8
41,2024-05-27 02:00,46,Good,17,16.2,0.9,4.3,0.26,37,1.9
40,2024-05-27 02:00,67,Moderate,20,12.9,1,,0.3,38,3.5
39,2024-05-27 02:00,72,Moderate,24,11.1,0.5,1.7,0.43,38,4
38,2024-05-27 02:00,58,Moderate,17,7.7,1,0.8,0.27,29,3.3
37,2024-05-27 02:00,74,Moderate,17,8.2,1,6.5,0.23,31,1.1
36,2024-05-27 02:00,75,Moderate,27,8.4,0.3,3.4,0.29,45,0.9
35,2024-05-27 02:00,63,Moderate,22,11.4,0,2.8,0.25,36,5.2
34,2024-05-27 02:00,46,Good,19,,0.8,6.9,0.32,30,
33,2024-05-27 02:00,48,Good,25,9.2,0.8,10.8,0.26,29,1.4
32,2024-05-27 02:00,58,Moderate,23,13.5,1.5,8.5,0.31,34,1.2
31,2024-05-27 02:00,53,Moderate,16,10.7,1.1,14.3,0.34,28,0.8
30,2024-05-27 02:00,66,Moderate,24,9.8,1.2,8.4,0.34,33,0.8
29,2024-05-27 02:00,60,Moderate,19,16.9,0.5,5,0.38,30,0.9
28,2024-05-27 02:00,72,Moderate,18,6.6,1.2,10.1,0.24,29,1
27,2024-05-27 02:00,74,Moderate,25,6.4,0.8,16.4,0.3,35,1.2
26,2024-05-27 02:00,59,Moderate,24,4.7,0.8,9.6,0.19,30,2.2
25,2024-05-27 02:00,53,Moderate,20,4.6,0.6,8.9,0.21,32,1.4
24,2024-05-27 02:00,41,Good,15,20.4,0.1,6.4,0.33,27,1.8
23,2024-05-27 02:00,58,Moderate,19,3.3,0.8,7.7,0.2,23,0.7
22,2024-05-27 02:00,61,Moderate,20,10.7,0.7,15.8,0.26,19,1.1
21,2024-05-27 02:00,56,Moderate,20,8.5,0.8,20.5,0.25,27,0.5
20,2024-05-27 02:00,50,Good,16,19.1,0.2,8.8,0.41,30,0.5
19,2024-05-27 02:00,64,Moderate,28,9.4,0.5,13,0.27,27,0.5
18,2024-05-27 02:00,63,Moderate,25,11.1,0.7,18.2,0.34,39,1.7
17,2024-05-27 02:00,48,Good,15,17.6,1.2,7.3,0.44,17,0.9
16,2024-05-27 02:00,48,Good,11,17.3,0.6,3.1,0.77,21,6.4
15,2024-05-27 02:00,46,Good,15,9.8,0.1,7.5,0.27,27,1.5
14,2024-05-27 02:00,25,Good,4,6.9,0.9,6.3,0.21,11,1
13,2024-05-27 02:00,35,Good,8,18.5,0.4,2.6,0.46,25,2.5
12,2024-05-27 02:00,39,Good,14,15.3,0.3,2.7,0.39,21,1.1
11,2024-05-27 02:00,43,Good,14,12.3,0.8,4.5,0.34,23,0.8
10,2024-05-27 02:00,45,Good,15,15.1,,8,0.48,25,1.2
9,2024-05-27 02:00,54,Moderate,21,24.2,1.5,5.8,0.54,29,4.5
8,2024-05-27 02:00,32,Good,9,18.4,0.8,2.9,0.5,26,1.3
7,2024-05-27 02:00,41,Good,14,14.5,0.6,1.9,0.42,26,1.9
6,2024-05-27 02:00,27,Good,7,10.5,0.3,7.7,0.34,21,1.1
5,2024-05-27 02:00,44,Good,14,11.2,0.2,3.7,0.35,25,0.9
4,2024-05-27 02:00,33,Good,8,3.9,0.4,6.6,0.17,6,1.1
3,2024-05-27 02:00,23,Good,3,1.2,0.8,8.9,0.14,21,1
2,2024-05-27 02:00,33,Good,10,8.8,0.3,1.7,0.26,26,4.1
1,2024-05-27 02:00,28,Good,6,8.5,1.4,3.8,0.27,23,0.8
313,2024-05-27 01:00,12,Good,2,2.4,0.2,11.8,0.06,1,0.5
312,2024-05-27 01:00,53,Moderate,31,12.5,0.7,6.4,0.31,42,1.4
311,2024-05-27 01:00,44,Good,13,8.6,0.4,5.7,0.27,28,1.2
204,2024-05-27 01:00,35,Good,11,5.1,0.3,9.7,0.11,10,1.1
203,2024-05-27 01:00,45,Good,5,5.5,0,1.1,0.19,24,2.5
202,2024-05-27 01:00,23,Good,3,5.7,0.1,3,0.15,19,2
201,2024-05-27 01:00,69,Moderate,28,14.9,2,3.8,0.39,34,1.8
85,2024-05-27 01:00,43,Good,18,7,1.1,6,0.17,22,1.5
84,2024-05-27 01:00,39,Good,8,1.1,0.6,51,0.17,20,0
83,2024-05-27 01:00,47,Good,18,9.5,1.1,4.9,0.34,29,1.6
80,2024-05-27 01:00,18,Good,11,2.5,0.1,7,0.09,21,0.5
78,2024-05-27 01:00,26,Good,10,8.6,1.2,18.8,0.23,17,0.6
77,2024-05-27 01:00,13,Good,1,7.7,0.4,8.5,0.17,3,0.7
75,2024-05-27 01:00,29,Good,7,4.5,0.4,26.2,0.15,13,0.1
72,2024-05-27 01:00,75,Moderate,28,5.7,1,7.3,0.31,40,0.8
71,2024-05-27 01:00,30,Good,9,16.1,1.9,1.1,0.45,16,9.9
70,2024-05-27 01:00,34,Good,12,15.8,1,3.3,0.52,21,3.9
69,2024-05-27 01:00,78,Moderate,20,5.7,0.8,5.5,0.2,34,0.9
68,2024-05-27 01:00,56,Moderate,23,19.7,2.3,9.3,0.74,33,7.8
67,2024-05-27 01:00,40,Good,9,22.4,0.4,1.4,1.01,22,38.4
66,2024-05-27 01:00,20,Good,9,4.2,0,4.7,0.15,24,0.4
65,2024-05-27 01:00,18,Good,3,3.2,0.4,7.6,0.15,22,0.7
64,2024-05-27 01:00,22,Good,3,1,0.7,24.2,0.15,11,0.6
63,2024-05-27 01:00,29,Good,7,2.2,0.7,13.7,0.12,10,0.2
62,2024-05-27 01:00,15,Good,1,2.8,0,5.3,0.12,19,0.5
61,2024-05-27 01:00,15,Good,3,1,0.5,15.2,0.07,9,0.6
60,2024-05-27 01:00,41,Good,8,5.1,0.8,1.1,0.13,25,3.1
59,2024-05-27 01:00,24,Good,4,6,0.1,6,0.15,22,0.8
58,2024-05-27 01:00,41,Good,11,14.3,1.4,2.1,0.31,27,4.6
57,2024-05-27 01:00,35,Good,7,15.9,2,0.6,0.57,21,13.8
56,2024-05-27 01:00,25,Good,5,13.8,0.5,0.2,0.43,20,4.5
54,2024-05-27 01:00,35,Good,7,14.2,1.7,0,0.54,29,8.3
53,2024-05-27 01:00,22,Good,3,13,2.1,,0.4,21,19.7
52,2024-05-27 01:00,28,Good,8,6.8,0.4,4.3,0.2,28,1.9
51,2024-05-27 01:00,27,Good,5,7.8,0.8,2.6,0.17,16,1.2
50,2024-05-27 01:00,34,Good,8,10.7,1.2,3,0.28,18,1.3
49,2024-05-27 01:00,26,Good,7,13.4,0.6,1.2,0.39,23,6.9
48,2024-05-27 01:00,22,Good,4,7.7,2.4,1.1,0.17,14,2.3
47,2024-05-27 01:00,16,Good,2,4.3,0.3,4.2,0.13,,0.6
46,2024-05-27 01:00,44,Good,7,10,0.3,4.9,0.21,23,1.4
45,2024-05-27 01:00,51,Moderate,6,10.2,0.8,0.6,0.29,26,4.3
44,2024-05-27 01:00,38,Good,5,4.7,0.7,1.4,0.12,23,2.2
43,2024-05-27 01:00,47,Good,3,6.5,0.1,2.4,0.2,31,1.6
42,2024-05-27 01:00,42,Good,7,9.6,1.1,2.3,0.24,24,2.6
41,2024-05-27 01:00,46,Good,15,8.1,1.2,11.2,0.22,30,0.8
40,2024-05-27 01:00,67,Moderate,24,13.7,0.7,,0.4,43,3.4
39,2024-05-27 01:00,73,Moderate,27,11.2,1,4,0.38,54,2.3
38,2024-05-27 01:00,62,Moderate,19,7.7,0.6,1.3,0.27,51,1.7
37,2024-05-27 01:00,78,Moderate,23,11.3,1.4,6.8,0.34,40,1
36,2024-05-27 01:00,76,Moderate,26,6.2,0.5,6.8,0.29,43,0.4
35,2024-05-27 01:00,62,Moderate,22,7.2,0,7.5,0.2,34,0.5
34,2024-05-27 01:00,45,Good,15,10.1,1,14.5,0.24,31,1.5
33,2024-05-27 01:00,43,Good,16,10.2,1,15.1,0.23,28,0.8
32,2024-05-27 01:00,58,Moderate,16,18.4,1,4,0.33,26,3.4
31,2024-05-27 01:00,54,Moderate,11,14,1.6,10.4,0.35,20,1.1
30,2024-05-27 01:00,65,Moderate,24,13.5,1,7.3,0.35,29,0.5
29,2024-05-27 01:00,61,Moderate,23,20.4,1.2,6,0.42,25,1.8
28,2024-05-27 01:00,76,Moderate,23,8.1,1.5,7.6,0.31,29,1.3
27,2024-05-27 01:00,72,Moderate,28,9,1.1,11.1,0.38,41,1.8
26,2024-05-27 01:00,58,Moderate,16,10.3,1,6.1,0.23,22,1.2
25,2024-05-27 01:00,52,Moderate,18,8.4,1,12,0.23,26,1
24,2024-05-27 01:00,38,Good,16,23.5,0.2,5.9,0.4,26,0.4
23,2024-05-27 01:00,57,Moderate,22,5.6,1,9.6,0.23,29,0.9
22,2024-05-27 01:00,61,Moderate,19,15.6,1.5,8.7,0.31,22,1.6
21,2024-05-27 01:00,56,Moderate,16,13.8,1.1,14.5,0.33,34,0.6
20,2024-05-27 01:00,52,Moderate,18,20.4,0.4,12.9,0.42,38,1.3
19,2024-05-27 01:00,60,Moderate,23,9.5,0.9,19.7,0.25,27,1.1
18,2024-05-27 01:00,57,Moderate,21,10.5,1.3,21.6,0.32,34,0.9
17,2024-05-27 01:00,48,Good,15,21.2,1.4,8.2,0.52,25,0.7
16,2024-05-27 01:00,51,Moderate,11,18.6,0.8,2.2,1.19,23,21
15,2024-05-27 01:00,45,Good,14,14.4,1.3,3.8,0.38,23,3.2
14,2024-05-27 01:00,30,Good,4,10.9,1.1,5.2,0.29,29,1.4
13,2024-05-27 01:00,36,Good,10,18.3,0.4,3.8,0.46,19,3.9
12,2024-05-27 01:00,37,Good,12,21.6,0.6,1.1,0.55,25,3.8
11,2024-05-27 01:00,43,Good,7,15.6,0.6,5,0.38,30,0.7
10,2024-05-27 01:00,44,Good,14,17,0.4,8.4,0.47,23,1.5
9,2024-05-27 01:00,52,Moderate,21,20.8,1,11.8,0.51,21,2.9
8,2024-05-27 01:00,37,Good,9,22.2,0.7,1.6,0.62,16,6
7,2024-05-27 01:00,40,Good,12,17.6,0.8,1.9,0.57,26,1.5
6,2024-05-27 01:00,29,Good,8,14.2,1,5.4,0.39,23,1.6
5,2024-05-27 01:00,43,Good,12,14.8,0.8,1,0.41,31,3.8
4,2024-05-27 01:00,34,Good,8,7.4,0.6,10,0.21,35,0.9
3,2024-05-27 01:00,25,Good,6,1.6,1,10.6,0.15,11,0.6
2,2024-05-27 01:00,35,Good,8,12.3,0.5,1,0.36,22,7.3
1,2024-05-27 01:00,27,Good,6,8.2,0.9,3.2,0.3,28,1.9
313,2024-05-27 00:00,13,Good,2,2,0.1,13.7,0.06,4,0.7
312,2024-05-27 00:00,46,Good,17,10.8,0.5,8.2,0.27,33,2.1
311,2024-05-27 00:00,43,Good,13,11.9,0.5,5.1,0.29,24,1.5
204,2024-05-27 00:00,33,Good,10,6.3,0.4,4.8,0.16,20,1
203,2024-05-27 00:00,53,Moderate,6,6.3,0,0.6,0.27,21,3.7
202,2024-05-27 00:00,27,Good,6,5.7,0,2.9,0.16,18,2.5
201,2024-05-27 00:00,68,Moderate,20,15.5,2,5.1,0.41,36,1.6
85,2024-05-27 00:00,38,Good,15,6.3,1.3,12.6,0.17,23,0.9
84,2024-05-27 00:00,40,Good,5,1.3,1.4,31.2,0.14,21,0
83,2024-05-27 00:00,47,Good,15,7.8,1.1,5.8,0.31,23,1.7
80,2024-05-27 00:00,16,Good,7,2.1,0,6.5,0.09,20,0.6
78,2024-05-27 00:00,24,Good,12,11.3,1.2,16.6,0.28,15,0.9
77,2024-05-27 00:00,15,Good,3,7.3,0.4,9,0.17,4,0.6
75,2024-05-27 00:00,33,Good,8,4.6,0.5,27.8,0.17,16,0.4
72,2024-05-27 00:00,74,Moderate,23,6.9,1,8.6,0.32,42,0.8
71,2024-05-27 00:00,31,Good,7,18.3,1.1,0,0.65,21,13.9
70,2024-05-27 00:00,34,Good,7,14.6,1,4,0.6,18,6
69,2024-05-27 00:00,80,Moderate,24,6,0.8,6.2,0.25,42,1.1
68,2024-05-27 00:00,57,Moderate,18,22.8,1.7,8,0.78,25,6.9
67,2024-05-27 00:00,47,Good,16,28.4,0.4,0.5,1.03,25,36.3
66,2024-05-27 00:00,20,Good,5,5.1,0.1,4.7,0.2,21,1
65,2024-05-27 00:00,18,Good,6,3.9,0.6,9.2,0.2,11,1
64,2024-05-27 00:00,23,Good,5,1,0.8,26.2,0.16,13,0.8
63,2024-05-27 00:00,30,Good,8,2.5,0.9,15.3,0.14,13,0.5
62,2024-05-27 00:00,13,Good,2,2.9,0,7.4,0.12,15,0.6
61,2024-05-27 00:00,15,Good,3,0.7,0.4,16.7,0.06,13,0.7
60,2024-05-27 00:00,43,Good,10,6.5,0.8,0.5,0.19,25,2.6
59,2024-05-27 00:00,27,Good,7,6.3,0,5.8,0.17,21,0.8
58,2024-05-27 00:00,43,Good,12,17.1,1.3,0.6,0.35,20,5.9
57,2024-05-27 00:00,36,Good,8,17.8,1.5,0.3,0.95,25,21.8
56,2024-05-27 00:00,31,Good,6,11.8,0.5,2.4,0.35,20,1.7
54,2024-05-27 00:00,41,Good,9,13.2,1.5,0,0.45,24,3.6
53,2024-05-27 00:00,24,Good,4,11.9,2,0.7,0.34,22,8.4
52,2024-05-27 00:00,27,Good,5,5.9,0.5,6.8,0.18,21,1.9
51,2024-05-27 00:00,27,Good,5,8.3,1.3,3.5,0.16,19,0.9
50,2024-05-27 00:00,36,Good,10,13.1,1.5,2.3,0.35,21,1.5
49,2024-05-27 00:00,29,Good,7,15,0.9,0.8,0.38,14,7.3
48,2024-05-27 00:00,24,Good,4,6,0.7,3.9,0.15,17,0.9
47,2024-05-27 00:00,18,Good,4,4.7,0.4,3.8,0.14,22,0.6
46,2024-05-27 00:00,54,Moderate,8,10.4,0.2,4,0.25,21,1.8
45,2024-05-27 00:00,62,Moderate,11,9.9,0.8,1.2,0.28,26,2.8
44,2024-05-27 00:00,45,Good,8,4.2,1,2.1,0.12,21,1.3
43,2024-05-27 00:00,55,Moderate,11,8.4,0.3,6.4,0.29,32,1.4
42,2024-05-27 00:00,49,Good,11,10.2,1,1.7,0.34,27,1.2
41,2024-05-27 00:00,47,Good,14,8.8,1.1,9.1,0.23,33,0.8
40,2024-05-27 00:00,66,Moderate,28,14.9,1.1,1,0.4,32,2
39,2024-05-27 00:00,74,Moderate,25,12.3,1,5.2,0.35,43,1.7
38,2024-05-27 00:00,64,Moderate,17,6.9,0.6,4,0.27,34,1.3
37,2024-05-27 00:00,80,Moderate,26,12.1,1.4,11.2,0.33,55,0.8
36,2024-05-27 00:00,74,Moderate,25,9.6,0.6,7.1,0.3,42,0.8
35,2024-05-27 00:00,62,Moderate,20,6.7,0,8.4,0.18,33,0.1
34,2024-05-27 00:00,46,Good,19,9.1,1,18.7,0.21,26,1.9
33,2024-05-27 00:00,43,Good,11,12.7,0.9,10.7,0.27,17,0.7
32,2024-05-27 00:00,61,Moderate,17,21.6,1,1.4,0.41,26,4.4
31,2024-05-27 00:00,58,Moderate,17,17.9,1.5,8.7,0.37,21,1.4
30,2024-05-27 00:00,62,Moderate,24,15.2,1.1,7.8,0.33,26,0.8
29,2024-05-27 00:00,61,Moderate,18,19.8,1.1,6.8,0.45,25,1.1
28,2024-05-27 00:00,75,Moderate,22,9.8,0.8,7.5,0.34,33,1.4
27,2024-05-27 00:00,67,Moderate,28,8.3,1,14.2,0.32,34,1.6
26,2024-05-27 00:00,56,Moderate,23,7.1,1.1,15.9,0.2,26,1.1
25,2024-05-27 00:00,51,Moderate,13,10.2,1.5,12.9,0.26,23,1
24,2024-05-27 00:00,36,Good,15,15.1,0.3,18,0.32,21,0.4
23,2024-05-27 00:00,55,Moderate,16,5.9,0.7,12.2,0.23,21,0.9
22,2024-05-27 00:00,63,Moderate,20,16,1.6,10.7,0.33,25,1.6
21,2024-05-27 00:00,60,Moderate,20,13.5,1.2,14.2,0.37,26,0.2
20,2024-05-27 00:00,52,Moderate,21,21.9,0.5,9.6,0.43,35,1.3
19,2024-05-27 00:00,55,Moderate,23,9.2,0.7,25.2,0.26,31,1
18,2024-05-27 00:00,54,Moderate,26,16.7,2.5,24.1,0.35,41,1.1
17,2024-05-27 00:00,48,Good,16,17.7,1.8,16.1,0.52,19,0.6
16,2024-05-27 00:00,55,Moderate,17,22.6,0.9,2.2,0.92,18,12.2
15,2024-05-27 00:00,44,Good,13,15.7,1.4,2.1,0.43,27,5.3
14,2024-05-27 00:00,34,Good,6,11.5,1,3.7,0.33,14,1.6
13,2024-05-27 00:00,37,Good,11,20.4,0.4,1.5,0.58,18,6.8
12,2024-05-27 00:00,37,Good,11,22.3,0.8,3.5,0.58,26,2.9
11,2024-05-27 00:00,48,Good,17,16.5,0.6,7.6,0.43,23,0.9
10,2024-05-27 00:00,44,Good,16,20.6,0.9,7.4,0.65,28,1.7
9,2024-05-27 00:00,49,Good,18,19.7,0.7,10.7,0.53,24,1.5
8,2024-05-27 00:00,40,Good,11,24.2,0.7,0.1,0.63,19,5.2
7,2024-05-27 00:00,43,Good,14,12.4,0.5,6.5,0.45,19,1.4
6,2024-05-27 00:00,29,Good,7,14.4,0.9,6.2,0.4,16,2.3
5,2024-05-27 00:00,45,Good,11,14.9,1,1.7,0.42,29,3.4
4,2024-05-27 00:00,35,Good,11,13,0.8,4.9,0.29,23,1.4
3,2024-05-27 00:00,28,Good,6,1.8,1,12.6,0.16,18,0.5
2,2024-05-27 00:00,36,Good,9,12.3,0.5,2,0.31,28,4.5
1,2024-05-27 00:00,29,Good,10,9,0.9,2.4,0.34,26,3.2
313,2024-05-26 23:00,19,Good,0,2,0.2,13.6,0.07,7,0.6
312,2024-05-26 23:00,43,Good,16,11.1,0.5,13.7,0.26,19,2.6
311,2024-05-26 23:00,45,Good,10,8.4,0.4,8.4,0.27,31,1.6
204,2024-05-26 23:00,34,Good,4,2.6,0.4,9,0.09,9,0.7
203,2024-05-26 23:00,60,Moderate,9,5.7,,2,0.25,21,2.8
202,2024-05-26 23:00,29,Good,6,6,0.2,2.2,0.17,17,2.2
201,2024-05-26 23:00,70,Moderate,19,14.7,2.1,7.7,0.42,38,1
85,2024-05-26 23:00,41,Good,12,7.8,0.9,12.4,0.16,33,1.1
84,2024-05-26 23:00,44,Good,6,1.4,0.6,31.5,0.14,26,0
83,2024-05-26 23:00,48,Good,10,6.7,1.2,13.9,0.27,21,0.6
80,2024-05-26 23:00,15,Good,8,2.4,0.1,6.7,0.1,22,0.6
78,2024-05-26 23:00,22,Good,12,10,1,17.4,0.31,15,0.8
77,2024-05-26 23:00,17,Good,4,8.1,0.6,8.8,0.19,5,1
75,2024-05-26 23:00,33,Good,11,4.4,0.6,30.1,0.19,17,0.4
72,2024-05-26 23:00,75,Moderate,31,7.3,0.9,14.1,0.34,43,0.8
71,2024-05-26 23:00,35,Good,10,21.1,1,0,0.87,17,16
70,2024-05-26 23:00,38,Good,10,13.9,1.1,6.1,0.48,18,3.2
69,2024-05-26 23:00,84,Moderate,22,6.9,0.7,5,0.26,40,1
68,2024-05-26 23:00,57,Moderate,17,24.4,1.9,7.1,1.04,24,16.2
67,2024-05-26 23:00,43,Good,12,24.8,0.2,1.3,1.05,26,33
66,2024-05-26 23:00,18,Good,6,4.5,0.1,7,0.19,22,0.7
65,2024-05-26 23:00,18,Good,6,3.5,0.4,13.3,0.13,16,0.8
64,2024-05-26 23:00,23,Good,6,0.8,0.7,20.1,0.14,7,0.7
63,2024-05-26 23:00,33,Good,9,1.4,0.8,18.1,0.11,13,0.5
62,2024-05-26 23:00,13,Good,2,5.4,0,5.2,0.15,18,1.3
61,2024-05-26 23:00,16,Good,4,0.5,0.3,16.7,0.06,7,0.6
60,2024-05-26 23:00,45,Good,12,7.2,0.9,1.4,0.19,24,2.2
59,2024-05-26 23:00,30,Good,5,5.9,0,7.3,0.16,15,1.1
58,2024-05-26 23:00,44,Good,12,18,1.8,0.2,0.44,21,10.2
57,2024-05-26 23:00,40,Good,11,19.2,1.5,0.1,0.83,22,13.8
56,2024-05-26 23:00,36,Good,5,12.6,0.5,3.3,0.32,20,2.4
54,2024-05-26 23:00,43,Good,9,10.8,1.5,2.1,0.29,22,1.8
53,2024-05-26 23:00,29,Good,4,8.5,1.7,2.9,0.2,19,1.4
52,2024-05-26 23:00,30,Good,5,6.8,0.6,6,0.19,20,1.9
51,2024-05-26 23:00,30,Good,9,9.1,2.1,3.4,0.17,18,1.5
50,2024-05-26 23:00,39,Good,11,13.7,1.5,2,0.42,22,2.3
49,2024-05-26 23:00,31,Good,5,14.8,1,0.6,0.35,16,8.4
48,2024-05-26 23:00,28,Good,4,7,0.7,3.6,0.16,15,1.6
47,2024-05-26 23:00,19,Good,5,3.9,0.5,6.1,0.13,16,0.6
46,2024-05-26 23:00,61,Moderate,13,12,0.3,1.7,0.34,27,3.4
45,2024-05-26 23:00,69,Moderate,13,10,0.7,1.7,0.26,29,2.3
44,2024-05-26 23:00,53,Moderate,10,5.3,2,3.5,0.11,16,1.4
43,2024-05-26 23:00,59,Moderate,12,7.8,0.3,5.6,0.3,31,1.5
42,2024-05-26 23:00,54,Moderate,8,6,0.9,5.5,0.2,23,0.4
41,2024-05-26 23:00,46,Good,16,8.4,1,10.3,0.24,36,0.9
40,2024-05-26 23:00,63,Moderate,22,15.5,1.2,3.1,0.44,34,1.6
39,2024-05-26 23:00,73,Moderate,26,14.9,1.4,5.9,0.4,40,1.5
38,2024-05-26 23:00,66,Moderate,20,5.1,0.7,7.1,0.26,29,1.1
37,2024-05-26 23:00,80,Moderate,34,11.8,1.4,10.2,0.39,49,1.2
36,2024-05-26 23:00,72,Moderate,26,12.3,0.7,6.8,0.33,45,0.7
35,2024-05-26 23:00,65,Moderate,19,6.9,0,11.2,0.17,32,0.5
34,2024-05-26 23:00,44,Good,13,9.8,1.4,20,0.19,20,1.9
33,2024-05-26 23:00,47,Good,11,14.2,0.8,8,0.3,18,0.8
32,2024-05-26 23:00,61,Moderate,16,18.7,1.1,6.6,0.35,28,1.1
31,2024-05-26 23:00,58,Moderate,16,18.9,1.9,10.2,0.41,23,1.5
30,2024-05-26 23:00,59,Moderate,18,17.4,1.2,6.6,0.4,22,1.4
29,2024-05-26 23:00,63,Moderate,18,16.4,1.2,13.4,0.38,25,0.7
28,2024-05-26 23:00,74,Moderate,28,11.2,1.1,6.7,0.35,37,1.8
27,2024-05-26 23:00,64,Moderate,20,5.3,1,10.1,0.28,29,1.7
26,2024-05-26 23:00,51,Moderate,23,9.7,1.4,20.2,0.18,21,1
25,2024-05-26 23:00,51,Moderate,20,13.9,1.6,13,0.29,31,1.3
24,2024-05-26 23:00,37,Good,11,22.3,0.6,9,0.5,21,0.7
23,2024-05-26 23:00,56,Moderate,22,8.7,1,14.1,0.27,27,0.8
22,2024-05-26 23:00,62,Moderate,19,16.6,0.9,7.7,0.35,25,1.7
21,2024-05-26 23:00,60,Moderate,20,16.5,1.3,16.6,0.37,21,0.3
20,2024-05-26 23:00,49,Good,9,15.6,0.6,19,0.39,20,1
19,2024-05-26 23:00,50,Good,23,9.8,1.2,29.3,0.26,31,0.8
18,2024-05-26 23:00,49,Good,22,26,2,18.2,0.38,37,1.2
17,2024-05-26 23:00,48,Good,17,19.6,2.8,12.6,0.57,24,1
16,2024-05-26 23:00,56,Moderate,16,23.6,1.1,1.3,0.83,35,24.6
15,2024-05-26 23:00,44,Good,16,18.3,1.5,2.7,0.43,19,5.7
14,2024-05-26 23:00,37,Good,9,12,1.1,3.9,0.32,16,2.4
13,2024-05-26 23:00,41,Good,10,19.5,0.5,2.7,0.48,25,5.6
12,2024-05-26 23:00,38,Good,12,23.9,0.7,0.5,0.63,23,9.1
11,2024-05-26 23:00,50,Good,16,17,0.5,9.6,0.41,14,0.7
10,2024-05-26 23:00,43,Good,15,17.9,0.8,12.9,0.53,25,0.7
9,2024-05-26 23:00,48,Good,16,24.3,0.9,11.4,0.58,20,2.9
8,2024-05-26 23:00,38,Good,10,23.8,0.8,1.4,0.65,26,4.3
7,2024-05-26 23:00,42,Good,12,19.2,0.6,5.1,0.55,19,3.3
6,2024-05-26 23:00,32,Good,7,19.2,0.9,6,0.5,18,4.2
5,2024-05-26 23:00,47,Good,12,17,1,3.9,0.42,25,4.5
4,2024-05-26 23:00,35,Good,9,9.4,0.8,10,0.25,21,1.3
3,2024-05-26 23:00,32,Good,4,2.2,1,12.8,0.16,13,0.7
2,2024-05-26 23:00,37,Good,10,11.8,0.5,4.1,0.32,28,3.7
1,2024-05-26 23:00,29,Good,5,9.2,0.8,3.3,0.34,23,2.4
313,2024-05-26 22:00,25,Good,0,2.3,0.2,11.7,0.07,8,0.7
312,2024-05-26 22:00,39,Good,12,10.2,0.5,17.3,0.24,18,3.3
311,2024-05-26 22:00,50,Good,11,6.9,0.5,11.4,0.22,21,0.9
204,2024-05-26 22:00,39,Good,3,1.2,0.4,12.4,0.04,10,0.7
203,2024-05-26 22:00,67,Moderate,21,9.7,0,3.6,0.37,28,3
202,2024-05-26 22:00,33,Good,6,6.2,0,3.6,0.18,15,1.8
201,2024-05-26 22:00,73,Moderate,24,13.6,2.3,12.1,0.41,31,1.6
85,2024-05-26 22:00,44,Good,16,7.3,1,17.5,0.12,27,0.9
84,2024-05-26 22:00,48,Good,7,1.3,0.1,41.2,0.16,22,0
83,2024-05-26 22:00,53,Moderate,19,6.7,1.4,14,0.27,32,0.7
80,2024-05-26 22:00,14,Good,2,2.4,0,10.4,0.11,15,0.4
78,2024-05-26 22:00,18,Good,5,11.6,1.1,15.2,0.3,16,1.2
77,2024-05-26 22:00,19,Good,3,7.1,0.4,11.4,0.19,6,0.6
75,2024-05-26 22:00,32,Good,13,3.2,0.5,33.8,0.18,16,0.4
72,2024-05-26 22:00,72,Moderate,28,8.3,0.9,15.8,0.35,43,0.9
71,2024-05-26 22:00,35,Good,11,21.3,1.1,0,0.7,21,10.1
70,2024-05-26 22:00,38,Good,8,16.4,0.9,6.4,0.5,19,2.7
69,2024-05-26 22:00,88,Moderate,29,8,0.8,7.2,0.29,43,0.9
68,2024-05-26 22:00,57,Moderate,17,28.3,1.8,14,1.18,30,14.3
67,2024-05-26 22:00,43,Good,12,25.3,0.2,4.9,0.87,22,14.5
66,2024-05-26 22:00,19,Good,7,5.9,0.1,5.2,0.22,18,0.8
65,2024-05-26 22:00,18,Good,8,5.2,0.5,10.7,0.15,9,0.8
64,2024-05-26 22:00,26,Good,4,0.6,0.9,22.1,0.13,7,0.8
63,2024-05-26 22:00,34,Good,11,1.3,0.6,17.4,0.11,17,0.5
62,2024-05-26 22:00,12,Good,1,5.4,0.2,8.4,0.2,16,1.1
61,2024-05-26 22:00,16,Good,4,0.8,0.2,16.1,0.06,5,0.6
60,2024-05-26 22:00,47,Good,13,8.3,1.1,1.7,0.23,29,1.9
59,2024-05-26 22:00,34,Good,7,7,0,6.6,0.18,15,1.4
58,2024-05-26 22:00,44,Good,11,15.9,3.7,2.8,0.48,18,6
57,2024-05-26 22:00,40,Good,15,21.3,1.6,0,0.65,18,10.5
56,2024-05-26 22:00,37,Good,8,13.3,0.6,2.8,0.35,18,2.5
54,2024-05-26 22:00,44,Good,10,13.1,1.6,2.2,0.3,18,3.3
53,2024-05-26 22:00,34,Good,7,7.7,1.7,4,0.19,18,1.6
52,2024-05-26 22:00,34,Good,6,2.6,0.6,10.4,0.14,15,1.7
51,2024-05-26 22:00,31,Good,7,10.8,3.4,2.9,0.17,28,3.6
50,2024-05-26 22:00,38,Good,12,14.5,2.2,1.1,0.38,23,4.7
49,2024-05-26 22:00,34,Good,9,14,0.6,1,0.33,12,4.6
48,2024-05-26 22:00,33,Good,5,8.2,0.6,2.4,0.17,18,2.1
47,2024-05-26 22:00,20,Good,5,3.5,0.6,7.4,0.13,12,0.6
46,2024-05-26 22:00,63,Moderate,19,19,1,1,0.44,33,4
45,2024-05-26 22:00,71,Moderate,23,14.2,1,4.2,0.35,36,1.9
44,2024-05-26 22:00,58,Moderate,9,7.9,2.2,1.5,0.17,21,2.2
43,2024-05-26 22:00,64,Moderate,21,7.9,0.3,5.5,0.29,40,1.2
42,2024-05-26 22:00,62,Moderate,7,6.5,1,6.3,0.18,29,0.3
41,2024-05-26 22:00,51,Moderate,19,8.3,1,10,0.24,38,0.8
40,2024-05-26 22:00,63,Moderate,22,12.6,1.1,7.5,0.35,35,1.6
39,2024-05-26 22:00,72,Moderate,28,14.4,0.9,9.6,0.4,44,1.3
38,2024-05-26 22:00,67,Moderate,24,5.5,0.8,9.9,0.25,28,1
37,2024-05-26 22:00,76,Moderate,29,11.3,1.4,12.3,0.39,48,1
36,2024-05-26 22:00,69,Moderate,30,14.8,0.9,5,0.37,45,1.1
35,2024-05-26 22:00,68,Moderate,19,6.7,0.2,12.8,0.17,25,0.3
34,2024-05-26 22:00,44,Good,11,9.4,1.8,18.5,0.19,17,1.4
33,2024-05-26 22:00,49,Good,11,14.1,1,11.3,0.3,14,0.8
32,2024-05-26 22:00,61,Moderate,18,13.5,1.3,14.1,0.29,26,1.1
31,2024-05-26 22:00,56,Moderate,15,18.7,2,12.2,0.38,28,1.2
30,2024-05-26 22:00,58,Moderate,18,16.7,1.2,8.2,0.35,25,1.3
29,2024-05-26 22:00,62,Moderate,15,12.6,1.2,17.2,0.34,26,0.5
28,2024-05-26 22:00,73,Moderate,28,12.6,1.3,5.7,0.33,35,1.9
27,2024-05-26 22:00,65,Moderate,17,3.7,1,22,0.21,27,1.3
26,2024-05-26 22:00,44,Good,21,10.5,1.6,22.2,0.21,19,0.9
25,2024-05-26 22:00,46,Good,17,12.4,1.4,17.8,0.28,26,1
24,2024-05-26 22:00,35,Good,10,16,0.5,22.7,0.39,18,0.4
23,2024-05-26 22:00,54,Moderate,16,9.2,0.7,16.4,0.25,35,0.9
22,2024-05-26 22:00,61,Moderate,22,14.2,1.1,12.9,0.33,26,1.6
21,2024-05-26 22:00,58,Moderate,22,17.7,1.6,20.4,0.42,34,0.5
20,2024-05-26 22:00,52,Moderate,22,12.4,0.8,33,0.38,33,0.8
19,2024-05-26 22:00,44,Good,21,9.4,1.2,32.9,0.22,46,0.9
18,2024-05-26 22:00,44,Good,10,10.2,1.6,35.7,0.28,31,0.8
17,2024-05-26 22:00,47,Good,16,22.6,3.2,9.1,0.66,24,1.6
16,2024-05-26 22:00,58,Moderate,18,26.6,1.3,1.6,1.85,29,63.1
15,2024-05-26 22:00,42,Good,11,19.5,1.4,5.7,0.45,23,4.5
14,2024-05-26 22:00,36,Good,12,14.8,1,6,0.34,15,1.9
13,2024-05-26 22:00,42,Good,11,22.4,0.4,4.9,0.55,23,4.7
12,2024-05-26 22:00,38,Good,10,23.3,0.4,5.3,0.53,23,2.5
11,2024-05-26 22:00,47,Good,14,16.2,0.4,11.7,0.4,23,0.7
10,2024-05-26 22:00,42,Good,15,13.3,0.3,25.6,0.44,31,0.5
9,2024-05-26 22:00,47,Good,18,22.2,1.6,17.8,0.58,21,4
8,2024-05-26 22:00,40,Good,10,24.7,0.8,6,0.66,19,2.6
7,2024-05-26 22:00,42,Good,11,21.3,0.6,4.3,0.68,18,1.8
6,2024-05-26 22:00,42,Good,9,25.6,1.1,4.7,0.69,18,5.4
5,2024-05-26 22:00,50,Good,11,14.7,1.2,3.9,0.44,25,2.9
4,2024-05-26 22:00,37,Good,9,11.9,0.8,8.9,0.32,22,2
3,2024-05-26 22:00,39,Good,6,3,1.1,10.9,0.18,14,1
2,2024-05-26 22:00,38,Good,12,15,0.5,3.3,0.33,28,4
1,2024-05-26 22:00,34,Good,4,11.1,1.1,4.4,0.37,29,2.9