site_id,site_name,created_date,PM2.5,SO2,O3
313,Pingtung（fangshan）,2024-05-25 05:00,10.0,0.2,30.8
312,Taichung（Rilana Elementary）,2024-05-25 05:00,7.0,0.6,3.7
311,New Taipei(Shulin),2024-05-25 05:00,12.0,0.3,1.9
204,Pingtung（Liuqiu）,2024-05-25 05:00,15.0,1.1,15.7
203,Tainan（Madou）,2024-05-25 05:00,22.0,0.5,0.1
202,Kaohsiung（Hunei）,2024-05-25 05:00,17.0,0.2,4.0
201,Changhua（Yuanlin）,2024-05-25 05:00,10.0,1.7,5.0
85,Dacheng,2024-05-25 05:00,20.0,1.2,0.7
84,FugueiCape,2024-05-25 05:00,4.0,0.3,21.2
83,Mailiao,2024-05-25 05:00,23.0,1.7,1.7
80,Guanshan,2024-05-25 05:00,2.0,0.6,19.5
78,Magong,2024-05-25 05:00,7.0,1.2,23.4
77,Kinmen,2024-05-25 05:00,25.0,0.6,19.1
75,Matsu,2024-05-25 05:00,9.0,0.4,27.7
72,Puli,2024-05-25 05:00,5.0,1.6,5.0
71,Fuxing,2024-05-25 05:00,14.0,1.5,17.5
70,Yonghe,2024-05-25 05:00,4.0,0.5,9.9
69,Zhushan,2024-05-25 05:00,6.0,0.6,5.9
68,Zhongli,2024-05-25 05:00,9.0,1.1,2.4
67,Sanchong,2024-05-25 05:00,6.0,0.6,1.8
66,Dongshan,2024-05-25 05:00,6.0,0.0,14.2
65,Yilan,2024-05-25 05:00,1.0,1.3,12.8
64,Yangming,2024-05-25 05:00,2.0,0.4,23.7
63,Hualien,2024-05-25 05:00,7.0,0.4,17.8
62,Taitung,2024-05-25 05:00,1.0,0.8,23.8
61,Hengchun,2024-05-25 05:00,2.0,0.5,29.7
60,Chaozhou,2024-05-25 05:00,15.0,0.5,8.0
59,Pingtung,2024-05-25 05:00,11.0,0.7,8.1
58,Xiaogang,2024-05-25 05:00,16.0,1.0,14.0
57,Qianzhen,2024-05-25 05:00,18.0,1.3,18.8
56,Qianjin,2024-05-25 05:00,11.0,1.4,19.7
54,Zuoying,2024-05-25 05:00,17.0,0.8,19.9
53,Nanzi,2024-05-25 05:00,18.0,0.8,11.6
52,Linyuan,2024-05-25 05:00,18.0,2.6,6.2
51,Daliao,2024-05-25 05:00,16.0,8.4,3.1
50,Fengshan,2024-05-25 05:00,10.0,0.9,14.7
49,Renwu,2024-05-25 05:00,18.0,1.5,11.3
48,Qiaotou,2024-05-25 05:00,17.0,1.1,11.9
47,Meinong,2024-05-25 05:00,10.0,0.5,13.7
46,Tainan,2024-05-25 05:00,11.0,1.1,10.7
45,Annan,2024-05-25 05:00,22.0,1.1,2.1
44,Shanhua,2024-05-25 05:00,21.0,0.7,2.1
43,Xinying,2024-05-25 05:00,18.0,1.2,0.0
42,Chiayi,2024-05-25 05:00,15.0,5.7,3.6
41,Taixi,2024-05-25 05:00,21.0,1.2,0.4
40,Puzi,2024-05-25 05:00,22.0,0.8,0.8
39,Xingang,2024-05-25 05:00,12.0,1.2,5.0
38,Lunbei,2024-05-25 05:00,19.0,1.0,0.3
37,Douliu,2024-05-25 05:00,7.0,1.4,4.5
36,Nantou,2024-05-25 05:00,6.0,0.0,4.6
35,Erlin,2024-05-25 05:00,20.0,1.6,1.3
34,Xianxi,2024-05-25 05:00,8.0,1.6,9.6
33,Changhua,2024-05-25 05:00,11.0,0.7,0.6
32,Xitun,2024-05-25 05:00,6.0,1.5,3.6
31,Zhongming,2024-05-25 05:00,10.0,0.7,2.2
30,Dali,2024-05-25 05:00,15.0,0.7,3.3
29,Shalu,2024-05-25 05:00,9.0,0.9,8.8
28,Fengyuan,2024-05-25 05:00,5.0,0.8,9.9
27,Sanyi,2024-05-25 05:00,3.0,0.5,5.5
26,Miaoli,2024-05-25 05:00,6.0,1.0,2.5
25,Toufen,2024-05-25 05:00,5.0,1.9,2.6
24,Hsinchu,2024-05-25 05:00,2.0,0.0,4.2
23,Zhudong,2024-05-25 05:00,8.0,0.4,5.9
22,Hukou,2024-05-25 05:00,17.0,0.5,0.3
21,Longtan,2024-05-25 05:00,10.0,1.1,3.8
20,Pingzhen,2024-05-25 05:00,7.0,0.5,3.7
19,Guanyin,2024-05-25 05:00,12.0,0.6,1.6
18,Dayuan,2024-05-25 05:00,4.0,1.5,0.4
17,Taoyuan,2024-05-25 05:00,10.0,3.6,1.9
16,Datong,2024-05-25 05:00,7.0,0.4,3.8
15,Songshan,2024-05-25 05:00,5.0,0.5,9.5
14,Guting,2024-05-25 05:00,6.0,1.2,9.8
13,Wanhua,2024-05-25 05:00,6.0,0.5,1.9
12,Zhongshan,2024-05-25 05:00,5.0,0.3,3.3
11,Shilin,2024-05-25 05:00,6.0,0.5,12.1
10,Tamsui,2024-05-25 05:00,6.0,0.4,9.1
9,Linkou,2024-05-25 05:00,3.0,0.6,13.0
8,Cailiao,2024-05-25 05:00,5.0,0.6,4.5
7,Xinzhuang,2024-05-25 05:00,13.0,0.3,0.0
6,Banqiao,2024-05-25 05:00,2.0,0.7,11.6
5,Tucheng,2024-05-25 05:00,7.0,0.1,0.5
4,Xindian,2024-05-25 05:00,3.0,0.8,17.0
3,Wanli,2024-05-25 05:00,3.0,0.6,13.3
2,Xizhi,2024-05-25 05:00,6.0,0.3,1.0
1,Keelung,2024-05-25 05:00,2.0,0.4,2.1
313,Pingtung（fangshan）,2024-05-25 04:00,5.0,0.3,30.6
312,Taichung（Rilana Elementary）,2024-05-25 04:00,3.0,0.5,4.4
311,New Taipei(Shulin),2024-05-25 04:00,10.0,0.2,2.9
204,Pingtung（Liuqiu）,2024-05-25 04:00,18.0,0.8,15.9
203,Tainan（Madou）,2024-05-25 04:00,18.0,0.4,1.1
202,Kaohsiung（Hunei）,2024-05-25 04:00,15.0,0.4,9.3
201,Changhua（Yuanlin）,2024-05-25 04:00,12.0,1.8,8.9
85,Dacheng,2024-05-25 04:00,26.0,1.5,1.7
84,FugueiCape,2024-05-25 04:00,2.0,0.2,12.9
83,Mailiao,2024-05-25 04:00,18.0,1.6,1.4
80,Guanshan,2024-05-25 04:00,0.0,0.6,20.8
78,Magong,2024-05-25 04:00,1.0,1.0,27.2
77,Kinmen,2024-05-25 04:00,19.0,0.6,22.9
75,Matsu,2024-05-25 04:00,8.0,0.4,30.9
72,Puli,2024-05-25 04:00,5.0,1.7,7.0
71,Fuxing,2024-05-25 04:00,13.0,0.9,23.4
70,Yonghe,2024-05-25 04:00,7.0,0.6,6.7
69,Zhushan,2024-05-25 04:00,10.0,0.6,6.0
68,Zhongli,2024-05-25 04:00,7.0,0.9,2.3
67,Sanchong,2024-05-25 04:00,6.0,0.5,3.1
66,Dongshan,2024-05-25 04:00,4.0,0.0,13.2
65,Yilan,2024-05-25 04:00,0.0,0.8,13.1
64,Yangming,2024-05-25 04:00,1.0,0.4,28.2
63,Hualien,2024-05-25 04:00,10.0,0.5,17.2
62,Taitung,2024-05-25 04:00,0.0,0.8,24.9
61,Hengchun,2024-05-25 04:00,2.0,0.3,29.1
60,Chaozhou,2024-05-25 04:00,20.0,0.4,5.8
59,Pingtung,2024-05-25 04:00,11.0,0.7,7.8
58,Xiaogang,2024-05-25 04:00,18.0,1.5,12.7
57,Qianzhen,2024-05-25 04:00,11.0,0.9,23.8
56,Qianjin,2024-05-25 04:00,12.0,1.2,14.6
54,Zuoying,2024-05-25 04:00,17.0,,17.0
53,Nanzi,2024-05-25 04:00,19.0,0.9,11.2
52,Linyuan,2024-05-25 04:00,21.0,2.5,8.5
51,Daliao,2024-05-25 04:00,23.0,6.0,4.1
50,Fengshan,2024-05-25 04:00,11.0,0.9,17.3
49,Renwu,2024-05-25 04:00,17.0,1.5,14.5
48,Qiaotou,2024-05-25 04:00,19.0,1.1,14.6
47,Meinong,2024-05-25 04:00,16.0,0.7,13.0
46,Tainan,2024-05-25 04:00,14.0,1.3,16.8
45,Annan,2024-05-25 04:00,26.0,1.3,2.2
44,Shanhua,2024-05-25 04:00,21.0,0.8,3.1
43,Xinying,2024-05-25 04:00,19.0,2.1,0.3
42,Chiayi,2024-05-25 04:00,16.0,6.7,6.3
41,Taixi,2024-05-25 04:00,20.0,1.5,0.9
40,Puzi,2024-05-25 04:00,21.0,0.8,0.0
39,Xingang,2024-05-25 04:00,21.0,1.1,3.9
38,Lunbei,2024-05-25 04:00,25.0,0.8,0.4
37,Douliu,2024-05-25 04:00,10.0,1.2,6.4
36,Nantou,2024-05-25 04:00,7.0,0.0,3.6
35,Erlin,2024-05-25 04:00,22.0,1.7,1.4
34,Xianxi,2024-05-25 04:00,10.0,1.0,2.5
33,Changhua,2024-05-25 04:00,10.0,1.0,2.1
32,Xitun,2024-05-25 04:00,10.0,1.7,8.3
31,Zhongming,2024-05-25 04:00,7.0,1.1,7.9
30,Dali,2024-05-25 04:00,9.0,0.7,5.9
29,Shalu,2024-05-25 04:00,11.0,1.1,13.5
28,Fengyuan,2024-05-25 04:00,4.0,0.8,18.7
27,Sanyi,2024-05-25 04:00,2.0,0.7,9.5
26,Miaoli,2024-05-25 04:00,7.0,1.0,0.5
25,Toufen,2024-05-25 04:00,7.0,1.6,4.6
24,Hsinchu,2024-05-25 04:00,4.0,,4.7
23,Zhudong,2024-05-25 04:00,10.0,0.2,5.2
22,Hukou,2024-05-25 04:00,7.0,0.6,0.6
21,Longtan,2024-05-25 04:00,4.0,1.1,5.1
20,Pingzhen,2024-05-25 04:00,7.0,0.3,4.9
19,Guanyin,2024-05-25 04:00,11.0,0.6,1.7
18,Dayuan,2024-05-25 04:00,15.0,1.4,0.7
17,Taoyuan,2024-05-25 04:00,11.0,1.2,0.8
16,Datong,2024-05-25 04:00,12.0,0.4,3.5
15,Songshan,2024-05-25 04:00,8.0,0.7,8.2
14,Guting,2024-05-25 04:00,3.0,1.2,8.5
13,Wanhua,2024-05-25 04:00,8.0,0.6,1.0
12,Zhongshan,2024-05-25 04:00,9.0,0.3,6.7
11,Shilin,2024-05-25 04:00,6.0,0.6,7.0
10,Tamsui,2024-05-25 04:00,7.0,0.5,6.8
9,Linkou,2024-05-25 04:00,4.0,0.7,15.4
8,Cailiao,2024-05-25 04:00,8.0,0.7,3.8
7,Xinzhuang,2024-05-25 04:00,11.0,0.4,0.2
6,Banqiao,2024-05-25 04:00,1.0,0.6,9.8
5,Tucheng,2024-05-25 04:00,11.0,0.1,1.0
4,Xindian,2024-05-25 04:00,4.0,0.7,16.8
3,Wanli,2024-05-25 04:00,1.0,0.5,13.5
2,Xizhi,2024-05-25 04:00,8.0,0.7,1.5
1,Keelung,2024-05-25 04:00,2.0,0.2,4.3
313,Pingtung（fangshan）,2024-05-25 03:00,2.0,0.1,26.6
312,Taichung（Rilana Elementary）,2024-05-25 03:00,4.0,0.6,7.5
311,New Taipei(Shulin),2024-05-25 03:00,11.0,0.2,3.5
204,Pingtung（Liuqiu）,2024-05-25 03:00,17.0,0.8,17.3
203,Tainan（Madou）,2024-05-25 03:00,20.0,0.2,0.6
202,Kaohsiung（Hunei）,2024-05-25 03:00,17.0,0.4,10.9
201,Changhua（Yuanlin）,2024-05-25 03:00,12.0,1.8,8.2
85,Dacheng,2024-05-25 03:00,21.0,1.6,3.1
84,FugueiCape,2024-05-25 03:00,5.0,0.2,19.9
83,Mailiao,2024-05-25 03:00,19.0,1.5,2.5
80,Guanshan,2024-05-25 03:00,0.0,0.6,21.5
78,Magong,2024-05-25 03:00,6.0,0.7,30.8
77,Kinmen,2024-05-25 03:00,26.0,0.6,29.9
75,Matsu,2024-05-25 03:00,9.0,0.4,30.8
72,Puli,2024-05-25 03:00,7.0,1.6,9.2
71,Fuxing,2024-05-25 03:00,13.0,1.3,23.3
70,Yonghe,2024-05-25 03:00,8.0,0.6,7.3
69,Zhushan,2024-05-25 03:00,9.0,0.4,6.5
68,Zhongli,2024-05-25 03:00,8.0,0.8,3.6
67,Sanchong,2024-05-25 03:00,9.0,0.6,0.4
66,Dongshan,2024-05-25 03:00,6.0,0.0,11.2
65,Yilan,2024-05-25 03:00,2.0,1.1,15.4
64,Yangming,2024-05-25 03:00,1.0,0.4,23.8
63,Hualien,2024-05-25 03:00,8.0,0.4,14.9
62,Taitung,2024-05-25 03:00,0.0,0.6,23.3
61,Hengchun,2024-05-25 03:00,2.0,0.4,27.1
60,Chaozhou,2024-05-25 03:00,22.0,0.6,5.7
59,Pingtung,2024-05-25 03:00,18.0,0.6,10.2
58,Xiaogang,2024-05-25 03:00,15.0,1.2,15.0
57,Qianzhen,2024-05-25 03:00,11.0,1.3,22.0
56,Qianjin,2024-05-25 03:00,16.0,1.4,11.9
54,Zuoying,2024-05-25 03:00,16.0,2.3,12.6
53,Nanzi,2024-05-25 03:00,15.0,0.9,13.5
52,Linyuan,2024-05-25 03:00,19.0,1.3,13.1
51,Daliao,2024-05-25 03:00,21.0,5.5,5.5
50,Fengshan,2024-05-25 03:00,10.0,0.8,16.8
49,Renwu,2024-05-25 03:00,15.0,1.2,17.9
48,Qiaotou,2024-05-25 03:00,15.0,1.4,12.7
47,Meinong,2024-05-25 03:00,14.0,0.8,18.5
46,Tainan,2024-05-25 03:00,16.0,1.9,17.6
45,Annan,2024-05-25 03:00,24.0,1.7,3.7
44,Shanhua,2024-05-25 03:00,15.0,1.1,3.6
43,Xinying,2024-05-25 03:00,18.0,2.2,1.2
42,Chiayi,2024-05-25 03:00,8.0,0.5,10.0
41,Taixi,2024-05-25 03:00,19.0,1.4,3.9
40,Puzi,2024-05-25 03:00,27.0,0.7,0.1
39,Xingang,2024-05-25 03:00,23.0,1.0,2.5
38,Lunbei,2024-05-25 03:00,19.0,0.9,0.1
37,Douliu,2024-05-25 03:00,8.0,1.1,7.5
36,Nantou,2024-05-25 03:00,7.0,0.0,7.8
35,Erlin,2024-05-25 03:00,21.0,2.2,1.7
34,Xianxi,2024-05-25 03:00,14.0,1.7,0.8
33,Changhua,2024-05-25 03:00,11.0,0.8,1.8
32,Xitun,2024-05-25 03:00,14.0,1.7,4.1
31,Zhongming,2024-05-25 03:00,8.0,0.9,8.1
30,Dali,2024-05-25 03:00,13.0,0.8,2.6
29,Shalu,2024-05-25 03:00,11.0,0.8,5.1
28,Fengyuan,2024-05-25 03:00,7.0,0.6,12.1
27,Sanyi,2024-05-25 03:00,6.0,0.6,5.9
26,Miaoli,2024-05-25 03:00,5.0,1.2,1.4
25,Toufen,2024-05-25 03:00,8.0,1.6,3.6
24,Hsinchu,2024-05-25 03:00,4.0,,4.4
23,Zhudong,2024-05-25 03:00,13.0,0.1,6.6
22,Hukou,2024-05-25 03:00,9.0,0.2,0.4
21,Longtan,2024-05-25 03:00,6.0,1.0,6.3
20,Pingzhen,2024-05-25 03:00,11.0,0.5,4.0
19,Guanyin,2024-05-25 03:00,17.0,0.6,0.3
18,Dayuan,2024-05-25 03:00,8.0,1.3,0.9
17,Taoyuan,2024-05-25 03:00,9.0,2.9,2.4
16,Datong,2024-05-25 03:00,12.0,0.6,1.1
15,Songshan,2024-05-25 03:00,12.0,0.9,3.6
14,Guting,2024-05-25 03:00,4.0,1.2,11.0
13,Wanhua,2024-05-25 03:00,8.0,0.4,3.1
12,Zhongshan,2024-05-25 03:00,6.0,0.4,0.6
11,Shilin,2024-05-25 03:00,7.0,0.5,13.3
10,Tamsui,2024-05-25 03:00,5.0,0.7,4.6
9,Linkou,2024-05-25 03:00,3.0,0.6,17.2
8,Cailiao,2024-05-25 03:00,8.0,0.8,0.1
7,Xinzhuang,2024-05-25 03:00,14.0,0.5,0.2
6,Banqiao,2024-05-25 03:00,2.0,0.5,12.4
5,Tucheng,2024-05-25 03:00,12.0,0.0,1.2
4,Xindian,2024-05-25 03:00,7.0,0.6,15.0
3,Wanli,2024-05-25 03:00,4.0,0.5,12.5
2,Xizhi,2024-05-25 03:00,9.0,0.7,0.5
1,Keelung,2024-05-25 03:00,2.0,0.3,4.5
313,Pingtung（fangshan）,2024-05-25 02:00,7.0,0.1,28.0
312,Taichung（Rilana Elementary）,2024-05-25 02:00,4.0,1.1,4.3
311,New Taipei(Shulin),2024-05-25 02:00,15.0,0.1,3.2
204,Pingtung（Liuqiu）,2024-05-25 02:00,16.0,1.0,19.8
203,Tainan（Madou）,2024-05-25 02:00,18.0,0.3,0.3
202,Kaohsiung（Hunei）,2024-05-25 02:00,16.0,0.8,7.7
201,Changhua（Yuanlin）,2024-05-25 02:00,15.0,1.8,15.6
85,Dacheng,2024-05-25 02:00,22.0,1.2,3.5
84,FugueiCape,2024-05-25 02:00,2.0,0.0,16.5
83,Mailiao,2024-05-25 02:00,22.0,1.6,3.3
80,Guanshan,2024-05-25 02:00,0.0,0.6,23.3
78,Magong,2024-05-25 02:00,7.0,0.8,30.6
77,Kinmen,2024-05-25 02:00,21.0,0.7,27.9
75,Matsu,2024-05-25 02:00,11.0,0.4,29.0
72,Puli,2024-05-25 02:00,10.0,1.6,8.4
71,Fuxing,2024-05-25 02:00,12.0,1.2,22.9
70,Yonghe,2024-05-25 02:00,4.0,0.5,7.3
69,Zhushan,2024-05-25 02:00,8.0,0.6,7.4
68,Zhongli,2024-05-25 02:00,10.0,0.8,2.0
67,Sanchong,2024-05-25 02:00,11.0,0.9,0.8
66,Dongshan,2024-05-25 02:00,8.0,0.1,10.4
65,Yilan,2024-05-25 02:00,8.0,0.8,18.8
64,Yangming,2024-05-25 02:00,2.0,0.4,23.9
63,Hualien,2024-05-25 02:00,8.0,0.4,14.6
62,Taitung,2024-05-25 02:00,0.0,0.6,20.1
61,Hengchun,2024-05-25 02:00,2.0,0.3,23.3
60,Chaozhou,2024-05-25 02:00,22.0,0.7,5.8
59,Pingtung,2024-05-25 02:00,18.0,0.9,15.2
58,Xiaogang,2024-05-25 02:00,17.0,1.6,18.5
57,Qianzhen,2024-05-25 02:00,13.0,1.3,21.9
56,Qianjin,2024-05-25 02:00,18.0,1.3,13.0
54,Zuoying,2024-05-25 02:00,16.0,,11.4
53,Nanzi,2024-05-25 02:00,18.0,1.0,9.4
52,Linyuan,2024-05-25 02:00,11.0,0.8,14.7
51,Daliao,2024-05-25 02:00,14.0,2.9,9.3
50,Fengshan,2024-05-25 02:00,10.0,1.0,21.3
49,Renwu,2024-05-25 02:00,14.0,1.5,20.2
48,Qiaotou,2024-05-25 02:00,16.0,1.1,13.7
47,Meinong,2024-05-25 02:00,12.0,0.6,17.4
46,Tainan,2024-05-25 02:00,14.0,1.9,13.5
45,Annan,2024-05-25 02:00,20.0,1.7,4.8
44,Shanhua,2024-05-25 02:00,21.0,0.8,8.0
43,Xinying,2024-05-25 02:00,21.0,2.2,0.7
42,Chiayi,2024-05-25 02:00,15.0,0.8,5.1
41,Taixi,2024-05-25 02:00,16.0,1.2,4.0
40,Puzi,2024-05-25 02:00,26.0,0.8,1.6
39,Xingang,2024-05-25 02:00,24.0,1.1,3.5
38,Lunbei,2024-05-25 02:00,23.0,0.7,0.3
37,Douliu,2024-05-25 02:00,7.0,1.2,10.6
36,Nantou,2024-05-25 02:00,8.0,,9.8
35,Erlin,2024-05-25 02:00,23.0,1.4,1.4
34,Xianxi,2024-05-25 02:00,18.0,0.8,1.0
33,Changhua,2024-05-25 02:00,8.0,0.5,7.7
32,Xitun,2024-05-25 02:00,22.0,1.6,
31,Zhongming,2024-05-25 02:00,15.0,0.7,0.5
30,Dali,2024-05-25 02:00,14.0,0.8,4.4
29,Shalu,2024-05-25 02:00,14.0,0.8,0.7
28,Fengyuan,2024-05-25 02:00,8.0,0.6,9.8
27,Sanyi,2024-05-25 02:00,8.0,0.8,6.3
26,Miaoli,2024-05-25 02:00,7.0,1.1,3.0
25,Toufen,2024-05-25 02:00,10.0,1.7,4.8
24,Hsinchu,2024-05-25 02:00,5.0,0.0,6.2
23,Zhudong,2024-05-25 02:00,10.0,0.2,5.2
22,Hukou,2024-05-25 02:00,8.0,0.5,1.6
21,Longtan,2024-05-25 02:00,6.0,0.9,6.4
20,Pingzhen,2024-05-25 02:00,8.0,0.6,3.3
19,Guanyin,2024-05-25 02:00,20.0,0.5,0.5
18,Dayuan,2024-05-25 02:00,16.0,1.6,0.5
17,Taoyuan,2024-05-25 02:00,13.0,1.2,2.6
16,Datong,2024-05-25 02:00,13.0,0.7,1.1
15,Songshan,2024-05-25 02:00,10.0,1.4,1.3
14,Guting,2024-05-25 02:00,7.0,1.3,5.3
13,Wanhua,2024-05-25 02:00,8.0,0.7,3.6
12,Zhongshan,2024-05-25 02:00,9.0,0.7,0.6
11,Shilin,2024-05-25 02:00,11.0,0.7,5.0
10,Tamsui,2024-05-25 02:00,8.0,0.5,3.2
9,Linkou,2024-05-25 02:00,8.0,0.7,11.7
8,Cailiao,2024-05-25 02:00,10.0,1.1,1.5
7,Xinzhuang,2024-05-25 02:00,18.0,0.4,0.0
6,Banqiao,2024-05-25 02:00,4.0,0.6,8.6
5,Tucheng,2024-05-25 02:00,12.0,0.0,0.4
4,Xindian,2024-05-25 02:00,11.0,0.7,11.0
3,Wanli,2024-05-25 02:00,4.0,0.7,10.9
2,Xizhi,2024-05-25 02:00,9.0,0.7,0.4
1,Keelung,2024-05-25 02:00,2.0,0.3,7.1
313,Pingtung（fangshan）,2024-05-25 01:00,11.0,0.1,30.0
312,Taichung（Rilana Elementary）,2024-05-25 01:00,4.0,0.6,2.8
311,New Taipei(Shulin),2024-05-25 01:00,13.0,0.2,3.6
204,Pingtung（Liuqiu）,2024-05-25 01:00,24.0,0.8,18.5
203,Tainan（Madou）,2024-05-25 01:00,19.0,0.6,3.8
202,Kaohsiung（Hunei）,2024-05-25 01:00,25.0,1.1,8.4
201,Changhua（Yuanlin）,2024-05-25 01:00,13.0,1.9,13.0
85,Dacheng,2024-05-25 01:00,21.0,1.5,4.9
84,FugueiCape,2024-05-25 01:00,2.0,0.2,15.0
83,Mailiao,2024-05-25 01:00,23.0,1.3,6.3
80,Guanshan,2024-05-25 01:00,0.0,0.6,24.9
78,Magong,2024-05-25 01:00,3.0,0.6,31.3
77,Kinmen,2024-05-25 01:00,18.0,1.0,28.1
75,Matsu,2024-05-25 01:00,8.0,0.3,31.9
72,Puli,2024-05-25 01:00,5.0,1.0,10.9
71,Fuxing,2024-05-25 01:00,13.0,0.7,22.9
70,Yonghe,2024-05-25 01:00,9.0,0.6,6.2
69,Zhushan,2024-05-25 01:00,9.0,0.3,9.6
68,Zhongli,2024-05-25 01:00,12.0,1.5,1.5
67,Sanchong,2024-05-25 01:00,9.0,0.8,0.9
66,Dongshan,2024-05-25 01:00,3.0,0.1,13.1
65,Yilan,2024-05-25 01:00,4.0,0.4,20.5
64,Yangming,2024-05-25 01:00,3.0,0.4,25.9
63,Hualien,2024-05-25 01:00,11.0,1.2,17.1
62,Taitung,2024-05-25 01:00,1.0,0.0,15.5
61,Hengchun,2024-05-25 01:00,4.0,0.4,20.6
60,Chaozhou,2024-05-25 01:00,19.0,0.7,9.2
59,Pingtung,2024-05-25 01:00,12.0,1.1,15.4
58,Xiaogang,2024-05-25 01:00,15.0,1.1,20.2
57,Qianzhen,2024-05-25 01:00,9.0,1.7,23.3
56,Qianjin,2024-05-25 01:00,12.0,1.2,17.0
54,Zuoying,2024-05-25 01:00,18.0,2.0,11.6
53,Nanzi,2024-05-25 01:00,13.0,1.1,12.6
52,Linyuan,2024-05-25 01:00,12.0,1.3,18.6
51,Daliao,2024-05-25 01:00,18.0,1.1,13.8
50,Fengshan,2024-05-25 01:00,12.0,0.7,21.5
49,Renwu,2024-05-25 01:00,13.0,1.2,16.8
48,Qiaotou,2024-05-25 01:00,16.0,1.0,15.4
47,Meinong,2024-05-25 01:00,13.0,0.1,16.3
46,Tainan,2024-05-25 01:00,16.0,2.0,14.8
45,Annan,2024-05-25 01:00,20.0,2.0,4.3
44,Shanhua,2024-05-25 01:00,17.0,0.4,9.2
43,Xinying,2024-05-25 01:00,23.0,0.9,1.7
42,Chiayi,2024-05-25 01:00,21.0,1.1,7.5
41,Taixi,2024-05-25 01:00,17.0,1.5,7.2
40,Puzi,2024-05-25 01:00,22.0,1.3,2.3
39,Xingang,2024-05-25 01:00,17.0,1.2,4.8
38,Lunbei,2024-05-25 01:00,26.0,0.4,0.6
37,Douliu,2024-05-25 01:00,11.0,0.7,10.8
36,Nantou,2024-05-25 01:00,6.0,0.1,12.6
35,Erlin,2024-05-25 01:00,22.0,0.3,1.8
34,Xianxi,2024-05-25 01:00,14.0,0.8,1.5
33,Changhua,2024-05-25 01:00,9.0,0.1,7.9
32,Xitun,2024-05-25 01:00,19.0,1.4,0.3
31,Zhongming,2024-05-25 01:00,15.0,1.9,0.8
30,Dali,2024-05-25 01:00,15.0,1.0,5.4
29,Shalu,2024-05-25 01:00,18.0,0.8,0.6
28,Fengyuan,2024-05-25 01:00,4.0,0.6,12.2
27,Sanyi,2024-05-25 01:00,6.0,0.4,4.3
26,Miaoli,2024-05-25 01:00,8.0,0.7,1.1
25,Toufen,2024-05-25 01:00,12.0,0.9,3.4
24,Hsinchu,2024-05-25 01:00,7.0,0.3,7.0
23,Zhudong,2024-05-25 01:00,8.0,0.4,5.1
22,Hukou,2024-05-25 01:00,8.0,1.3,4.6
21,Longtan,2024-05-25 01:00,7.0,1.0,8.3
20,Pingzhen,2024-05-25 01:00,11.0,1.0,2.1
19,Guanyin,2024-05-25 01:00,20.0,0.9,0.3
18,Dayuan,2024-05-25 01:00,15.0,1.6,0.5
17,Taoyuan,2024-05-25 01:00,10.0,2.5,0.8
16,Datong,2024-05-25 01:00,9.0,1.1,1.4
15,Songshan,2024-05-25 01:00,13.0,1.8,1.3
14,Guting,2024-05-25 01:00,8.0,0.9,7.6
13,Wanhua,2024-05-25 01:00,8.0,0.2,2.5
12,Zhongshan,2024-05-25 01:00,8.0,1.2,0.5
11,Shilin,2024-05-25 01:00,7.0,0.4,7.7
10,Tamsui,2024-05-25 01:00,12.0,0.4,0.7
9,Linkou,2024-05-25 01:00,13.0,0.2,4.1
8,Cailiao,2024-05-25 01:00,7.0,1.0,0.1
7,Xinzhuang,2024-05-25 01:00,6.0,0.2,6.5
6,Banqiao,2024-05-25 01:00,5.0,0.2,3.9
5,Tucheng,2024-05-25 01:00,12.0,0.8,1.4
4,Xindian,2024-05-25 01:00,22.0,1.0,5.2
3,Wanli,2024-05-25 01:00,4.0,0.6,9.7
2,Xizhi,2024-05-25 01:00,8.0,0.5,0.8
1,Keelung,2024-05-25 01:00,4.0,0.0,4.7
313,Pingtung（fangshan）,2024-05-25 00:00,2.0,0.0,19.8
312,Taichung（Rilana Elementary）,2024-05-25 00:00,6.0,0.6,5.5
311,New Taipei(Shulin),2024-05-25 00:00,18.0,0.1,3.6
204,Pingtung（Liuqiu）,2024-05-25 00:00,21.0,1.1,23.7
203,Tainan（Madou）,2024-05-25 00:00,19.0,0.7,8.7
202,Kaohsiung（Hunei）,2024-05-25 00:00,17.0,1.1,8.0
201,Changhua（Yuanlin）,2024-05-25 00:00,15.0,2.4,7.7
85,Dacheng,2024-05-25 00:00,14.0,1.6,9.1
84,FugueiCape,2024-05-25 00:00,5.0,0.2,13.8
83,Mailiao,2024-05-25 00:00,15.0,1.4,7.5
80,Guanshan,2024-05-25 00:00,5.0,0.6,22.6
78,Magong,2024-05-25 00:00,2.0,0.7,33.1
77,Kinmen,2024-05-25 00:00,27.0,1.0,30.9
75,Matsu,2024-05-25 00:00,10.0,0.4,35.0
72,Puli,2024-05-25 00:00,9.0,1.0,13.0
71,Fuxing,2024-05-25 00:00,10.0,1.1,19.6
70,Yonghe,2024-05-25 00:00,13.0,0.7,3.7
69,Zhushan,2024-05-25 00:00,10.0,0.3,11.3
68,Zhongli,2024-05-25 00:00,16.0,1.4,0.4
67,Sanchong,2024-05-25 00:00,13.0,0.6,0.2
66,Dongshan,2024-05-25 00:00,1.0,0.2,13.3
65,Yilan,2024-05-25 00:00,3.0,0.6,23.6
64,Yangming,2024-05-25 00:00,1.0,0.4,29.2
63,Hualien,2024-05-25 00:00,7.0,1.2,14.9
62,Taitung,2024-05-25 00:00,2.0,0.1,15.0
61,Hengchun,2024-05-25 00:00,7.0,0.2,15.2
60,Chaozhou,2024-05-25 00:00,24.0,0.6,11.5
59,Pingtung,2024-05-25 00:00,11.0,1.1,18.1
58,Xiaogang,2024-05-25 00:00,15.0,1.4,20.8
57,Qianzhen,2024-05-25 00:00,8.0,2.2,18.8
56,Qianjin,2024-05-25 00:00,7.0,0.9,20.1
54,Zuoying,2024-05-25 00:00,15.0,1.6,16.2
53,Nanzi,2024-05-25 00:00,19.0,1.3,12.8
52,Linyuan,2024-05-25 00:00,11.0,1.5,23.3
51,Daliao,2024-05-25 00:00,17.0,1.0,17.5
50,Fengshan,2024-05-25 00:00,8.0,0.8,22.3
49,Renwu,2024-05-25 00:00,12.0,1.2,21.6
48,Qiaotou,2024-05-25 00:00,19.0,1.2,14.9
47,Meinong,2024-05-25 00:00,13.0,0.3,18.3
46,Tainan,2024-05-25 00:00,19.0,1.6,14.7
45,Annan,2024-05-25 00:00,24.0,1.5,2.6
44,Shanhua,2024-05-25 00:00,20.0,0.4,10.8
43,Xinying,2024-05-25 00:00,15.0,1.3,6.6
42,Chiayi,2024-05-25 00:00,22.0,1.2,8.4
41,Taixi,2024-05-25 00:00,17.0,1.5,9.7
40,Puzi,2024-05-25 00:00,22.0,1.3,3.9
39,Xingang,2024-05-25 00:00,26.0,1.5,4.0
38,Lunbei,2024-05-25 00:00,20.0,0.5,1.4
37,Douliu,2024-05-25 00:00,12.0,0.9,8.5
36,Nantou,2024-05-25 00:00,9.0,0.1,10.9
35,Erlin,2024-05-25 00:00,20.0,0.3,2.8
34,Xianxi,2024-05-25 00:00,14.0,1.4,1.1
33,Changhua,2024-05-25 00:00,12.0,0.4,9.5
32,Xitun,2024-05-25 00:00,21.0,1.2,0.5
31,Zhongming,2024-05-25 00:00,11.0,2.0,0.6
30,Dali,2024-05-25 00:00,13.0,1.4,2.4
29,Shalu,2024-05-25 00:00,12.0,1.1,0.7
28,Fengyuan,2024-05-25 00:00,8.0,0.3,9.5
27,Sanyi,2024-05-25 00:00,6.0,0.5,1.7
26,Miaoli,2024-05-25 00:00,10.0,0.8,0.6
25,Toufen,2024-05-25 00:00,7.0,0.6,6.6
24,Hsinchu,2024-05-25 00:00,6.0,0.6,9.1
23,Zhudong,2024-05-25 00:00,9.0,0.3,9.2
22,Hukou,2024-05-25 00:00,12.0,1.5,5.5
21,Longtan,2024-05-25 00:00,12.0,1.1,6.6
20,Pingzhen,2024-05-25 00:00,12.0,1.2,0.1
19,Guanyin,2024-05-25 00:00,27.0,1.1,0.4
18,Dayuan,2024-05-25 00:00,17.0,1.5,0.5
17,Taoyuan,2024-05-25 00:00,15.0,4.0,1.9
16,Datong,2024-05-25 00:00,16.0,1.5,0.9
15,Songshan,2024-05-25 00:00,12.0,1.9,1.2
14,Guting,2024-05-25 00:00,7.0,1.0,7.1
13,Wanhua,2024-05-25 00:00,8.0,0.5,1.3
12,Zhongshan,2024-05-25 00:00,12.0,1.2,0.0
11,Shilin,2024-05-25 00:00,10.0,0.5,9.7
10,Tamsui,2024-05-25 00:00,11.0,0.5,0.6
9,Linkou,2024-05-25 00:00,13.0,0.5,0.7
8,Cailiao,2024-05-25 00:00,9.0,1.1,0.0
7,Xinzhuang,2024-05-25 00:00,17.0,0.6,0.4
6,Banqiao,2024-05-25 00:00,7.0,0.2,3.8
5,Tucheng,2024-05-25 00:00,14.0,1.0,5.1
4,Xindian,2024-05-25 00:00,12.0,1.1,6.5
3,Wanli,2024-05-25 00:00,4.0,0.8,6.8
2,Xizhi,2024-05-25 00:00,10.0,1.9,0.6
1,Keelung,2024-05-25 00:00,7.0,0.0,2.1
313,Pingtung（fangshan）,2024-05-24 23:00,6.0,0.1,21.3
312,Taichung（Rilana Elementary）,2024-05-24 23:00,6.0,0.6,4.7
311,New Taipei(Shulin),2024-05-24 23:00,9.0,0.1,4.2
204,Pingtung（Liuqiu）,2024-05-24 23:00,17.0,3.1,27.9
203,Tainan（Madou）,2024-05-24 23:00,14.0,0.7,8.8
202,Kaohsiung（Hunei）,2024-05-24 23:00,17.0,0.8,9.7
201,Changhua（Yuanlin）,2024-05-24 23:00,20.0,2.4,2.7
85,Dacheng,2024-05-24 23:00,15.0,1.8,13.4
84,FugueiCape,2024-05-24 23:00,5.0,0.5,13.1
83,Mailiao,2024-05-24 23:00,11.0,1.4,6.0
80,Guanshan,2024-05-24 23:00,7.0,0.5,17.9
78,Magong,2024-05-24 23:00,3.0,0.6,33.5
77,Kinmen,2024-05-24 23:00,29.0,1.1,28.8
75,Matsu,2024-05-24 23:00,14.0,0.6,34.4
72,Puli,2024-05-24 23:00,11.0,1.0,16.9
71,Fuxing,2024-05-24 23:00,10.0,1.3,15.2
70,Yonghe,2024-05-24 23:00,10.0,0.8,1.9
69,Zhushan,2024-05-24 23:00,15.0,0.3,11.2
68,Zhongli,2024-05-24 23:00,22.0,1.5,0.5
67,Sanchong,2024-05-24 23:00,15.0,0.8,0.4
66,Dongshan,2024-05-24 23:00,3.0,0.1,12.5
65,Yilan,2024-05-24 23:00,5.0,0.4,25.3
64,Yangming,2024-05-24 23:00,0.0,0.3,29.4
63,Hualien,2024-05-24 23:00,7.0,1.4,15.6
62,Taitung,2024-05-24 23:00,4.0,0.0,17.5
61,Hengchun,2024-05-24 23:00,7.0,0.0,13.4
60,Chaozhou,2024-05-24 23:00,16.0,0.8,18.4
59,Pingtung,2024-05-24 23:00,21.0,1.1,24.6
58,Xiaogang,2024-05-24 23:00,12.0,1.8,19.8
57,Qianzhen,2024-05-24 23:00,7.0,2.4,18.4
56,Qianjin,2024-05-24 23:00,8.0,1.1,22.6
54,Zuoying,2024-05-24 23:00,19.0,1.8,21.4
53,Nanzi,2024-05-24 23:00,19.0,1.2,13.8
52,Linyuan,2024-05-24 23:00,16.0,3.0,21.0
51,Daliao,2024-05-24 23:00,18.0,1.6,18.4
50,Fengshan,2024-05-24 23:00,9.0,0.8,20.9
49,Renwu,2024-05-24 23:00,17.0,1.6,17.9
48,Qiaotou,2024-05-24 23:00,20.0,1.5,16.7
47,Meinong,2024-05-24 23:00,14.0,0.4,19.9
46,Tainan,2024-05-24 23:00,18.0,1.1,16.1
45,Annan,2024-05-24 23:00,18.0,1.4,12.8
44,Shanhua,2024-05-24 23:00,19.0,0.6,10.8
43,Xinying,2024-05-24 23:00,11.0,1.3,10.9
42,Chiayi,2024-05-24 23:00,20.0,3.3,8.7
41,Taixi,2024-05-24 23:00,18.0,1.7,8.7
40,Puzi,2024-05-24 23:00,21.0,1.5,5.1
39,Xingang,2024-05-24 23:00,20.0,1.6,10.3
38,Lunbei,2024-05-24 23:00,20.0,0.6,2.6
37,Douliu,2024-05-24 23:00,12.0,0.9,8.8
36,Nantou,2024-05-24 23:00,12.0,0.1,6.6
35,Erlin,2024-05-24 23:00,23.0,0.7,3.5
34,Xianxi,2024-05-24 23:00,8.0,2.7,1.2
33,Changhua,2024-05-24 23:00,19.0,0.6,1.9
32,Xitun,2024-05-24 23:00,12.0,1.1,0.6
31,Zhongming,2024-05-24 23:00,17.0,2.1,0.8
30,Dali,2024-05-24 23:00,15.0,1.6,1.4
29,Shalu,2024-05-24 23:00,11.0,0.8,1.2
28,Fengyuan,2024-05-24 23:00,10.0,0.5,10.2
27,Sanyi,2024-05-24 23:00,9.0,0.6,2.4
26,Miaoli,2024-05-24 23:00,8.0,0.8,9.6
25,Toufen,2024-05-24 23:00,6.0,0.5,6.4
24,Hsinchu,2024-05-24 23:00,9.0,0.6,5.4
23,Zhudong,2024-05-24 23:00,12.0,0.3,8.2
22,Hukou,2024-05-24 23:00,16.0,1.6,4.6
21,Longtan,2024-05-24 23:00,16.0,1.2,4.8
20,Pingzhen,2024-05-24 23:00,20.0,1.5,1.7
19,Guanyin,2024-05-24 23:00,20.0,1.3,2.2
18,Dayuan,2024-05-24 23:00,14.0,2.1,0.7
17,Taoyuan,2024-05-24 23:00,15.0,2.8,0.4
16,Datong,2024-05-24 23:00,19.0,1.5,0.9
15,Songshan,2024-05-24 23:00,14.0,1.7,1.1
14,Guting,2024-05-24 23:00,7.0,1.1,0.3
13,Wanhua,2024-05-24 23:00,10.0,0.8,0.9
12,Zhongshan,2024-05-24 23:00,12.0,1.2,0.8
11,Shilin,2024-05-24 23:00,15.0,0.5,3.9
10,Tamsui,2024-05-24 23:00,11.0,0.5,2.1
9,Linkou,2024-05-24 23:00,8.0,0.3,9.1
8,Cailiao,2024-05-24 23:00,10.0,1.2,0.0
7,Xinzhuang,2024-05-24 23:00,16.0,0.5,0.0
6,Banqiao,2024-05-24 23:00,10.0,0.2,1.7
5,Tucheng,2024-05-24 23:00,15.0,1.0,0.2
4,Xindian,2024-05-24 23:00,8.0,1.1,4.8
3,Wanli,2024-05-24 23:00,7.0,0.7,5.1
2,Xizhi,2024-05-24 23:00,11.0,3.7,0.4
1,Keelung,2024-05-24 23:00,8.0,0.1,0.7
313,Pingtung（fangshan）,2024-05-24 22:00,18.0,0.3,46.6
312,Taichung（Rilana Elementary）,2024-05-24 22:00,6.0,0.1,4.2
311,New Taipei(Shulin),2024-05-24 22:00,17.0,0.4,2.5
204,Pingtung（Liuqiu）,2024-05-24 22:00,20.0,4.7,27.7
203,Tainan（Madou）,2024-05-24 22:00,17.0,0.7,9.4
202,Kaohsiung（Hunei）,2024-05-24 22:00,11.0,1.0,14.3
201,Changhua（Yuanlin）,2024-05-24 22:00,22.0,2.2,1.7
85,Dacheng,2024-05-24 22:00,11.0,1.9,14.7
84,FugueiCape,2024-05-24 22:00,6.0,0.3,19.4
83,Mailiao,2024-05-24 22:00,16.0,1.3,7.1
80,Guanshan,2024-05-24 22:00,4.0,0.5,10.3
78,Magong,2024-05-24 22:00,0.0,0.7,34.3
77,Kinmen,2024-05-24 22:00,32.0,1.2,33.2
75,Matsu,2024-05-24 22:00,10.0,0.6,35.8
72,Puli,2024-05-24 22:00,12.0,1.1,16.0
71,Fuxing,2024-05-24 22:00,9.0,0.7,22.1
70,Yonghe,2024-05-24 22:00,12.0,0.8,1.5
69,Zhushan,2024-05-24 22:00,15.0,0.5,16.3
68,Zhongli,2024-05-24 22:00,23.0,1.4,1.0
67,Sanchong,2024-05-24 22:00,17.0,0.9,0.5
66,Dongshan,2024-05-24 22:00,3.0,0.2,12.8
65,Yilan,2024-05-24 22:00,6.0,0.5,23.2
64,Yangming,2024-05-24 22:00,2.0,0.3,30.6
63,Hualien,2024-05-24 22:00,9.0,1.4,16.3
62,Taitung,2024-05-24 22:00,2.0,0.0,14.1
61,Hengchun,2024-05-24 22:00,5.0,0.2,14.4
60,Chaozhou,2024-05-24 22:00,17.0,1.0,23.4
59,Pingtung,2024-05-24 22:00,16.0,1.1,24.1
58,Xiaogang,2024-05-24 22:00,13.0,2.3,19.4
57,Qianzhen,2024-05-24 22:00,8.0,1.8,24.6
56,Qianjin,2024-05-24 22:00,7.0,0.9,21.8
54,Zuoying,2024-05-24 22:00,20.0,1.7,20.2
53,Nanzi,2024-05-24 22:00,12.0,1.3,17.9
52,Linyuan,2024-05-24 22:00,17.0,4.0,24.1
51,Daliao,2024-05-24 22:00,19.0,1.6,18.1
50,Fengshan,2024-05-24 22:00,9.0,0.8,22.2
49,Renwu,2024-05-24 22:00,16.0,1.3,17.6
48,Qiaotou,2024-05-24 22:00,14.0,1.4,18.9
47,Meinong,2024-05-24 22:00,17.0,0.5,23.0
46,Tainan,2024-05-24 22:00,11.0,1.4,21.2
45,Annan,2024-05-24 22:00,17.0,1.3,18.9
44,Shanhua,2024-05-24 22:00,16.0,0.7,16.2
43,Xinying,2024-05-24 22:00,10.0,0.6,14.6
42,Chiayi,2024-05-24 22:00,22.0,3.8,9.1
41,Taixi,2024-05-24 22:00,15.0,1.4,11.9
40,Puzi,2024-05-24 22:00,22.0,1.5,7.2
39,Xingang,2024-05-24 22:00,19.0,1.9,10.3
38,Lunbei,2024-05-24 22:00,19.0,0.6,3.6
37,Douliu,2024-05-24 22:00,13.0,1.1,12.4
36,Nantou,2024-05-24 22:00,13.0,0.3,4.4
35,Erlin,2024-05-24 22:00,19.0,0.7,3.7
34,Xianxi,2024-05-24 22:00,9.0,1.7,5.5
33,Changhua,2024-05-24 22:00,11.0,0.6,2.5
32,Xitun,2024-05-24 22:00,13.0,1.3,2.9
31,Zhongming,2024-05-24 22:00,12.0,1.9,2.1
30,Dali,2024-05-24 22:00,15.0,1.4,3.0
29,Shalu,2024-05-24 22:00,15.0,0.7,4.8
28,Fengyuan,2024-05-24 22:00,11.0,0.6,10.1
27,Sanyi,2024-05-24 22:00,8.0,0.4,1.3
26,Miaoli,2024-05-24 22:00,6.0,0.9,11.1
25,Toufen,2024-05-24 22:00,5.0,0.7,8.4
24,Hsinchu,2024-05-24 22:00,7.0,0.4,1.0
23,Zhudong,2024-05-24 22:00,11.0,0.4,9.9
22,Hukou,2024-05-24 22:00,12.0,1.6,7.5
21,Longtan,2024-05-24 22:00,12.0,1.3,7.2
20,Pingzhen,2024-05-24 22:00,15.0,1.4,4.7
19,Guanyin,2024-05-24 22:00,18.0,0.6,5.9
18,Dayuan,2024-05-24 22:00,17.0,1.6,0.7
17,Taoyuan,2024-05-24 22:00,20.0,1.9,1.1
16,Datong,2024-05-24 22:00,22.0,1.4,0.8
15,Songshan,2024-05-24 22:00,14.0,1.6,0.9
14,Guting,2024-05-24 22:00,10.0,1.2,0.4
13,Wanhua,2024-05-24 22:00,18.0,0.5,1.1
12,Zhongshan,2024-05-24 22:00,13.0,1.3,0.0
11,Shilin,2024-05-24 22:00,9.0,0.6,2.6
10,Tamsui,2024-05-24 22:00,11.0,0.8,2.4
9,Linkou,2024-05-24 22:00,14.0,0.6,5.8
8,Cailiao,2024-05-24 22:00,14.0,1.5,0.0
7,Xinzhuang,2024-05-24 22:00,19.0,0.6,0.2
6,Banqiao,2024-05-24 22:00,8.0,0.1,4.9
5,Tucheng,2024-05-24 22:00,17.0,1.1,0.0
4,Xindian,2024-05-24 22:00,12.0,1.1,3.0
3,Wanli,2024-05-24 22:00,7.0,0.7,4.7
2,Xizhi,2024-05-24 22:00,13.0,0.5,0.4
1,Keelung,2024-05-24 22:00,5.0,0.1,1.1
313,Pingtung（fangshan）,2024-05-26 03:00,0.0,0.2,15.8
312,Taichung（Rilana Elementary）,2024-05-26 03:00,9.0,0.7,6.6
311,New Taipei(Shulin),2024-05-26 03:00,20.0,0.4,2.1
204,Pingtung（Liuqiu）,2024-05-26 03:00,5.0,0.4,13.4
203,Tainan（Madou）,2024-05-26 03:00,28.0,0.7,9.1
202,Kaohsiung（Hunei）,2024-05-26 03:00,16.0,0.5,17.4
201,Changhua（Yuanlin）,2024-05-26 03:00,26.0,1.8,3.6
85,Dacheng,2024-05-26 03:00,21.0,1.1,24.3
84,FugueiCape,2024-05-26 03:00,6.0,0.0,11.5
83,Mailiao,2024-05-26 03:00,21.0,1.2,23.8
80,Guanshan,2024-05-26 03:00,1.0,0.1,3.7
78,Magong,2024-05-26 03:00,2.0,1.3,29.8
77,Kinmen,2024-05-26 03:00,11.0,0.3,7.1
75,Matsu,2024-05-26 03:00,5.0,0.4,6.9
72,Puli,2024-05-26 03:00,13.0,0.8,8.1
71,Fuxing,2024-05-26 03:00,17.0,1.5,24.7
70,Yonghe,2024-05-26 03:00,7.0,0.8,7.0
69,Zhushan,2024-05-26 03:00,20.0,0.6,8.9
68,Zhongli,2024-05-26 03:00,11.0,1.2,3.4
67,Sanchong,2024-05-26 03:00,5.0,0.3,3.4
66,Dongshan,2024-05-26 03:00,6.0,0.1,6.0
65,Yilan,2024-05-26 03:00,9.0,1.9,7.0
64,Yangming,2024-05-26 03:00,0.0,0.6,23.5
63,Hualien,2024-05-26 03:00,6.0,0.6,9.6
62,Taitung,2024-05-26 03:00,3.0,0.4,12.9
61,Hengchun,2024-05-26 03:00,2.0,,17.1
60,Chaozhou,2024-05-26 03:00,11.0,0.8,6.9
59,Pingtung,2024-05-26 03:00,14.0,0.5,16.3
58,Xiaogang,2024-05-26 03:00,21.0,1.3,15.7
57,Qianzhen,2024-05-26 03:00,13.0,2.0,25.4
56,Qianjin,2024-05-26 03:00,9.0,0.9,33.0
54,Zuoying,2024-05-26 03:00,13.0,1.5,38.7
53,Nanzi,2024-05-26 03:00,17.0,1.6,22.0
52,Linyuan,2024-05-26 03:00,15.0,0.6,19.3
51,Daliao,2024-05-26 03:00,16.0,4.4,23.4
50,Fengshan,2024-05-26 03:00,11.0,1.4,22.6
49,Renwu,2024-05-26 03:00,19.0,1.0,17.9
48,Qiaotou,2024-05-26 03:00,15.0,0.9,13.6
47,Meinong,2024-05-26 03:00,16.0,0.9,16.8
46,Tainan,2024-05-26 03:00,25.0,1.2,17.0
45,Annan,2024-05-26 03:00,22.0,1.2,15.0
44,Shanhua,2024-05-26 03:00,20.0,1.3,17.7
43,Xinying,2024-05-26 03:00,28.0,1.5,4.6
42,Chiayi,2024-05-26 03:00,21.0,2.0,13.0
41,Taixi,2024-05-26 03:00,16.0,0.9,25.9
40,Puzi,2024-05-26 03:00,40.0,2.5,14.3
39,Xingang,2024-05-26 03:00,37.0,2.5,11.0
38,Lunbei,2024-05-26 03:00,35.0,1.0,16.7
37,Douliu,2024-05-26 03:00,21.0,1.7,9.0
36,Nantou,2024-05-26 03:00,11.0,0.4,7.4
35,Erlin,2024-05-26 03:00,27.0,0.5,11.6
34,Xianxi,2024-05-26 03:00,16.0,1.3,15.8
33,Changhua,2024-05-26 03:00,24.0,1.0,8.2
32,Xitun,2024-05-26 03:00,21.0,1.8,4.3
31,Zhongming,2024-05-26 03:00,22.0,1.7,10.5
30,Dali,2024-05-26 03:00,17.0,0.8,10.9
29,Shalu,2024-05-26 03:00,24.0,1.0,4.3
28,Fengyuan,2024-05-26 03:00,10.0,0.7,14.4
27,Sanyi,2024-05-26 03:00,6.0,0.9,18.6
26,Miaoli,2024-05-26 03:00,15.0,0.9,8.6
25,Toufen,2024-05-26 03:00,19.0,2.3,2.6
24,Hsinchu,2024-05-26 03:00,17.0,0.3,0.2
23,Zhudong,2024-05-26 03:00,11.0,0.6,2.9
22,Hukou,2024-05-26 03:00,19.0,0.3,1.2
21,Longtan,2024-05-26 03:00,18.0,0.6,6.0
20,Pingzhen,2024-05-26 03:00,10.0,0.1,3.8
19,Guanyin,2024-05-26 03:00,13.0,2.1,12.8
18,Dayuan,2024-05-26 03:00,14.0,2.2,0.8
17,Taoyuan,2024-05-26 03:00,21.0,2.5,0.0
16,Datong,2024-05-26 03:00,9.0,0.7,3.8
15,Songshan,2024-05-26 03:00,10.0,0.9,1.3
14,Guting,2024-05-26 03:00,5.0,1.0,4.8
13,Wanhua,2024-05-26 03:00,3.0,0.1,6.8
12,Zhongshan,2024-05-26 03:00,7.0,0.6,1.7
11,Shilin,2024-05-26 03:00,11.0,0.4,2.3
10,Tamsui,2024-05-26 03:00,11.0,1.0,0.9
9,Linkou,2024-05-26 03:00,4.0,0.0,9.0
8,Cailiao,2024-05-26 03:00,5.0,0.7,3.3
7,Xinzhuang,2024-05-26 03:00,16.0,0.7,0.1
6,Banqiao,2024-05-26 03:00,17.0,0.9,0.5
5,Tucheng,2024-05-26 03:00,13.0,0.7,0.5
4,Xindian,2024-05-26 03:00,8.0,0.0,8.0
3,Wanli,2024-05-26 03:00,3.0,0.9,4.6
2,Xizhi,2024-05-26 03:00,7.0,0.5,1.2
1,Keelung,2024-05-26 03:00,8.0,0.8,0.3
313,Pingtung（fangshan）,2024-05-26 02:00,0.0,0.3,16.0
312,Taichung（Rilana Elementary）,2024-05-26 02:00,10.0,0.9,9.1
311,New Taipei(Shulin),2024-05-26 02:00,21.0,0.4,1.9
204,Pingtung（Liuqiu）,2024-05-26 02:00,7.0,0.5,13.1
203,Tainan（Madou）,2024-05-26 02:00,30.0,0.7,11.8
202,Kaohsiung（Hunei）,2024-05-26 02:00,16.0,0.7,11.3
201,Changhua（Yuanlin）,2024-05-26 02:00,33.0,1.9,4.5
85,Dacheng,2024-05-26 02:00,14.0,1.0,31.9
84,FugueiCape,2024-05-26 02:00,7.0,0.0,11.6
83,Mailiao,2024-05-26 02:00,18.0,1.2,27.5
80,Guanshan,2024-05-26 02:00,0.0,0.2,3.9
78,Magong,2024-05-26 02:00,3.0,1.3,31.0
77,Kinmen,2024-05-26 02:00,10.0,0.4,8.4
75,Matsu,2024-05-26 02:00,6.0,0.4,12.5
72,Puli,2024-05-26 02:00,15.0,0.9,7.0
71,Fuxing,2024-05-26 02:00,10.0,1.1,27.1
70,Yonghe,2024-05-26 02:00,3.0,0.7,6.3
69,Zhushan,2024-05-26 02:00,16.0,0.9,6.3
68,Zhongli,2024-05-26 02:00,21.0,1.6,2.1
67,Sanchong,2024-05-26 02:00,7.0,0.3,3.2
66,Dongshan,2024-05-26 02:00,7.0,0.0,7.9
65,Yilan,2024-05-26 02:00,5.0,2.7,6.7
64,Yangming,2024-05-26 02:00,0.0,0.7,14.7
63,Hualien,2024-05-26 02:00,4.0,0.7,10.0
62,Taitung,2024-05-26 02:00,4.0,0.5,9.4
61,Hengchun,2024-05-26 02:00,4.0,,17.1
60,Chaozhou,2024-05-26 02:00,9.0,0.9,8.3
59,Pingtung,2024-05-26 02:00,15.0,0.8,20.2
58,Xiaogang,2024-05-26 02:00,21.0,1.8,21.9
57,Qianzhen,2024-05-26 02:00,15.0,1.7,29.5
56,Qianjin,2024-05-26 02:00,11.0,0.7,33.9
54,Zuoying,2024-05-26 02:00,9.0,1.6,32.8
53,Nanzi,2024-05-26 02:00,16.0,1.5,20.9
52,Linyuan,2024-05-26 02:00,17.0,1.1,12.5
51,Daliao,2024-05-26 02:00,21.0,3.3,19.5
50,Fengshan,2024-05-26 02:00,15.0,1.7,17.1
49,Renwu,2024-05-26 02:00,10.0,0.9,29.6
48,Qiaotou,2024-05-26 02:00,15.0,1.0,16.1
47,Meinong,2024-05-26 02:00,11.0,0.9,18.2
46,Tainan,2024-05-26 02:00,24.0,1.2,14.6
45,Annan,2024-05-26 02:00,15.0,1.4,12.1
44,Shanhua,2024-05-26 02:00,14.0,1.3,20.8
43,Xinying,2024-05-26 02:00,25.0,1.2,7.6
42,Chiayi,2024-05-26 02:00,27.0,2.8,10.5
41,Taixi,2024-05-26 02:00,14.0,1.0,28.7
40,Puzi,2024-05-26 02:00,29.0,1.9,15.5
39,Xingang,2024-05-26 02:00,36.0,2.5,16.3
38,Lunbei,2024-05-26 02:00,29.0,1.2,22.1
37,Douliu,2024-05-26 02:00,32.0,2.0,3.7
36,Nantou,2024-05-26 02:00,14.0,0.4,9.4
35,Erlin,2024-05-26 02:00,25.0,0.4,15.2
34,Xianxi,2024-05-26 02:00,12.0,1.5,21.3
33,Changhua,2024-05-26 02:00,21.0,0.8,6.7
32,Xitun,2024-05-26 02:00,23.0,,2.8
31,Zhongming,2024-05-26 02:00,21.0,1.6,8.6
30,Dali,2024-05-26 02:00,20.0,1.0,6.7
29,Shalu,2024-05-26 02:00,21.0,1.0,8.7
28,Fengyuan,2024-05-26 02:00,8.0,1.0,15.6
27,Sanyi,2024-05-26 02:00,9.0,1.1,19.3
26,Miaoli,2024-05-26 02:00,11.0,1.1,9.4
25,Toufen,2024-05-26 02:00,19.0,1.7,5.2
24,Hsinchu,2024-05-26 02:00,20.0,0.6,3.6
23,Zhudong,2024-05-26 02:00,13.0,0.5,3.8
22,Hukou,2024-05-26 02:00,19.0,0.4,0.2
21,Longtan,2024-05-26 02:00,12.0,0.4,5.9
20,Pingzhen,2024-05-26 02:00,14.0,0.6,4.2
19,Guanyin,2024-05-26 02:00,12.0,2.8,7.1
18,Dayuan,2024-05-26 02:00,15.0,2.4,0.6
17,Taoyuan,2024-05-26 02:00,22.0,2.4,2.0
16,Datong,2024-05-26 02:00,8.0,0.8,2.9
15,Songshan,2024-05-26 02:00,9.0,0.7,1.8
14,Guting,2024-05-26 02:00,7.0,0.9,2.1
13,Wanhua,2024-05-26 02:00,3.0,0.3,6.2
12,Zhongshan,2024-05-26 02:00,5.0,0.6,2.3
11,Shilin,2024-05-26 02:00,11.0,0.6,1.6
10,Tamsui,2024-05-26 02:00,12.0,1.3,0.0
9,Linkou,2024-05-26 02:00,5.0,0.0,8.3
8,Cailiao,2024-05-26 02:00,4.0,0.8,1.8
7,Xinzhuang,2024-05-26 02:00,15.0,0.8,0.1
6,Banqiao,2024-05-26 02:00,6.0,0.7,0.1
5,Tucheng,2024-05-26 02:00,14.0,0.9,0.8
4,Xindian,2024-05-26 02:00,9.0,0.0,8.5
3,Wanli,2024-05-26 02:00,5.0,1.0,4.1
2,Xizhi,2024-05-26 02:00,8.0,0.7,0.4
1,Keelung,2024-05-26 02:00,9.0,0.9,0.2
313,Pingtung（fangshan）,2024-05-26 01:00,0.0,0.2,16.4
312,Taichung（Rilana Elementary）,2024-05-26 01:00,17.0,0.4,6.8
311,New Taipei(Shulin),2024-05-26 01:00,19.0,0.4,2.8
204,Pingtung（Liuqiu）,2024-05-26 01:00,10.0,1.1,17.6
203,Tainan（Madou）,2024-05-26 01:00,26.0,0.6,18.9
202,Kaohsiung（Hunei）,2024-05-26 01:00,20.0,0.5,20.7
201,Changhua（Yuanlin）,2024-05-26 01:00,25.0,2.4,7.5
85,Dacheng,2024-05-26 01:00,9.0,1.1,43.2
84,FugueiCape,2024-05-26 01:00,7.0,0.3,12.5
83,Mailiao,2024-05-26 01:00,16.0,1.3,29.6
80,Guanshan,2024-05-26 01:00,3.0,0.5,5.5
78,Magong,2024-05-26 01:00,4.0,0.7,34.8
77,Kinmen,2024-05-26 01:00,8.0,0.6,12.6
75,Matsu,2024-05-26 01:00,4.0,0.3,10.3
72,Puli,2024-05-26 01:00,12.0,1.7,9.7
71,Fuxing,2024-05-26 01:00,11.0,1.6,22.3
70,Yonghe,2024-05-26 01:00,6.0,0.5,5.7
69,Zhushan,2024-05-26 01:00,20.0,0.8,8.2
68,Zhongli,2024-05-26 01:00,16.0,2.8,1.0
67,Sanchong,2024-05-26 01:00,8.0,0.5,1.8
66,Dongshan,2024-05-26 01:00,7.0,0.0,7.1
65,Yilan,2024-05-26 01:00,6.0,1.4,7.8
64,Yangming,2024-05-26 01:00,4.0,0.8,15.2
63,Hualien,2024-05-26 01:00,4.0,0.6,12.8
62,Taitung,2024-05-26 01:00,0.0,0.4,8.8
61,Hengchun,2024-05-26 01:00,2.0,0.0,18.3
60,Chaozhou,2024-05-26 01:00,8.0,0.4,11.5
59,Pingtung,2024-05-26 01:00,16.0,1.8,22.7
58,Xiaogang,2024-05-26 01:00,14.0,2.4,22.3
57,Qianzhen,2024-05-26 01:00,11.0,2.5,21.6
56,Qianjin,2024-05-26 01:00,9.0,0.6,33.7
54,Zuoying,2024-05-26 01:00,12.0,1.6,41.5
53,Nanzi,2024-05-26 01:00,9.0,1.0,23.9
52,Linyuan,2024-05-26 01:00,23.0,1.8,15.1
51,Daliao,2024-05-26 01:00,13.0,1.7,18.1
50,Fengshan,2024-05-26 01:00,14.0,1.6,24.0
49,Renwu,2024-05-26 01:00,19.0,1.3,26.8
48,Qiaotou,2024-05-26 01:00,18.0,0.9,19.4
47,Meinong,2024-05-26 01:00,9.0,0.8,17.1
46,Tainan,2024-05-26 01:00,21.0,2.0,17.6
45,Annan,2024-05-26 01:00,20.0,1.1,10.8
44,Shanhua,2024-05-26 01:00,17.0,0.9,17.3
43,Xinying,2024-05-26 01:00,23.0,1.1,15.1
42,Chiayi,2024-05-26 01:00,28.0,2.7,8.2
41,Taixi,2024-05-26 01:00,20.0,1.3,23.5
40,Puzi,2024-05-26 01:00,29.0,1.5,17.3
39,Xingang,2024-05-26 01:00,37.0,2.7,19.1
38,Lunbei,2024-05-26 01:00,34.0,1.1,22.0
37,Douliu,2024-05-26 01:00,35.0,2.1,3.1
36,Nantou,2024-05-26 01:00,17.0,0.4,11.0
35,Erlin,2024-05-26 01:00,20.0,1.3,22.0
34,Xianxi,2024-05-26 01:00,15.0,1.4,21.1
33,Changhua,2024-05-26 01:00,18.0,0.7,11.3
32,Xitun,2024-05-26 01:00,19.0,1.4,8.4
31,Zhongming,2024-05-26 01:00,23.0,0.4,9.2
30,Dali,2024-05-26 01:00,21.0,1.3,5.4
29,Shalu,2024-05-26 01:00,21.0,0.9,13.7
28,Fengyuan,2024-05-26 01:00,12.0,0.8,15.5
27,Sanyi,2024-05-26 01:00,8.0,0.6,8.7
26,Miaoli,2024-05-26 01:00,20.0,1.5,7.3
25,Toufen,2024-05-26 01:00,14.0,2.3,9.1
24,Hsinchu,2024-05-26 01:00,19.0,0.9,10.8
23,Zhudong,2024-05-26 01:00,14.0,0.2,3.9
22,Hukou,2024-05-26 01:00,16.0,1.2,0.3
21,Longtan,2024-05-26 01:00,14.0,2.0,6.4
20,Pingzhen,2024-05-26 01:00,19.0,1.7,0.6
19,Guanyin,2024-05-26 01:00,12.0,2.1,1.0
18,Dayuan,2024-05-26 01:00,12.0,2.6,1.3
17,Taoyuan,2024-05-26 01:00,32.0,3.6,1.0
16,Datong,2024-05-26 01:00,7.0,0.5,2.1
15,Songshan,2024-05-26 01:00,10.0,0.2,2.2
14,Guting,2024-05-26 01:00,7.0,1.2,4.4
13,Wanhua,2024-05-26 01:00,7.0,0.5,5.2
12,Zhongshan,2024-05-26 01:00,5.0,0.2,2.6
11,Shilin,2024-05-26 01:00,10.0,1.2,1.2
10,Tamsui,2024-05-26 01:00,13.0,0.3,0.8
9,Linkou,2024-05-26 01:00,8.0,1.0,5.7
8,Cailiao,2024-05-26 01:00,6.0,1.2,2.0
7,Xinzhuang,2024-05-26 01:00,11.0,0.5,0.0
6,Banqiao,2024-05-26 01:00,8.0,1.0,0.1
5,Tucheng,2024-05-26 01:00,19.0,0.3,0.7
4,Xindian,2024-05-26 01:00,7.0,0.8,7.3
3,Wanli,2024-05-26 01:00,9.0,0.7,3.9
2,Xizhi,2024-05-26 01:00,10.0,0.3,0.6
1,Keelung,2024-05-26 01:00,6.0,0.2,0.2
313,Pingtung（fangshan）,2024-05-26 00:00,2.0,0.2,17.9
312,Taichung（Rilana Elementary）,2024-05-26 00:00,23.0,0.6,9.7
311,New Taipei(Shulin),2024-05-26 00:00,17.0,0.2,3.9
204,Pingtung（Liuqiu）,2024-05-26 00:00,12.0,0.7,18.7
203,Tainan（Madou）,2024-05-26 00:00,17.0,0.7,22.4
202,Kaohsiung（Hunei）,2024-05-26 00:00,15.0,0.5,24.6
201,Changhua（Yuanlin）,2024-05-26 00:00,29.0,2.5,10.2
85,Dacheng,2024-05-26 00:00,12.0,1.2,48.3
84,FugueiCape,2024-05-26 00:00,7.0,0.1,16.8
83,Mailiao,2024-05-26 00:00,18.0,1.2,28.9
80,Guanshan,2024-05-26 00:00,3.0,0.6,5.1
78,Magong,2024-05-26 00:00,8.0,0.9,31.4
77,Kinmen,2024-05-26 00:00,15.0,0.5,15.2
75,Matsu,2024-05-26 00:00,7.0,0.2,23.0
72,Puli,2024-05-26 00:00,22.0,1.7,14.7
71,Fuxing,2024-05-26 00:00,9.0,1.5,23.0
70,Yonghe,2024-05-26 00:00,8.0,0.6,4.6
69,Zhushan,2024-05-26 00:00,16.0,0.7,16.0
68,Zhongli,2024-05-26 00:00,17.0,2.8,1.8
67,Sanchong,2024-05-26 00:00,8.0,0.6,1.0
66,Dongshan,2024-05-26 00:00,5.0,0.1,8.0
65,Yilan,2024-05-26 00:00,7.0,3.1,7.1
64,Yangming,2024-05-26 00:00,7.0,0.9,21.4
63,Hualien,2024-05-26 00:00,5.0,0.5,13.1
62,Taitung,2024-05-26 00:00,1.0,0.4,10.7
61,Hengchun,2024-05-26 00:00,3.0,0.3,19.0
60,Chaozhou,2024-05-26 00:00,10.0,0.1,10.5
59,Pingtung,2024-05-26 00:00,17.0,1.6,23.6
58,Xiaogang,2024-05-26 00:00,17.0,2.2,15.8
57,Qianzhen,2024-05-26 00:00,12.0,1.2,22.6
56,Qianjin,2024-05-26 00:00,7.0,0.6,39.9
54,Zuoying,2024-05-26 00:00,10.0,1.7,40.8
53,Nanzi,2024-05-26 00:00,13.0,0.9,18.2
52,Linyuan,2024-05-26 00:00,16.0,1.9,17.0
51,Daliao,2024-05-26 00:00,19.0,1.6,18.5
50,Fengshan,2024-05-26 00:00,9.0,1.3,18.7
49,Renwu,2024-05-26 00:00,18.0,1.5,25.1
48,Qiaotou,2024-05-26 00:00,16.0,1.1,20.6
47,Meinong,2024-05-26 00:00,8.0,1.1,20.7
46,Tainan,2024-05-26 00:00,23.0,1.9,28.7
45,Annan,2024-05-26 00:00,17.0,1.3,13.2
44,Shanhua,2024-05-26 00:00,19.0,0.9,26.4
43,Xinying,2024-05-26 00:00,23.0,1.2,25.4
42,Chiayi,2024-05-26 00:00,30.0,2.3,16.1
41,Taixi,2024-05-26 00:00,15.0,1.6,19.7
40,Puzi,2024-05-26 00:00,25.0,1.6,21.0
39,Xingang,2024-05-26 00:00,31.0,2.3,19.2
38,Lunbei,2024-05-26 00:00,32.0,1.5,18.8
37,Douliu,2024-05-26 00:00,28.0,2.4,5.8
36,Nantou,2024-05-26 00:00,19.0,0.3,9.3
35,Erlin,2024-05-26 00:00,25.0,1.7,25.6
34,Xianxi,2024-05-26 00:00,14.0,1.5,22.7
33,Changhua,2024-05-26 00:00,19.0,1.3,15.1
32,Xitun,2024-05-26 00:00,21.0,1.4,10.2
31,Zhongming,2024-05-26 00:00,21.0,0.7,9.4
30,Dali,2024-05-26 00:00,21.0,1.0,7.2
29,Shalu,2024-05-26 00:00,19.0,1.0,17.4
28,Fengyuan,2024-05-26 00:00,16.0,1.0,11.4
27,Sanyi,2024-05-26 00:00,7.0,0.6,8.9
26,Miaoli,2024-05-26 00:00,19.0,2.3,12.6
25,Toufen,2024-05-26 00:00,19.0,2.0,9.0
24,Hsinchu,2024-05-26 00:00,17.0,1.1,6.9
23,Zhudong,2024-05-26 00:00,19.0,0.2,2.6
22,Hukou,2024-05-26 00:00,15.0,2.4,6.1
21,Longtan,2024-05-26 00:00,19.0,2.7,7.4
20,Pingzhen,2024-05-26 00:00,11.0,1.4,4.3
19,Guanyin,2024-05-26 00:00,12.0,1.8,6.1
18,Dayuan,2024-05-26 00:00,12.0,2.8,4.2
17,Taoyuan,2024-05-26 00:00,22.0,3.5,0.0
16,Datong,2024-05-26 00:00,11.0,1.0,1.0
15,Songshan,2024-05-26 00:00,12.0,0.5,6.4
14,Guting,2024-05-26 00:00,13.0,1.2,3.5
13,Wanhua,2024-05-26 00:00,10.0,0.6,2.7
12,Zhongshan,2024-05-26 00:00,6.0,0.2,1.2
11,Shilin,2024-05-26 00:00,18.0,1.1,1.1
10,Tamsui,2024-05-26 00:00,16.0,0.6,2.5
9,Linkou,2024-05-26 00:00,16.0,1.4,7.1
8,Cailiao,2024-05-26 00:00,9.0,0.6,1.3
7,Xinzhuang,2024-05-26 00:00,13.0,0.5,0.0
6,Banqiao,2024-05-26 00:00,6.0,0.9,1.6
5,Tucheng,2024-05-26 00:00,21.0,0.5,0.0
4,Xindian,2024-05-26 00:00,7.0,0.9,6.8
3,Wanli,2024-05-26 00:00,3.0,0.6,4.6
2,Xizhi,2024-05-26 00:00,7.0,0.6,0.2
1,Keelung,2024-05-26 00:00,9.0,0.3,0.2
313,Pingtung（fangshan）,2024-05-25 23:00,2.0,0.2,20.5
312,Taichung（Rilana Elementary）,2024-05-25 23:00,19.0,0.9,15.2
311,New Taipei(Shulin),2024-05-25 23:00,23.0,0.6,2.7
204,Pingtung（Liuqiu）,2024-05-25 23:00,3.0,0.5,15.3
203,Tainan（Madou）,2024-05-25 23:00,19.0,0.7,21.2
202,Kaohsiung（Hunei）,2024-05-25 23:00,16.0,0.4,29.1
201,Changhua（Yuanlin）,2024-05-25 23:00,33.0,2.1,7.7
85,Dacheng,2024-05-25 23:00,10.0,1.2,48.8
84,FugueiCape,2024-05-25 23:00,5.0,0.1,20.3
83,Mailiao,2024-05-25 23:00,14.0,1.4,31.6
80,Guanshan,2024-05-25 23:00,1.0,0.6,6.2
78,Magong,2024-05-25 23:00,8.0,0.8,34.3
77,Kinmen,2024-05-25 23:00,8.0,0.5,21.3
75,Matsu,2024-05-25 23:00,10.0,0.3,26.9
72,Puli,2024-05-25 23:00,16.0,1.8,12.9
71,Fuxing,2024-05-25 23:00,9.0,1.3,24.7
70,Yonghe,2024-05-25 23:00,5.0,0.8,3.2
69,Zhushan,2024-05-25 23:00,17.0,0.8,13.9
68,Zhongli,2024-05-25 23:00,9.0,2.7,7.7
67,Sanchong,2024-05-25 23:00,17.0,1.3,0.5
66,Dongshan,2024-05-25 23:00,5.0,0.1,6.8
65,Yilan,2024-05-25 23:00,3.0,2.6,8.0
64,Yangming,2024-05-25 23:00,2.0,0.4,22.1
63,Hualien,2024-05-25 23:00,3.0,1.2,15.1
62,Taitung,2024-05-25 23:00,4.0,0.5,10.8
61,Hengchun,2024-05-25 23:00,5.0,0.2,17.8
60,Chaozhou,2024-05-25 23:00,14.0,0.2,13.7
59,Pingtung,2024-05-25 23:00,19.0,1.5,21.1
58,Xiaogang,2024-05-25 23:00,20.0,4.1,5.0
57,Qianzhen,2024-05-25 23:00,12.0,1.6,25.3
56,Qianjin,2024-05-25 23:00,9.0,0.4,39.0
54,Zuoying,2024-05-25 23:00,12.0,1.4,37.6
53,Nanzi,2024-05-25 23:00,12.0,1.1,32.5
52,Linyuan,2024-05-25 23:00,11.0,1.3,26.8
51,Daliao,2024-05-25 23:00,17.0,2.2,19.1
50,Fengshan,2024-05-25 23:00,13.0,1.4,13.6
49,Renwu,2024-05-25 23:00,16.0,1.2,35.0
48,Qiaotou,2024-05-25 23:00,11.0,1.1,36.9
47,Meinong,2024-05-25 23:00,12.0,1.2,21.3
46,Tainan,2024-05-25 23:00,15.0,1.9,40.4
45,Annan,2024-05-25 23:00,16.0,1.1,29.1
44,Shanhua,2024-05-25 23:00,12.0,1.1,28.2
43,Xinying,2024-05-25 23:00,18.0,1.0,27.8
42,Chiayi,2024-05-25 23:00,25.0,2.6,19.4
41,Taixi,2024-05-25 23:00,11.0,2.8,24.9
40,Puzi,2024-05-25 23:00,25.0,1.8,23.2
39,Xingang,2024-05-25 23:00,31.0,2.8,20.4
38,Lunbei,2024-05-25 23:00,46.0,1.8,15.3
37,Douliu,2024-05-25 23:00,38.0,2.6,15.4
36,Nantou,2024-05-25 23:00,17.0,0.3,16.1
35,Erlin,2024-05-25 23:00,30.0,2.3,18.3
34,Xianxi,2024-05-25 23:00,15.0,1.2,26.7
33,Changhua,2024-05-25 23:00,22.0,2.1,11.3
32,Xitun,2024-05-25 23:00,20.0,1.5,7.3
31,Zhongming,2024-05-25 23:00,23.0,0.9,5.1
30,Dali,2024-05-25 23:00,24.0,1.0,8.3
29,Shalu,2024-05-25 23:00,20.0,1.0,19.1
28,Fengyuan,2024-05-25 23:00,13.0,0.5,18.7
27,Sanyi,2024-05-25 23:00,7.0,0.6,14.7
26,Miaoli,2024-05-25 23:00,19.0,2.7,14.5
25,Toufen,2024-05-25 23:00,17.0,2.7,8.0
24,Hsinchu,2024-05-25 23:00,18.0,1.0,6.8
23,Zhudong,2024-05-25 23:00,22.0,0.3,4.7
22,Hukou,2024-05-25 23:00,17.0,2.3,8.5
21,Longtan,2024-05-25 23:00,27.0,3.4,2.7
20,Pingzhen,2024-05-25 23:00,5.0,1.8,14.2
19,Guanyin,2024-05-25 23:00,12.0,0.7,15.0
18,Dayuan,2024-05-25 23:00,9.0,2.1,14.8
17,Taoyuan,2024-05-25 23:00,11.0,1.9,5.2
16,Datong,2024-05-25 23:00,13.0,0.9,0.9
15,Songshan,2024-05-25 23:00,11.0,0.7,5.4
14,Guting,2024-05-25 23:00,3.0,1.3,2.4
13,Wanhua,2024-05-25 23:00,13.0,0.6,2.9
12,Zhongshan,2024-05-25 23:00,10.0,0.4,0.0
11,Shilin,2024-05-25 23:00,19.0,1.6,0.9
10,Tamsui,2024-05-25 23:00,14.0,1.2,4.2
9,Linkou,2024-05-25 23:00,14.0,1.9,30.8
8,Cailiao,2024-05-25 23:00,11.0,1.2,0.0
7,Xinzhuang,2024-05-25 23:00,17.0,0.6,1.0
6,Banqiao,2024-05-25 23:00,7.0,1.0,1.5
5,Tucheng,2024-05-25 23:00,13.0,0.3,0.5
4,Xindian,2024-05-25 23:00,10.0,0.8,4.8
3,Wanli,2024-05-25 23:00,4.0,0.7,5.1
2,Xizhi,2024-05-25 23:00,11.0,0.6,0.7
1,Keelung,2024-05-25 23:00,12.0,0.3,0.2
313,Pingtung（fangshan）,2024-05-25 22:00,1.0,0.2,21.4
312,Taichung（Rilana Elementary）,2024-05-25 22:00,21.0,0.9,14.3
311,New Taipei(Shulin),2024-05-25 22:00,22.0,0.5,4.3
204,Pingtung（Liuqiu）,2024-05-25 22:00,6.0,0.6,17.2
203,Tainan（Madou）,2024-05-25 22:00,17.0,0.8,27.5
202,Kaohsiung（Hunei）,2024-05-25 22:00,12.0,0.9,37.6
201,Changhua（Yuanlin）,2024-05-25 22:00,26.0,2.0,10.1
85,Dacheng,2024-05-25 22:00,12.0,1.3,45.4
84,FugueiCape,2024-05-25 22:00,4.0,0.4,26.7
83,Mailiao,2024-05-25 22:00,16.0,1.7,28.1
80,Guanshan,2024-05-25 22:00,2.0,0.5,8.3
78,Magong,2024-05-25 22:00,8.0,0.8,36.8
77,Kinmen,2024-05-25 22:00,12.0,0.7,18.5
75,Matsu,2024-05-25 22:00,10.0,0.2,26.7
72,Puli,2024-05-25 22:00,16.0,1.8,15.0
71,Fuxing,2024-05-25 22:00,12.0,1.1,15.4
70,Yonghe,2024-05-25 22:00,5.0,0.9,5.0
69,Zhushan,2024-05-25 22:00,17.0,0.8,15.3
68,Zhongli,2024-05-25 22:00,11.0,3.6,5.5
67,Sanchong,2024-05-25 22:00,19.0,1.9,0.6
66,Dongshan,2024-05-25 22:00,7.0,0.0,13.1
65,Yilan,2024-05-25 22:00,7.0,0.7,10.2
64,Yangming,2024-05-25 22:00,2.0,0.9,25.7
63,Hualien,2024-05-25 22:00,,0.6,17.2
62,Taitung,2024-05-25 22:00,5.0,0.4,13.7
61,Hengchun,2024-05-25 22:00,3.0,0.3,16.1
60,Chaozhou,2024-05-25 22:00,11.0,0.4,12.4
59,Pingtung,2024-05-25 22:00,20.0,2.0,23.5
58,Xiaogang,2024-05-25 22:00,20.0,3.5,7.2
57,Qianzhen,2024-05-25 22:00,11.0,1.5,19.6
56,Qianjin,2024-05-25 22:00,7.0,0.8,45.6
54,Zuoying,2024-05-25 22:00,13.0,1.2,32.2
53,Nanzi,2024-05-25 22:00,11.0,1.2,30.7
52,Linyuan,2024-05-25 22:00,9.0,3.5,19.4
51,Daliao,2024-05-25 22:00,16.0,2.6,15.3
50,Fengshan,2024-05-25 22:00,13.0,1.8,17.6
49,Renwu,2024-05-25 22:00,11.0,1.4,27.3
48,Qiaotou,2024-05-25 22:00,10.0,1.0,35.1
47,Meinong,2024-05-25 22:00,17.0,1.6,23.3
46,Tainan,2024-05-25 22:00,17.0,1.7,41.9
45,Annan,2024-05-25 22:00,12.0,1.1,40.6
44,Shanhua,2024-05-25 22:00,15.0,1.1,21.0
43,Xinying,2024-05-25 22:00,18.0,0.7,27.3
42,Chiayi,2024-05-25 22:00,26.0,2.9,21.4
41,Taixi,2024-05-25 22:00,16.0,2.7,30.4
40,Puzi,2024-05-25 22:00,22.0,1.1,26.8
39,Xingang,2024-05-25 22:00,28.0,2.7,25.1
38,Lunbei,2024-05-25 22:00,42.0,1.8,18.6
37,Douliu,2024-05-25 22:00,27.0,2.9,16.9
36,Nantou,2024-05-25 22:00,18.0,0.6,14.0
35,Erlin,2024-05-25 22:00,30.0,2.6,14.9
34,Xianxi,2024-05-25 22:00,22.0,1.7,28.7
33,Changhua,2024-05-25 22:00,21.0,0.8,5.6
32,Xitun,2024-05-25 22:00,22.0,1.9,11.1
31,Zhongming,2024-05-25 22:00,16.0,0.9,7.8
30,Dali,2024-05-25 22:00,19.0,1.1,7.2
29,Shalu,2024-05-25 22:00,22.0,0.8,14.3
28,Fengyuan,2024-05-25 22:00,14.0,0.3,22.6
27,Sanyi,2024-05-25 22:00,11.0,0.7,12.1
26,Miaoli,2024-05-25 22:00,12.0,2.1,18.4
25,Toufen,2024-05-25 22:00,21.0,2.4,13.7
24,Hsinchu,2024-05-25 22:00,15.0,0.8,7.1
23,Zhudong,2024-05-25 22:00,22.0,0.5,5.6
22,Hukou,2024-05-25 22:00,21.0,1.9,12.3
21,Longtan,2024-05-25 22:00,20.0,2.9,2.3
20,Pingzhen,2024-05-25 22:00,9.0,2.4,11.4
19,Guanyin,2024-05-25 22:00,5.0,0.4,19.3
18,Dayuan,2024-05-25 22:00,12.0,3.4,15.7
17,Taoyuan,2024-05-25 22:00,11.0,1.6,5.0
16,Datong,2024-05-25 22:00,15.0,1.2,1.1
15,Songshan,2024-05-25 22:00,13.0,0.9,8.6
14,Guting,2024-05-25 22:00,6.0,1.1,7.6
13,Wanhua,2024-05-25 22:00,9.0,0.7,2.4
12,Zhongshan,2024-05-25 22:00,11.0,0.8,5.5
11,Shilin,2024-05-25 22:00,20.0,1.6,4.2
10,Tamsui,2024-05-25 22:00,18.0,1.8,13.4
9,Linkou,2024-05-25 22:00,13.0,1.9,30.4
8,Cailiao,2024-05-25 22:00,17.0,1.8,1.5
7,Xinzhuang,2024-05-25 22:00,17.0,0.8,2.4
6,Banqiao,2024-05-25 22:00,9.0,0.9,4.1
5,Tucheng,2024-05-25 22:00,14.0,0.2,1.5
4,Xindian,2024-05-25 22:00,9.0,0.8,7.6
3,Wanli,2024-05-25 22:00,5.0,0.6,8.2
2,Xizhi,2024-05-25 22:00,11.0,1.1,0.6
1,Keelung,2024-05-25 22:00,6.0,0.4,0.6
313,Pingtung（fangshan）,2024-05-25 21:00,0.0,0.2,23.2
312,Taichung（Rilana Elementary）,2024-05-25 21:00,18.0,0.6,14.7
311,New Taipei(Shulin),2024-05-25 21:00,19.0,0.9,5.1
204,Pingtung（Liuqiu）,2024-05-25 21:00,8.0,0.6,17.3
203,Tainan（Madou）,2024-05-25 21:00,15.0,0.8,30.4
202,Kaohsiung（Hunei）,2024-05-25 21:00,14.0,0.8,33.0
201,Changhua（Yuanlin）,2024-05-25 21:00,28.0,1.9,15.6
85,Dacheng,2024-05-25 21:00,9.0,1.0,41.4
84,FugueiCape,2024-05-25 21:00,7.0,0.4,25.2
83,Mailiao,2024-05-25 21:00,16.0,1.5,27.0
80,Guanshan,2024-05-25 21:00,3.0,0.5,10.5
78,Magong,2024-05-25 21:00,8.0,0.7,35.4
77,Kinmen,2024-05-25 21:00,9.0,0.7,22.7
75,Matsu,2024-05-25 21:00,8.0,0.3,31.0
72,Puli,2024-05-25 21:00,17.0,1.7,24.4
71,Fuxing,2024-05-25 21:00,20.0,1.3,14.7
70,Yonghe,2024-05-25 21:00,7.0,0.9,3.7
69,Zhushan,2024-05-25 21:00,21.0,1.1,21.7
68,Zhongli,2024-05-25 21:00,41.0,3.3,1.6
67,Sanchong,2024-05-25 21:00,21.0,2.0,2.3
66,Dongshan,2024-05-25 21:00,10.0,0.0,14.6
65,Yilan,2024-05-25 21:00,3.0,0.7,15.7
64,Yangming,2024-05-25 21:00,8.0,1.0,29.0
63,Hualien,2024-05-25 21:00,7.0,0.6,15.0
62,Taitung,2024-05-25 21:00,4.0,0.4,12.9
61,Hengchun,2024-05-25 21:00,3.0,0.3,17.4
60,Chaozhou,2024-05-25 21:00,12.0,0.6,14.2
59,Pingtung,2024-05-25 21:00,10.0,2.4,24.8
58,Xiaogang,2024-05-25 21:00,12.0,2.0,13.8
57,Qianzhen,2024-05-25 21:00,16.0,1.3,15.5
56,Qianjin,2024-05-25 21:00,9.0,0.5,36.1
54,Zuoying,2024-05-25 21:00,9.0,1.3,24.9
53,Nanzi,2024-05-25 21:00,10.0,1.2,23.8
52,Linyuan,2024-05-25 21:00,,,
51,Daliao,2024-05-25 21:00,16.0,4.9,14.6
50,Fengshan,2024-05-25 21:00,11.0,1.4,23.2
49,Renwu,2024-05-25 21:00,14.0,1.6,23.6
48,Qiaotou,2024-05-25 21:00,13.0,1.1,24.9
47,Meinong,2024-05-25 21:00,25.0,1.7,28.4
46,Tainan,2024-05-25 21:00,15.0,1.6,42.4
45,Annan,2024-05-25 21:00,8.0,0.9,35.5
44,Shanhua,2024-05-25 21:00,17.0,1.0,21.2
43,Xinying,2024-05-25 21:00,17.0,0.9,30.2
42,Chiayi,2024-05-25 21:00,23.0,2.6,25.5
41,Taixi,2024-05-25 21:00,8.0,1.4,32.8
40,Puzi,2024-05-25 21:00,24.0,1.2,26.4
39,Xingang,2024-05-25 21:00,26.0,2.2,28.8
38,Lunbei,2024-05-25 21:00,26.0,1.3,20.6
37,Douliu,2024-05-25 21:00,27.0,3.2,18.5
36,Nantou,2024-05-25 21:00,16.0,0.8,18.6
35,Erlin,2024-05-25 21:00,26.0,2.8,18.1
34,Xianxi,2024-05-25 21:00,18.0,1.3,21.4
33,Changhua,2024-05-25 21:00,18.0,0.8,8.4
32,Xitun,2024-05-25 21:00,18.0,1.7,20.5
31,Zhongming,2024-05-25 21:00,20.0,1.2,17.7
30,Dali,2024-05-25 21:00,21.0,1.7,11.4
29,Shalu,2024-05-25 21:00,16.0,0.8,22.3
28,Fengyuan,2024-05-25 21:00,15.0,0.5,20.5
27,Sanyi,2024-05-25 21:00,12.0,0.9,17.7
26,Miaoli,2024-05-25 21:00,19.0,2.1,19.0
25,Toufen,2024-05-25 21:00,16.0,2.8,17.3
24,Hsinchu,2024-05-25 21:00,14.0,0.8,13.4
23,Zhudong,2024-05-25 21:00,16.0,0.4,8.0
22,Hukou,2024-05-25 21:00,20.0,2.2,16.9
21,Longtan,2024-05-25 21:00,25.0,3.1,8.0
20,Pingzhen,2024-05-25 21:00,14.0,1.8,4.8
19,Guanyin,2024-05-25 21:00,17.0,0.7,18.3
18,Dayuan,2024-05-25 21:00,9.0,3.1,10.4
17,Taoyuan,2024-05-25 21:00,14.0,2.7,9.7
16,Datong,2024-05-25 21:00,26.0,1.8,3.7
15,Songshan,2024-05-25 21:00,15.0,0.9,4.2
14,Guting,2024-05-25 21:00,8.0,1.2,4.7
13,Wanhua,2024-05-25 21:00,16.0,2.0,7.5
12,Zhongshan,2024-05-25 21:00,16.0,1.6,8.9
11,Shilin,2024-05-25 21:00,24.0,1.5,3.7
10,Tamsui,2024-05-25 21:00,17.0,1.7,11.2
9,Linkou,2024-05-25 21:00,10.0,1.7,24.7
8,Cailiao,2024-05-25 21:00,23.0,2.6,9.9
7,Xinzhuang,2024-05-25 21:00,14.0,1.3,10.5
6,Banqiao,2024-05-25 21:00,5.0,0.6,6.2
5,Tucheng,2024-05-25 21:00,10.0,0.2,0.9
4,Xindian,2024-05-25 21:00,7.0,0.8,8.1
3,Wanli,2024-05-25 21:00,8.0,0.7,8.8
2,Xizhi,2024-05-25 21:00,10.0,0.8,3.5
1,Keelung,2024-05-25 21:00,5.0,0.4,1.1
313,Pingtung（fangshan）,2024-05-25 20:00,0.0,0.2,22.7
312,Taichung（Rilana Elementary）,2024-05-25 20:00,19.0,0.7,20.5
311,New Taipei(Shulin),2024-05-25 20:00,21.0,1.7,7.4
204,Pingtung（Liuqiu）,2024-05-25 20:00,15.0,0.8,18.5
203,Tainan（Madou）,2024-05-25 20:00,16.0,0.8,34.4
202,Kaohsiung（Hunei）,2024-05-25 20:00,15.0,0.9,27.5
201,Changhua（Yuanlin）,2024-05-25 20:00,19.0,1.8,16.6
85,Dacheng,2024-05-25 20:00,17.0,1.1,43.8
84,FugueiCape,2024-05-25 20:00,8.0,0.5,27.6
83,Mailiao,2024-05-25 20:00,14.0,1.3,35.5
80,Guanshan,2024-05-25 20:00,4.0,0.6,15.3
78,Magong,2024-05-25 20:00,9.0,0.6,34.9
77,Kinmen,2024-05-25 20:00,8.0,0.7,23.3
75,Matsu,2024-05-25 20:00,20.0,0.2,27.2
72,Puli,2024-05-25 20:00,24.0,2.0,35.2
71,Fuxing,2024-05-25 20:00,13.0,1.5,16.8
70,Yonghe,2024-05-25 20:00,7.0,0.8,5.8
69,Zhushan,2024-05-25 20:00,28.0,1.3,31.2
68,Zhongli,2024-05-25 20:00,11.0,2.5,4.2
67,Sanchong,2024-05-25 20:00,17.0,2.3,5.7
66,Dongshan,2024-05-25 20:00,10.0,0.0,10.6
65,Yilan,2024-05-25 20:00,5.0,0.6,19.0
64,Yangming,2024-05-25 20:00,14.0,0.9,26.3
63,Hualien,2024-05-25 20:00,9.0,0.5,28.3
62,Taitung,2024-05-25 20:00,6.0,0.5,16.5
61,Hengchun,2024-05-25 20:00,4.0,0.2,18.6
60,Chaozhou,2024-05-25 20:00,11.0,1.2,14.8
59,Pingtung,2024-05-25 20:00,9.0,3.8,23.6
58,Xiaogang,2024-05-25 20:00,11.0,1.8,17.4
57,Qianzhen,2024-05-25 20:00,15.0,1.4,18.6
56,Qianjin,2024-05-25 20:00,12.0,0.4,36.5
54,Zuoying,2024-05-25 20:00,10.0,1.2,32.4
53,Nanzi,2024-05-25 20:00,12.0,1.0,28.7
52,Linyuan,2024-05-25 20:00,15.0,1.9,20.5
51,Daliao,2024-05-25 20:00,14.0,4.4,19.3
50,Fengshan,2024-05-25 20:00,8.0,1.6,22.2
49,Renwu,2024-05-25 20:00,12.0,1.5,22.7
48,Qiaotou,2024-05-25 20:00,14.0,1.1,28.2
47,Meinong,2024-05-25 20:00,13.0,2.7,29.9
46,Tainan,2024-05-25 20:00,17.0,1.7,47.1
45,Annan,2024-05-25 20:00,9.0,1.1,37.6
44,Shanhua,2024-05-25 20:00,16.0,1.0,25.9
43,Xinying,2024-05-25 20:00,17.0,0.8,36.0
42,Chiayi,2024-05-25 20:00,22.0,2.9,29.7
41,Taixi,2024-05-25 20:00,7.0,1.4,41.6
40,Puzi,2024-05-25 20:00,26.0,1.1,27.7
39,Xingang,2024-05-25 20:00,24.0,1.7,30.4
38,Lunbei,2024-05-25 20:00,22.0,1.5,25.6
37,Douliu,2024-05-25 20:00,28.0,3.2,23.1
36,Nantou,2024-05-25 20:00,16.0,0.9,29.0
35,Erlin,2024-05-25 20:00,23.0,4.4,25.1
34,Xianxi,2024-05-25 20:00,15.0,1.4,26.0
33,Changhua,2024-05-25 20:00,12.0,0.8,16.8
32,Xitun,2024-05-25 20:00,23.0,1.5,28.4
31,Zhongming,2024-05-25 20:00,20.0,1.1,27.7
30,Dali,2024-05-25 20:00,17.0,1.8,23.1
29,Shalu,2024-05-25 20:00,17.0,0.9,24.2
28,Fengyuan,2024-05-25 20:00,18.0,0.8,23.6
27,Sanyi,2024-05-25 20:00,16.0,0.6,27.6
26,Miaoli,2024-05-25 20:00,10.0,2.5,27.2
25,Toufen,2024-05-25 20:00,17.0,2.4,20.4
24,Hsinchu,2024-05-25 20:00,8.0,1.2,20.3
23,Zhudong,2024-05-25 20:00,15.0,0.6,19.5
22,Hukou,2024-05-25 20:00,18.0,2.5,25.8
21,Longtan,2024-05-25 20:00,19.0,3.1,15.1
20,Pingzhen,2024-05-25 20:00,10.0,1.3,11.7
19,Guanyin,2024-05-25 20:00,9.0,0.4,22.5
18,Dayuan,2024-05-25 20:00,4.0,2.0,23.6
17,Taoyuan,2024-05-25 20:00,18.0,4.5,9.7
16,Datong,2024-05-25 20:00,28.0,2.1,9.9
15,Songshan,2024-05-25 20:00,11.0,0.4,4.8
14,Guting,2024-05-25 20:00,5.0,1.2,8.6
13,Wanhua,2024-05-25 20:00,14.0,1.6,8.7
12,Zhongshan,2024-05-25 20:00,17.0,1.9,10.1
11,Shilin,2024-05-25 20:00,17.0,2.4,9.5
10,Tamsui,2024-05-25 20:00,14.0,1.9,11.1
9,Linkou,2024-05-25 20:00,6.0,1.9,21.0
8,Cailiao,2024-05-25 20:00,16.0,2.6,13.5
7,Xinzhuang,2024-05-25 20:00,18.0,1.7,7.6
6,Banqiao,2024-05-25 20:00,5.0,0.7,7.4
5,Tucheng,2024-05-25 20:00,10.0,0.3,3.2
4,Xindian,2024-05-25 20:00,10.0,0.9,11.9
3,Wanli,2024-05-25 20:00,7.0,0.8,8.8
2,Xizhi,2024-05-25 20:00,14.0,1.5,4.1
1,Keelung,2024-05-25 20:00,6.0,0.5,0.9
313,Pingtung（fangshan）,2024-05-25 19:00,0.0,0.1,23.5
312,Taichung（Rilana Elementary）,2024-05-25 19:00,16.0,1.0,31.4
311,New Taipei(Shulin),2024-05-25 19:00,28.0,6.2,12.2
204,Pingtung（Liuqiu）,2024-05-25 19:00,4.0,0.7,22.0
203,Tainan（Madou）,2024-05-25 19:00,13.0,0.9,43.1
202,Kaohsiung（Hunei）,2024-05-25 19:00,10.0,0.6,28.1
201,Changhua（Yuanlin）,2024-05-25 19:00,16.0,1.9,22.8
85,Dacheng,2024-05-25 19:00,8.0,1.1,47.5
84,FugueiCape,2024-05-25 19:00,9.0,0.8,43.2
83,Mailiao,2024-05-25 19:00,15.0,1.4,42.0
80,Guanshan,2024-05-25 19:00,4.0,0.5,16.6
78,Magong,2024-05-25 19:00,5.0,0.8,26.4
77,Kinmen,2024-05-25 19:00,8.0,0.8,24.9
75,Matsu,2024-05-25 19:00,26.0,0.4,30.6
72,Puli,2024-05-25 19:00,17.0,2.1,50.8
71,Fuxing,2024-05-25 19:00,7.0,1.3,29.1
70,Yonghe,2024-05-25 19:00,7.0,0.7,10.6
69,Zhushan,2024-05-25 19:00,30.0,1.9,41.4
68,Zhongli,2024-05-25 19:00,13.0,2.3,12.5
67,Sanchong,2024-05-25 19:00,20.0,3.0,4.5
66,Dongshan,2024-05-25 19:00,7.0,0.0,19.2
65,Yilan,2024-05-25 19:00,8.0,0.7,23.8
64,Yangming,2024-05-25 19:00,7.0,0.8,31.4
63,Hualien,2024-05-25 19:00,6.0,0.4,34.9
62,Taitung,2024-05-25 19:00,6.0,0.5,16.5
61,Hengchun,2024-05-25 19:00,3.0,0.3,18.6
60,Chaozhou,2024-05-25 19:00,9.0,0.9,21.7
59,Pingtung,2024-05-25 19:00,6.0,5.7,21.5
58,Xiaogang,2024-05-25 19:00,8.0,1.8,17.2
57,Qianzhen,2024-05-25 19:00,10.0,1.6,29.0
56,Qianjin,2024-05-25 19:00,3.0,0.6,31.9
54,Zuoying,2024-05-25 19:00,14.0,1.1,31.7
53,Nanzi,2024-05-25 19:00,11.0,1.0,30.7
52,Linyuan,2024-05-25 19:00,9.0,1.1,21.5
51,Daliao,2024-05-25 19:00,12.0,4.9,17.2
50,Fengshan,2024-05-25 19:00,8.0,1.3,26.7
49,Renwu,2024-05-25 19:00,20.0,1.6,28.1
48,Qiaotou,2024-05-25 19:00,7.0,1.0,29.9
47,Meinong,2024-05-25 19:00,7.0,2.5,30.3
46,Tainan,2024-05-25 19:00,13.0,1.8,43.5
45,Annan,2024-05-25 19:00,19.0,1.8,49.3
44,Shanhua,2024-05-25 19:00,16.0,1.5,48.1
43,Xinying,2024-05-25 19:00,9.0,0.7,40.2
42,Chiayi,2024-05-25 19:00,17.0,2.0,36.5
41,Taixi,2024-05-25 19:00,7.0,1.5,43.6
40,Puzi,2024-05-25 19:00,20.0,1.6,36.5
39,Xingang,2024-05-25 19:00,21.0,1.6,42.0
38,Lunbei,2024-05-25 19:00,27.0,1.4,27.2
37,Douliu,2024-05-25 19:00,33.0,3.1,37.7
36,Nantou,2024-05-25 19:00,16.0,0.6,35.5
35,Erlin,2024-05-25 19:00,30.0,4.5,31.8
34,Xianxi,2024-05-25 19:00,12.0,2.7,28.0
33,Changhua,2024-05-25 19:00,8.0,0.8,24.5
32,Xitun,2024-05-25 19:00,14.0,1.8,37.2
31,Zhongming,2024-05-25 19:00,14.0,0.8,32.6
30,Dali,2024-05-25 19:00,12.0,1.4,32.8
29,Shalu,2024-05-25 19:00,11.0,1.2,23.5
28,Fengyuan,2024-05-25 19:00,17.0,1.0,31.4
27,Sanyi,2024-05-25 19:00,14.0,0.8,36.1
26,Miaoli,2024-05-25 19:00,11.0,2.6,33.7
25,Toufen,2024-05-25 19:00,8.0,2.6,29.2
24,Hsinchu,2024-05-25 19:00,12.0,1.7,25.5
23,Zhudong,2024-05-25 19:00,14.0,0.8,30.6
22,Hukou,2024-05-25 19:00,12.0,1.6,30.8
21,Longtan,2024-05-25 19:00,14.0,3.0,24.3
20,Pingzhen,2024-05-25 19:00,7.0,1.5,23.3
19,Guanyin,2024-05-25 19:00,5.0,0.3,30.2
18,Dayuan,2024-05-25 19:00,5.0,2.0,27.0
17,Taoyuan,2024-05-25 19:00,14.0,4.4,18.1
16,Datong,2024-05-25 19:00,20.0,2.1,8.4
15,Songshan,2024-05-25 19:00,11.0,0.5,11.6
14,Guting,2024-05-25 19:00,7.0,1.3,9.3
13,Wanhua,2024-05-25 19:00,17.0,2.4,16.6
12,Zhongshan,2024-05-25 19:00,18.0,1.9,10.8
11,Shilin,2024-05-25 19:00,16.0,2.3,18.2
10,Tamsui,2024-05-25 19:00,11.0,2.4,25.0
9,Linkou,2024-05-25 19:00,7.0,2.4,26.3
8,Cailiao,2024-05-25 19:00,18.0,3.4,17.3
7,Xinzhuang,2024-05-25 19:00,14.0,1.8,17.7
6,Banqiao,2024-05-25 19:00,5.0,0.8,13.1
5,Tucheng,2024-05-25 19:00,10.0,0.4,15.4
4,Xindian,2024-05-25 19:00,10.0,1.0,13.4
3,Wanli,2024-05-25 19:00,6.0,1.0,14.2
2,Xizhi,2024-05-25 19:00,13.0,1.4,10.6
1,Keelung,2024-05-25 19:00,5.0,2.1,2.7
313,Pingtung（fangshan）,2024-05-25 18:00,0.0,0.4,24.2
312,Taichung（Rilana Elementary）,2024-05-25 18:00,17.0,0.8,35.8
311,New Taipei(Shulin),2024-05-25 18:00,20.0,5.4,16.9
204,Pingtung（Liuqiu）,2024-05-25 18:00,4.0,0.7,21.6
203,Tainan（Madou）,2024-05-25 18:00,15.0,1.2,55.6
202,Kaohsiung（Hunei）,2024-05-25 18:00,9.0,1.2,36.5
201,Changhua（Yuanlin）,2024-05-25 18:00,14.0,2.2,34.6
85,Dacheng,2024-05-25 18:00,10.0,1.0,48.3
84,FugueiCape,2024-05-25 18:00,11.0,0.8,48.9
83,Mailiao,2024-05-25 18:00,13.0,,36.4
80,Guanshan,2024-05-25 18:00,5.0,0.5,21.6
78,Magong,2024-05-25 18:00,5.0,0.8,29.6
77,Kinmen,2024-05-25 18:00,4.0,0.7,31.8
75,Matsu,2024-05-25 18:00,13.0,0.5,35.8
72,Puli,2024-05-25 18:00,17.0,2.0,56.2
71,Fuxing,2024-05-25 18:00,4.0,1.2,25.0
70,Yonghe,2024-05-25 18:00,7.0,0.9,13.4
69,Zhushan,2024-05-25 18:00,20.0,2.1,48.0
68,Zhongli,2024-05-25 18:00,15.0,2.2,12.2
67,Sanchong,2024-05-25 18:00,19.0,2.5,13.0
66,Dongshan,2024-05-25 18:00,6.0,0.1,30.3
65,Yilan,2024-05-25 18:00,0.0,0.7,28.6
64,Yangming,2024-05-25 18:00,13.0,0.5,30.5
63,Hualien,2024-05-25 18:00,5.0,0.4,34.0
62,Taitung,2024-05-25 18:00,5.0,0.4,19.2
61,Hengchun,2024-05-25 18:00,3.0,0.4,16.4
60,Chaozhou,2024-05-25 18:00,8.0,0.6,21.8
59,Pingtung,2024-05-25 18:00,8.0,3.0,20.5
58,Xiaogang,2024-05-25 18:00,8.0,1.6,15.9
57,Qianzhen,2024-05-25 18:00,5.0,1.6,23.3
56,Qianjin,2024-05-25 18:00,16.0,0.9,22.2
54,Zuoying,2024-05-25 18:00,30.0,1.4,26.6
53,Nanzi,2024-05-25 18:00,11.0,1.0,37.5
52,Linyuan,2024-05-25 18:00,8.0,0.5,24.3
51,Daliao,2024-05-25 18:00,11.0,1.9,16.1
50,Fengshan,2024-05-25 18:00,8.0,1.7,20.0
49,Renwu,2024-05-25 18:00,13.0,1.2,40.5
48,Qiaotou,2024-05-25 18:00,10.0,0.9,35.6
47,Meinong,2024-05-25 18:00,16.0,1.4,45.8
46,Tainan,2024-05-25 18:00,14.0,2.0,50.3
45,Annan,2024-05-25 18:00,13.0,1.6,57.1
44,Shanhua,2024-05-25 18:00,13.0,1.6,53.3
43,Xinying,2024-05-25 18:00,8.0,0.9,40.1
42,Chiayi,2024-05-25 18:00,13.0,1.9,41.4
41,Taixi,2024-05-25 18:00,12.0,1.5,39.8
40,Puzi,2024-05-25 18:00,16.0,1.6,38.9
39,Xingang,2024-05-25 18:00,18.0,1.5,44.9
38,Lunbei,2024-05-25 18:00,21.0,1.5,36.0
37,Douliu,2024-05-25 18:00,11.0,3.6,35.8
36,Nantou,2024-05-25 18:00,13.0,0.5,41.9
35,Erlin,2024-05-25 18:00,18.0,4.4,33.8
34,Xianxi,2024-05-25 18:00,14.0,4.2,30.5
33,Changhua,2024-05-25 18:00,5.0,0.8,28.1
32,Xitun,2024-05-25 18:00,16.0,1.7,41.7
31,Zhongming,2024-05-25 18:00,15.0,0.9,37.7
30,Dali,2024-05-25 18:00,14.0,1.4,40.8
29,Shalu,2024-05-25 18:00,17.0,1.1,28.1
28,Fengyuan,2024-05-25 18:00,13.0,1.1,35.6
27,Sanyi,2024-05-25 18:00,13.0,1.0,39.5
26,Miaoli,2024-05-25 18:00,10.0,2.5,34.6
25,Toufen,2024-05-25 18:00,10.0,4.2,28.8
24,Hsinchu,2024-05-25 18:00,6.0,2.2,32.1
23,Zhudong,2024-05-25 18:00,11.0,0.9,33.8
22,Hukou,2024-05-25 18:00,10.0,1.6,35.5
21,Longtan,2024-05-25 18:00,14.0,2.6,33.7
20,Pingzhen,2024-05-25 18:00,10.0,1.7,26.6
19,Guanyin,2024-05-25 18:00,6.0,0.4,30.8
18,Dayuan,2024-05-25 18:00,4.0,1.8,34.2
17,Taoyuan,2024-05-25 18:00,20.0,3.7,23.8
16,Datong,2024-05-25 18:00,24.0,1.8,21.8
15,Songshan,2024-05-25 18:00,24.0,1.1,31.9
14,Guting,2024-05-25 18:00,8.0,,13.5
13,Wanhua,2024-05-25 18:00,16.0,1.8,28.1
12,Zhongshan,2024-05-25 18:00,19.0,1.8,26.4
11,Shilin,2024-05-25 18:00,19.0,1.9,32.3
10,Tamsui,2024-05-25 18:00,15.0,2.2,24.6
9,Linkou,2024-05-25 18:00,10.0,2.6,28.7
8,Cailiao,2024-05-25 18:00,12.0,2.8,26.2
7,Xinzhuang,2024-05-25 18:00,14.0,1.7,25.7
6,Banqiao,2024-05-25 18:00,7.0,1.7,28.1
5,Tucheng,2024-05-25 18:00,21.0,2.0,27.6
4,Xindian,2024-05-25 18:00,9.0,0.9,15.0
3,Wanli,2024-05-25 18:00,3.0,1.3,27.0
2,Xizhi,2024-05-25 18:00,11.0,1.0,16.8
1,Keelung,2024-05-25 18:00,9.0,3.1,4.4
313,Pingtung（fangshan）,2024-05-25 17:00,0.0,0.4,25.4
312,Taichung（Rilana Elementary）,2024-05-25 17:00,18.0,1.0,37.4
311,New Taipei(Shulin),2024-05-25 17:00,18.0,3.1,22.9
204,Pingtung（Liuqiu）,2024-05-25 17:00,4.0,0.7,22.8
203,Tainan（Madou）,2024-05-25 17:00,15.0,1.5,54.7
202,Kaohsiung（Hunei）,2024-05-25 17:00,10.0,1.6,60.5
201,Changhua（Yuanlin）,2024-05-25 17:00,16.0,2.1,48.8
85,Dacheng,2024-05-25 17:00,10.0,1.1,45.2
84,FugueiCape,2024-05-25 17:00,6.0,0.2,41.8
83,Mailiao,2024-05-25 17:00,14.0,,39.4
80,Guanshan,2024-05-25 17:00,7.0,0.6,23.5
78,Magong,2024-05-25 17:00,0.0,0.7,35.8
77,Kinmen,2024-05-25 17:00,20.0,1.3,39.6
75,Matsu,2024-05-25 17:00,7.0,0.5,37.2
72,Puli,2024-05-25 17:00,13.0,2.0,67.5
71,Fuxing,2024-05-25 17:00,6.0,1.1,18.2
70,Yonghe,2024-05-25 17:00,8.0,1.4,20.7
69,Zhushan,2024-05-25 17:00,22.0,2.9,53.0
68,Zhongli,2024-05-25 17:00,8.0,2.5,19.0
67,Sanchong,2024-05-25 17:00,21.0,2.1,19.1
66,Dongshan,2024-05-25 17:00,3.0,0.0,27.8
65,Yilan,2024-05-25 17:00,0.0,0.8,34.4
64,Yangming,2024-05-25 17:00,14.0,0.6,35.8
63,Hualien,2024-05-25 17:00,5.0,0.3,34.8
62,Taitung,2024-05-25 17:00,3.0,0.4,27.6
61,Hengchun,2024-05-25 17:00,2.0,0.2,15.5
60,Chaozhou,2024-05-25 17:00,5.0,0.6,23.6
59,Pingtung,2024-05-25 17:00,8.0,3.5,26.0
58,Xiaogang,2024-05-25 17:00,8.0,1.2,22.3
57,Qianzhen,2024-05-25 17:00,6.0,1.4,16.5
56,Qianjin,2024-05-25 17:00,4.0,0.7,20.2
54,Zuoying,2024-05-25 17:00,12.0,1.2,39.0
53,Nanzi,2024-05-25 17:00,7.0,1.4,45.0
52,Linyuan,2024-05-25 17:00,7.0,0.6,26.1
51,Daliao,2024-05-25 17:00,6.0,0.9,21.5
50,Fengshan,2024-05-25 17:00,11.0,3.8,25.1
49,Renwu,2024-05-25 17:00,11.0,1.4,47.1
48,Qiaotou,2024-05-25 17:00,11.0,1.2,46.9
47,Meinong,2024-05-25 17:00,15.0,1.7,58.8
46,Tainan,2024-05-25 17:00,12.0,1.9,62.3
45,Annan,2024-05-25 17:00,13.0,1.5,61.7
44,Shanhua,2024-05-25 17:00,20.0,1.7,55.0
43,Xinying,2024-05-25 17:00,11.0,1.3,51.2
42,Chiayi,2024-05-25 17:00,11.0,1.8,47.8
41,Taixi,2024-05-25 17:00,,1.6,54.8
40,Puzi,2024-05-25 17:00,12.0,1.4,45.4
39,Xingang,2024-05-25 17:00,14.0,1.4,50.5
38,Lunbei,2024-05-25 17:00,17.0,1.5,44.7
37,Douliu,2024-05-25 17:00,18.0,3.0,49.0
36,Nantou,2024-05-25 17:00,6.0,0.5,44.7
35,Erlin,2024-05-25 17:00,19.0,3.4,44.3
34,Xianxi,2024-05-25 17:00,9.0,3.9,34.1
33,Changhua,2024-05-25 17:00,9.0,,
32,Xitun,2024-05-25 17:00,17.0,1.9,43.3
31,Zhongming,2024-05-25 17:00,12.0,1.0,48.7
30,Dali,2024-05-25 17:00,10.0,1.2,48.4
29,Shalu,2024-05-25 17:00,10.0,1.0,28.9
28,Fengyuan,2024-05-25 17:00,18.0,1.1,39.1
27,Sanyi,2024-05-25 17:00,18.0,1.0,43.4
26,Miaoli,2024-05-25 17:00,14.0,,
25,Toufen,2024-05-25 17:00,16.0,3.3,30.6
24,Hsinchu,2024-05-25 17:00,10.0,1.0,35.6
23,Zhudong,2024-05-25 17:00,12.0,0.9,35.0
22,Hukou,2024-05-25 17:00,11.0,1.9,35.7
21,Longtan,2024-05-25 17:00,9.0,2.6,35.0
20,Pingzhen,2024-05-25 17:00,8.0,2.1,32.4
19,Guanyin,2024-05-25 17:00,5.0,0.2,37.7
18,Dayuan,2024-05-25 17:00,6.0,1.8,36.5
17,Taoyuan,2024-05-25 17:00,11.0,3.6,28.2
16,Datong,2024-05-25 17:00,21.0,1.7,28.7
15,Songshan,2024-05-25 17:00,23.0,1.1,39.9
14,Guting,2024-05-25 17:00,12.0,2.0,29.7
13,Wanhua,2024-05-25 17:00,18.0,2.2,36.5
12,Zhongshan,2024-05-25 17:00,17.0,1.7,33.1
11,Shilin,2024-05-25 17:00,15.0,1.8,32.2
10,Tamsui,2024-05-25 17:00,12.0,1.5,24.7
9,Linkou,2024-05-25 17:00,11.0,2.6,28.8
8,Cailiao,2024-05-25 17:00,13.0,2.7,40.9
7,Xinzhuang,2024-05-25 17:00,16.0,1.8,33.2
6,Banqiao,2024-05-25 17:00,19.0,2.4,40.0
5,Tucheng,2024-05-25 17:00,26.0,2.3,48.3
4,Xindian,2024-05-25 17:00,7.0,0.8,20.6
3,Wanli,2024-05-25 17:00,5.0,1.1,29.2
2,Xizhi,2024-05-25 17:00,8.0,0.7,28.2
1,Keelung,2024-05-25 17:00,10.0,1.7,7.5